{
  "__type__": "cc.EffectAsset",
  "_name": "../efk_09/Pixel_02",
  "_objFlags": 0,
  "__editorExtras__": {},
  "_native": "",
  "techniques": [
    {
      "name": "user",
      "passes": [
        {
          "program": "../efk_09/Pixel_02|user_vs:vert|user_fs:frag",
          "properties": {
            "uMatCamera": {
              "editor": {
                "visible": false
              },
              "type": 25
            },
            "uMatProjection": {
              "editor": {
                "visible": false
              },
              "type": 25
            },
            "mUVInversed": {
              "editor": {
                "visible": false
              },
              "type": 16
            },
            "predefined_uniform": {
              "editor": {
                "visible": false
              },
              "type": 16
            },
            "cameraPosition": {
              "editor": {
                "visible": false
              },
              "type": 16
            },
            "efk_uniform_273": {
              "editor": {
                "visible": false
              },
              "type": 16
            },
            "efk_uniform_275": {
              "editor": {
                "visible": false
              },
              "type": 16
            },
            "efk_uniform_430": {
              "editor": {
                "visible": false
              },
              "type": 16
            },
            "efk_uniform_432": {
              "editor": {
                "visible": false
              },
              "type": 16
            },
            "mUVInversedBack": {
              "editor": {
                "visible": false
              },
              "type": 16
            },
            "reconstructionParam1": {
              "editor": {
                "visible": false
              },
              "type": 16
            },
            "reconstructionParam2": {
              "editor": {
                "visible": false
              },
              "type": 16
            },
            "lightDirection": {
              "editor": {
                "visible": false
              },
              "type": 16
            },
            "lightColor": {
              "editor": {
                "visible": false
              },
              "type": 16
            },
            "lightAmbientColor": {
              "editor": {
                "visible": false
              },
              "type": 16
            }
          }
        }
      ]
    },
    {
      "name": "model",
      "passes": [
        {
          "program": "../efk_09/Pixel_02|model_vs:vert|model_fs:frag",
          "properties": {
            "ProjectionMatrix": {
              "editor": {
                "visible": false
              },
              "type": 25
            },
            "ModelMatrix": {
              "editor": {
                "visible": false
              },
              "type": 25
            },
            "UVOffset": {
              "editor": {
                "visible": false
              },
              "type": 16
            },
            "ModelColor": {
              "editor": {
                "visible": false
              },
              "type": 16
            },
            "mUVInversed": {
              "editor": {
                "visible": false
              },
              "type": 16
            },
            "predefined_uniform": {
              "editor": {
                "visible": false
              },
              "type": 16
            },
            "cameraPosition": {
              "editor": {
                "visible": false
              },
              "type": 16
            },
            "customData1": {
              "editor": {
                "visible": false
              },
              "type": 16
            },
            "customData2": {
              "editor": {
                "visible": false
              },
              "type": 16
            },
            "efk_uniform_273": {
              "editor": {
                "visible": false
              },
              "type": 16
            },
            "efk_uniform_275": {
              "editor": {
                "visible": false
              },
              "type": 16
            },
            "efk_uniform_430": {
              "editor": {
                "visible": false
              },
              "type": 16
            },
            "efk_uniform_432": {
              "editor": {
                "visible": false
              },
              "type": 16
            },
            "mUVInversedBack": {
              "editor": {
                "visible": false
              },
              "type": 16
            },
            "reconstructionParam1": {
              "editor": {
                "visible": false
              },
              "type": 16
            },
            "reconstructionParam2": {
              "editor": {
                "visible": false
              },
              "type": 16
            },
            "lightDirection": {
              "editor": {
                "visible": false
              },
              "type": 16
            },
            "lightColor": {
              "editor": {
                "visible": false
              },
              "type": 16
            },
            "lightAmbientColor": {
              "editor": {
                "visible": false
              },
              "type": 16
            }
          }
        }
      ]
    }
  ],
  "shaders": [
    {
      "blocks": [
        {
          "name": "VSBlock",
          "members": [
            {
              "name": "uMatCamera",
              "type": 25,
              "count": 1
            },
            {
              "name": "uMatProjection",
              "type": 25,
              "count": 1
            },
            {
              "name": "mUVInversed",
              "type": 16,
              "count": 1
            }
          ],
          "defines": [],
          "stageFlags": 1,
          "binding": 0
        },
        {
          "name": "EFK_COMMON",
          "members": [
            {
              "name": "predefined_uniform",
              "type": 16,
              "count": 1
            },
            {
              "name": "cameraPosition",
              "type": 16,
              "count": 1
            }
          ],
          "defines": [],
          "stageFlags": 17,
          "binding": 1
        },
        {
          "name": "EFK_UNIFORM_GRADIENT",
          "members": [
            {
              "name": "efk_uniform_273",
              "type": 16,
              "count": 1
            },
            {
              "name": "efk_uniform_275",
              "type": 16,
              "count": 1
            },
            {
              "name": "efk_uniform_430",
              "type": 16,
              "count": 1
            },
            {
              "name": "efk_uniform_432",
              "type": 16,
              "count": 1
            }
          ],
          "defines": [],
          "stageFlags": 17,
          "binding": 2
        },
        {
          "name": "FSBlock",
          "members": [
            {
              "name": "mUVInversedBack",
              "type": 16,
              "count": 1
            },
            {
              "name": "reconstructionParam1",
              "type": 16,
              "count": 1
            },
            {
              "name": "reconstructionParam2",
              "type": 16,
              "count": 1
            },
            {
              "name": "lightDirection",
              "type": 16,
              "count": 1
            },
            {
              "name": "lightColor",
              "type": 16,
              "count": 1
            },
            {
              "name": "lightAmbientColor",
              "type": 16,
              "count": 1
            }
          ],
          "defines": [],
          "stageFlags": 16,
          "binding": 3
        }
      ],
      "samplerTextures": [
        {
          "name": "efk_background",
          "type": 28,
          "count": 1,
          "defines": [],
          "stageFlags": 17,
          "binding": 4
        },
        {
          "name": "efk_depth",
          "type": 28,
          "count": 1,
          "defines": [],
          "stageFlags": 17,
          "binding": 5
        }
      ],
      "samplers": [],
      "textures": [],
      "buffers": [],
      "images": [],
      "subpassInputs": [],
      "attributes": [
        {
          "name": "Input_Pos",
          "defines": [],
          "format": 32,
          "location": 0
        },
        {
          "name": "Input_Color",
          "defines": [],
          "format": 44,
          "location": 1
        },
        {
          "name": "Input_Normal",
          "defines": [],
          "format": 32,
          "location": 2
        },
        {
          "name": "Input_Tangent",
          "defines": [],
          "format": 32,
          "location": 3
        },
        {
          "name": "Input_UV",
          "defines": [],
          "format": 21,
          "location": 4
        },
        {
          "name": "atTexCoord2",
          "defines": [],
          "format": 21,
          "location": 5
        },
        {
          "name": "atCustomData1",
          "defines": [],
          "format": 21,
          "location": 6
        },
        {
          "name": "atCustomData2",
          "defines": [],
          "format": 21,
          "location": 7
        }
      ],
      "varyings": [
        {
          "name": "v_VColor",
          "type": 16,
          "count": 1,
          "defines": [],
          "stageFlags": 17,
          "location": 0
        },
        {
          "name": "v_UV1",
          "type": 14,
          "count": 1,
          "defines": [],
          "stageFlags": 17,
          "location": 1
        },
        {
          "name": "v_UV2",
          "type": 14,
          "count": 1,
          "defines": [],
          "stageFlags": 17,
          "location": 2
        },
        {
          "name": "v_WorldN_PX",
          "type": 16,
          "count": 1,
          "defines": [],
          "stageFlags": 17,
          "location": 3
        },
        {
          "name": "v_WorldB_PY",
          "type": 16,
          "count": 1,
          "defines": [],
          "stageFlags": 17,
          "location": 4
        },
        {
          "name": "v_WorldT_PZ",
          "type": 16,
          "count": 1,
          "defines": [],
          "stageFlags": 17,
          "location": 5
        },
        {
          "name": "v_PosP",
          "type": 16,
          "count": 1,
          "defines": [],
          "stageFlags": 17,
          "location": 6
        },
        {
          "name": "v_CustomData1",
          "type": 14,
          "count": 1,
          "defines": [],
          "stageFlags": 17,
          "location": 7
        },
        {
          "name": "v_CustomData2",
          "type": 14,
          "count": 1,
          "defines": [],
          "stageFlags": 17,
          "location": 8
        }
      ],
      "fragColors": [
        {
          "name": "cc_FragColor",
          "typename": "vec4",
          "type": 16,
          "count": 1,
          "defines": [],
          "stageFlags": 16,
          "location": 0
        }
      ],
      "descriptors": [
        {
          "rate": 0,
          "blocks": [],
          "samplerTextures": [],
          "samplers": [],
          "textures": [],
          "buffers": [],
          "images": [],
          "subpassInputs": []
        },
        {
          "rate": 1,
          "blocks": [
            {
              "name": "VSBlock",
              "members": [
                {
                  "name": "uMatCamera",
                  "type": 25,
                  "count": 1
                },
                {
                  "name": "uMatProjection",
                  "type": 25,
                  "count": 1
                },
                {
                  "name": "mUVInversed",
                  "type": 16,
                  "count": 1
                }
              ],
              "defines": [],
              "stageFlags": 1,
              "binding": 0
            },
            {
              "name": "EFK_COMMON",
              "members": [
                {
                  "name": "predefined_uniform",
                  "type": 16,
                  "count": 1
                },
                {
                  "name": "cameraPosition",
                  "type": 16,
                  "count": 1
                }
              ],
              "defines": [],
              "stageFlags": 17,
              "binding": 1
            },
            {
              "name": "EFK_UNIFORM_GRADIENT",
              "members": [
                {
                  "name": "efk_uniform_273",
                  "type": 16,
                  "count": 1
                },
                {
                  "name": "efk_uniform_275",
                  "type": 16,
                  "count": 1
                },
                {
                  "name": "efk_uniform_430",
                  "type": 16,
                  "count": 1
                },
                {
                  "name": "efk_uniform_432",
                  "type": 16,
                  "count": 1
                }
              ],
              "defines": [],
              "stageFlags": 17,
              "binding": 2
            },
            {
              "name": "FSBlock",
              "members": [
                {
                  "name": "mUVInversedBack",
                  "type": 16,
                  "count": 1
                },
                {
                  "name": "reconstructionParam1",
                  "type": 16,
                  "count": 1
                },
                {
                  "name": "reconstructionParam2",
                  "type": 16,
                  "count": 1
                },
                {
                  "name": "lightDirection",
                  "type": 16,
                  "count": 1
                },
                {
                  "name": "lightColor",
                  "type": 16,
                  "count": 1
                },
                {
                  "name": "lightAmbientColor",
                  "type": 16,
                  "count": 1
                }
              ],
              "defines": [],
              "stageFlags": 16,
              "binding": 3
            }
          ],
          "samplerTextures": [
            {
              "name": "efk_background",
              "type": 28,
              "count": 1,
              "defines": [],
              "stageFlags": 17,
              "binding": 4
            },
            {
              "name": "efk_depth",
              "type": 28,
              "count": 1,
              "defines": [],
              "stageFlags": 17,
              "binding": 5
            }
          ],
          "samplers": [],
          "textures": [],
          "buffers": [],
          "images": [],
          "subpassInputs": []
        },
        {
          "rate": 2,
          "blocks": [],
          "samplerTextures": [],
          "samplers": [],
          "textures": [],
          "buffers": [],
          "images": [],
          "subpassInputs": []
        },
        {
          "rate": 3,
          "blocks": [],
          "samplerTextures": [],
          "samplers": [],
          "textures": [],
          "buffers": [],
          "images": [],
          "subpassInputs": []
        }
      ],
      "hash": 1783900674,
      "glsl4": {
        "vert": "\n  precision highp float;\n#define LAYOUT(ind)\n#define in in\n#define out out\n#define centroid\n#define MOD mod\n#define FRAC fract\n#define LERP mix\n#define float2 vec2\n#define float3 vec3\n#define float4 vec4\n#define half2 vec2\n#define half3 vec3\n#define half4 vec4\n#define int2 ivec2\n#define int3 ivec3\n#define int4 ivec4\nLAYOUT(0) layout(location = 0) in vec3 Input_Pos;\nLAYOUT(1) layout(location = 1) in vec4 Input_Color;\nLAYOUT(2) layout(location = 2) in vec3 Input_Normal;\nLAYOUT(3) layout(location = 3) in vec3 Input_Tangent;\nLAYOUT(4) layout(location = 4) in vec2 Input_UV;\nLAYOUT(5) layout(location = 5) in vec2 atTexCoord2;\nLAYOUT(6) layout(location = 6) in vec2 atCustomData1;\nLAYOUT(7) layout(location = 7) in vec2 atCustomData2;\nLAYOUT(0) layout(location = 0) out lowp vec4 v_VColor;\nLAYOUT(1) layout(location = 1) out mediump vec2 v_UV1;\nLAYOUT(2) layout(location = 2) out mediump vec2 v_UV2;\nLAYOUT(3) layout(location = 3) out mediump vec4 v_WorldN_PX;\nLAYOUT(4) layout(location = 4) out mediump vec4 v_WorldB_PY;\nLAYOUT(5) layout(location = 5) out mediump vec4 v_WorldT_PZ;\nLAYOUT(6) layout(location = 6) out mediump vec4 v_PosP;\nLAYOUT(7) layout(location = 7) out mediump vec2 v_CustomData1;\nLAYOUT(8) layout(location = 8) out mediump vec2 v_CustomData2;\n#define _INSTANCE_COUNT_ 10\nLAYOUT(binding = 0) layout(set = 1, binding = 4) uniform sampler2D efk_background;\nLAYOUT(binding = 1) layout(set = 1, binding = 5) uniform sampler2D efk_depth;\nLAYOUT(binding = 0) layout(set = 1, binding = 0) uniform VSBlock {\n  mat4 uMatCamera;\n  mat4 uMatProjection;\n  vec4 mUVInversed;\n};\nlayout(set = 1, binding = 1) uniform EFK_COMMON {\n  vec4 predefined_uniform;\n  vec4 cameraPosition;\n};\nlayout(set = 1, binding = 2) uniform EFK_UNIFORM_GRADIENT {\n  vec4 efk_uniform_273;\n  vec4 efk_uniform_275;\n  vec4 efk_uniform_430;\n  vec4 efk_uniform_432;\n};\n#define FLT_EPSILON 1.192092896e-07\nvec4 vert() {\n  vec3 worldPos = Input_Pos.xyz;\n  vec3 objectScale = vec3(1.0, 1.0, 1.0);\n  vec2 screenUV = vec2(0.0, 0.0);\n  float meshZ = 0.0;\n  vec2 uv1 = Input_UV.xy;\n  vec2 uv2 = atTexCoord2.xy;\n  vec3 worldNormal = (Input_Normal - vec3(0.5, 0.5, 0.5)) * 2.0;\n  vec3 worldTangent = (Input_Tangent - vec3(0.5, 0.5, 0.5)) * 2.0;\n  vec3 worldBinormal = cross(worldNormal, worldTangent);\n  v_WorldN_PX.xyz = worldNormal;\n  v_WorldB_PY.xyz = worldBinormal;\n  v_WorldT_PZ.xyz = worldTangent;\n  vec3 pixelNormalDir = worldNormal;\n  vec4 vcolor = Input_Color;\n  vec2 customData1 = atCustomData1;\n  v_CustomData1 = customData1.xy;\n  vec2 customData2 = atCustomData2;\n  v_CustomData2 = customData2.xy;\nfloat val0=efk_uniform_273.x;\nfloat val1=efk_uniform_275.x;\nvec2 val2=uv1;\nvec2 val3=(val2*vec2(val1,val1));\nvec2 val4=FRAC(val3);\nvec2 val5=(val4-float(0.5));\nvec2 val6=(val5*float(2.0));\nvec2 val7=abs(val6);\nvec4 val8_CompMask=vec4(val7.x,val7.y, 0.0, 1.0);\nfloat val8=val8_CompMask.y;\nfloat val9=(float(0.0)+val8);\nfloat val10 = step(val9,val0);\nvec4 val11_CompMask=vec4(val7.x,val7.y, 0.0, 1.0);\nfloat val11=val11_CompMask.x;\nfloat val12=(float(0.0)+val11);\nfloat val13 = step(val12,val0);\nfloat val14=(val13*val10);\nfloat val15=customData1.x;\nvec2 val16=uv1;\nvec2 val17=(val16*vec2(val1,val1));\nvec2 val18=floor(val17);\nvec2 val19=(val18/vec2(val1,val1));\nvec2 val20=(val19+float(-0.5));\nvec4 val21_CompMask=vec4(val20.x,val20.y, 0.0, 1.0);\nfloat val21=val21_CompMask.y;\nfloat val22=(val21*val21);\nvec4 val23_CompMask=vec4(val20.x,val20.y, 0.0, 1.0);\nfloat val23=val23_CompMask.x;\nfloat val24=(val23*val23);\nfloat val25=(val24+val22);\nfloat val26=(val25*float(5.0));\nfloat val27 = step(val26,val15);\nfloat val28=customData2.x;\nfloat val29 = step(val28,val26);\nfloat val30=(val29*val27);\nfloat val31=(val30*val14);\nvec4 val32=efk_uniform_432;\nvec4 val33=efk_uniform_430;\nvec4 val34= LERP(val33,val32,val26);\nvec3 normalDir = vec3(0.5,0.5,1.0);\nvec3 worldPositionOffset = vec3(0.0,0.0,0.0);\nvec3 baseColor = vec3(0.0,0.0,0.0);\nvec3 emissive = vec3(val34.x,val34.y,val34.z);\nfloat metallic = float(0.5);\nfloat roughness = float(0.5);\nfloat ambientOcclusion = float(1.0);\nfloat opacity = float(1.0);\nfloat opacityMask = val31;\nfloat refraction = float(0.0);\n  worldPos = worldPos + worldPositionOffset;\n  vec4 cameraPos = uMatCamera * vec4(worldPos, 1.0);\n  cameraPos = cameraPos / cameraPos.w;\n  v_PosP = uMatProjection * cameraPos;\n  v_WorldN_PX.w = worldPos.x;\n  v_WorldB_PY.w = worldPos.y;\n  v_WorldT_PZ.w = worldPos.z;\n  v_VColor = vcolor;\n  v_UV1 = uv1;\n  v_UV2 = uv2;\n  #ifdef _Y_INVERTED_\n  v_PosP.y = - v_PosP.y;\n  #endif\n  return v_PosP;\n}\nvoid main() { gl_Position = vert(); }",
        "frag": "\n  precision highp float;\n#define LAYOUT(ind)\n#define in in\n#define out out\n#define centroid\n#define MOD mod\n#define FRAC fract\n#define LERP mix\n#define float2 vec2\n#define float3 vec3\n#define float4 vec4\n#define half2 vec2\n#define half3 vec3\n#define half4 vec4\n#define int2 ivec2\n#define int3 ivec3\n#define int4 ivec4\nLAYOUT(0) layout(location = 0) in lowp vec4 v_VColor;\nLAYOUT(1) layout(location = 1) in mediump vec2 v_UV1;\nLAYOUT(2) layout(location = 2) in mediump vec2 v_UV2;\nLAYOUT(3) layout(location = 3) in mediump vec4 v_WorldN_PX;\nLAYOUT(4) layout(location = 4) in mediump vec4 v_WorldB_PY;\nLAYOUT(5) layout(location = 5) in mediump vec4 v_WorldT_PZ;\nLAYOUT(6) layout(location = 6) in mediump vec4 v_PosP;\nLAYOUT(7) layout(location = 7) in mediump vec2 v_CustomData1;\nLAYOUT(8) layout(location = 8) in mediump vec2 v_CustomData2;\n#define _INSTANCE_COUNT_ 10\nLAYOUT(binding = 0) layout(set = 1, binding = 4) uniform sampler2D efk_background;\nLAYOUT(binding = 1) layout(set = 1, binding = 5) uniform sampler2D efk_depth;\nLAYOUT(binding = 0) layout(set = 1, binding = 3) uniform FSBlock {\n  vec4 mUVInversedBack;\n  vec4 reconstructionParam1;\n  vec4 reconstructionParam2;\n  vec4 lightDirection;\n  vec4 lightColor;\n  vec4 lightAmbientColor;\n};\nlayout(set = 1, binding = 1) uniform EFK_COMMON {\n  vec4 predefined_uniform;\n  vec4 cameraPosition;\n};\nlayout(set = 1, binding = 2) uniform EFK_UNIFORM_GRADIENT {\n  vec4 efk_uniform_273;\n  vec4 efk_uniform_275;\n  vec4 efk_uniform_430;\n  vec4 efk_uniform_432;\n};\n#define FLT_EPSILON 1.192092896e-07\nhalf3 SRGBToLinear(half3 c)\n{\n  return min(c, c * (c * (c * 0.305306011 + 0.682171111) + 0.012522878));\n}\nhalf4 SRGBToLinear(half4 c)\n{\n  return half4(SRGBToLinear(c.rgb), c.a);\n}\nhalf4 ConvertToScreen(half4 c)\n{\n  if (predefined_uniform.z == 0.0)\n  {\n    return c;\n  }\n  return SRGBToLinear(c);\n}\n#ifdef _MATERIAL_LIT_\nconst float lightScale = 3.14;\n#endif\nvec4 frag()\n{\n  vec2 uv1 = v_UV1;\n  vec2 uv2 = v_UV2;\n  vec3 worldPos = vec3(v_WorldN_PX.w, v_WorldB_PY.w, v_WorldT_PZ.w);\n  vec3 worldNormal = v_WorldN_PX.xyz;\n  vec3 worldTangent = v_WorldT_PZ.xyz;\n  vec3 worldBinormal = v_WorldB_PY.xyz;\n  vec3 pixelNormalDir = worldNormal;\n  vec4 vcolor = v_VColor;\n  vec3 objectScale = vec3(1.0, 1.0, 1.0);\n  vec2 screenUV = v_PosP.xy / v_PosP.w;\n  float meshZ =   v_PosP.z / v_PosP.w;\n  screenUV.xy = vec2(screenUV.x + 1.0, screenUV.y + 1.0) * 0.5;\n#ifdef _SCREEN_FLIPPED_\n  screenUV.y = 1.0 - screenUV.y;\n#endif\n  vec2 customData1 = v_CustomData1;\n  vec2 customData2 = v_CustomData2;\nfloat val0=efk_uniform_273.x;\nfloat val1=efk_uniform_275.x;\nvec2 val2=uv1;\nvec2 val3=(val2*vec2(val1,val1));\nvec2 val4=FRAC(val3);\nvec2 val5=(val4-float(0.5));\nvec2 val6=(val5*float(2.0));\nvec2 val7=abs(val6);\nvec4 val8_CompMask=vec4(val7.x,val7.y, 0.0, 1.0);\nfloat val8=val8_CompMask.y;\nfloat val9=(float(0.0)+val8);\nfloat val10 = step(val9,val0);\nvec4 val11_CompMask=vec4(val7.x,val7.y, 0.0, 1.0);\nfloat val11=val11_CompMask.x;\nfloat val12=(float(0.0)+val11);\nfloat val13 = step(val12,val0);\nfloat val14=(val13*val10);\nfloat val15=customData1.x;\nvec2 val16=uv1;\nvec2 val17=(val16*vec2(val1,val1));\nvec2 val18=floor(val17);\nvec2 val19=(val18/vec2(val1,val1));\nvec2 val20=(val19+float(-0.5));\nvec4 val21_CompMask=vec4(val20.x,val20.y, 0.0, 1.0);\nfloat val21=val21_CompMask.y;\nfloat val22=(val21*val21);\nvec4 val23_CompMask=vec4(val20.x,val20.y, 0.0, 1.0);\nfloat val23=val23_CompMask.x;\nfloat val24=(val23*val23);\nfloat val25=(val24+val22);\nfloat val26=(val25*float(5.0));\nfloat val27 = step(val26,val15);\nfloat val28=customData2.x;\nfloat val29 = step(val28,val26);\nfloat val30=(val29*val27);\nfloat val31=(val30*val14);\nvec4 val32=efk_uniform_432;\nvec4 val33=efk_uniform_430;\nvec4 val34= LERP(val33,val32,val26);\nvec3 normalDir = vec3(0.5,0.5,1.0);\nvec3 worldPositionOffset = vec3(0.0,0.0,0.0);\nvec3 baseColor = vec3(0.0,0.0,0.0);\nvec3 emissive = vec3(val34.x,val34.y,val34.z);\nfloat metallic = float(0.5);\nfloat roughness = float(0.5);\nfloat ambientOcclusion = float(1.0);\nfloat opacity = float(1.0);\nfloat opacityMask = val31;\nfloat refraction = float(0.0);\n  if(opacityMask <= 0.0) discard;\n  if(opacity <= 0.0) discard;\n  return ConvertToScreen(vec4(emissive, opacity));\n}\nlayout(location = 0) out vec4 cc_FragColor;\nvoid main() { cc_FragColor = frag(); }"
      },
      "glsl3": {
        "vert": "\n  precision highp float;\n#define LAYOUT(ind)\n#define in in\n#define out out\n#define centroid\n#define MOD mod\n#define FRAC fract\n#define LERP mix\n#define float2 vec2\n#define float3 vec3\n#define float4 vec4\n#define half2 vec2\n#define half3 vec3\n#define half4 vec4\n#define int2 ivec2\n#define int3 ivec3\n#define int4 ivec4\nLAYOUT(0) in vec3 Input_Pos;\nLAYOUT(1) in vec4 Input_Color;\nLAYOUT(2) in vec3 Input_Normal;\nLAYOUT(3) in vec3 Input_Tangent;\nLAYOUT(4) in vec2 Input_UV;\nLAYOUT(5) in vec2 atTexCoord2;\nLAYOUT(6) in vec2 atCustomData1;\nLAYOUT(7) in vec2 atCustomData2;\nLAYOUT(0) out lowp vec4 v_VColor;\nLAYOUT(1) out mediump vec2 v_UV1;\nLAYOUT(2) out mediump vec2 v_UV2;\nLAYOUT(3) out mediump vec4 v_WorldN_PX;\nLAYOUT(4) out mediump vec4 v_WorldB_PY;\nLAYOUT(5) out mediump vec4 v_WorldT_PZ;\nLAYOUT(6) out mediump vec4 v_PosP;\nLAYOUT(7) out mediump vec2 v_CustomData1;\nLAYOUT(8) out mediump vec2 v_CustomData2;\n#define _INSTANCE_COUNT_ 10\nLAYOUT(binding = 0) uniform sampler2D efk_background;\nLAYOUT(binding = 1) uniform sampler2D efk_depth;\nLAYOUT(binding = 0) layout(std140) uniform VSBlock {\n  mat4 uMatCamera;\n  mat4 uMatProjection;\n  vec4 mUVInversed;\n};\nlayout(std140) uniform EFK_COMMON {\n  vec4 predefined_uniform;\n  vec4 cameraPosition;\n};\nlayout(std140) uniform EFK_UNIFORM_GRADIENT {\n  vec4 efk_uniform_273;\n  vec4 efk_uniform_275;\n  vec4 efk_uniform_430;\n  vec4 efk_uniform_432;\n};\n#define FLT_EPSILON 1.192092896e-07\nvec4 vert() {\n  vec3 worldPos = Input_Pos.xyz;\n  vec3 objectScale = vec3(1.0, 1.0, 1.0);\n  vec2 screenUV = vec2(0.0, 0.0);\n  float meshZ = 0.0;\n  vec2 uv1 = Input_UV.xy;\n  vec2 uv2 = atTexCoord2.xy;\n  vec3 worldNormal = (Input_Normal - vec3(0.5, 0.5, 0.5)) * 2.0;\n  vec3 worldTangent = (Input_Tangent - vec3(0.5, 0.5, 0.5)) * 2.0;\n  vec3 worldBinormal = cross(worldNormal, worldTangent);\n  v_WorldN_PX.xyz = worldNormal;\n  v_WorldB_PY.xyz = worldBinormal;\n  v_WorldT_PZ.xyz = worldTangent;\n  vec3 pixelNormalDir = worldNormal;\n  vec4 vcolor = Input_Color;\n  vec2 customData1 = atCustomData1;\n  v_CustomData1 = customData1.xy;\n  vec2 customData2 = atCustomData2;\n  v_CustomData2 = customData2.xy;\nfloat val0=efk_uniform_273.x;\nfloat val1=efk_uniform_275.x;\nvec2 val2=uv1;\nvec2 val3=(val2*vec2(val1,val1));\nvec2 val4=FRAC(val3);\nvec2 val5=(val4-float(0.5));\nvec2 val6=(val5*float(2.0));\nvec2 val7=abs(val6);\nvec4 val8_CompMask=vec4(val7.x,val7.y, 0.0, 1.0);\nfloat val8=val8_CompMask.y;\nfloat val9=(float(0.0)+val8);\nfloat val10 = step(val9,val0);\nvec4 val11_CompMask=vec4(val7.x,val7.y, 0.0, 1.0);\nfloat val11=val11_CompMask.x;\nfloat val12=(float(0.0)+val11);\nfloat val13 = step(val12,val0);\nfloat val14=(val13*val10);\nfloat val15=customData1.x;\nvec2 val16=uv1;\nvec2 val17=(val16*vec2(val1,val1));\nvec2 val18=floor(val17);\nvec2 val19=(val18/vec2(val1,val1));\nvec2 val20=(val19+float(-0.5));\nvec4 val21_CompMask=vec4(val20.x,val20.y, 0.0, 1.0);\nfloat val21=val21_CompMask.y;\nfloat val22=(val21*val21);\nvec4 val23_CompMask=vec4(val20.x,val20.y, 0.0, 1.0);\nfloat val23=val23_CompMask.x;\nfloat val24=(val23*val23);\nfloat val25=(val24+val22);\nfloat val26=(val25*float(5.0));\nfloat val27 = step(val26,val15);\nfloat val28=customData2.x;\nfloat val29 = step(val28,val26);\nfloat val30=(val29*val27);\nfloat val31=(val30*val14);\nvec4 val32=efk_uniform_432;\nvec4 val33=efk_uniform_430;\nvec4 val34= LERP(val33,val32,val26);\nvec3 normalDir = vec3(0.5,0.5,1.0);\nvec3 worldPositionOffset = vec3(0.0,0.0,0.0);\nvec3 baseColor = vec3(0.0,0.0,0.0);\nvec3 emissive = vec3(val34.x,val34.y,val34.z);\nfloat metallic = float(0.5);\nfloat roughness = float(0.5);\nfloat ambientOcclusion = float(1.0);\nfloat opacity = float(1.0);\nfloat opacityMask = val31;\nfloat refraction = float(0.0);\n  worldPos = worldPos + worldPositionOffset;\n  vec4 cameraPos = uMatCamera * vec4(worldPos, 1.0);\n  cameraPos = cameraPos / cameraPos.w;\n  v_PosP = uMatProjection * cameraPos;\n  v_WorldN_PX.w = worldPos.x;\n  v_WorldB_PY.w = worldPos.y;\n  v_WorldT_PZ.w = worldPos.z;\n  v_VColor = vcolor;\n  v_UV1 = uv1;\n  v_UV2 = uv2;\n  #ifdef _Y_INVERTED_\n  v_PosP.y = - v_PosP.y;\n  #endif\n  return v_PosP;\n}\nvoid main() { gl_Position = vert(); }",
        "frag": "\n  precision highp float;\n#define LAYOUT(ind)\n#define in in\n#define out out\n#define centroid\n#define MOD mod\n#define FRAC fract\n#define LERP mix\n#define float2 vec2\n#define float3 vec3\n#define float4 vec4\n#define half2 vec2\n#define half3 vec3\n#define half4 vec4\n#define int2 ivec2\n#define int3 ivec3\n#define int4 ivec4\nLAYOUT(0) in lowp vec4 v_VColor;\nLAYOUT(1) in mediump vec2 v_UV1;\nLAYOUT(2) in mediump vec2 v_UV2;\nLAYOUT(3) in mediump vec4 v_WorldN_PX;\nLAYOUT(4) in mediump vec4 v_WorldB_PY;\nLAYOUT(5) in mediump vec4 v_WorldT_PZ;\nLAYOUT(6) in mediump vec4 v_PosP;\nLAYOUT(7) in mediump vec2 v_CustomData1;\nLAYOUT(8) in mediump vec2 v_CustomData2;\n#define _INSTANCE_COUNT_ 10\nLAYOUT(binding = 0) uniform sampler2D efk_background;\nLAYOUT(binding = 1) uniform sampler2D efk_depth;\nLAYOUT(binding = 0) layout(std140) uniform FSBlock {\n  vec4 mUVInversedBack;\n  vec4 reconstructionParam1;\n  vec4 reconstructionParam2;\n  vec4 lightDirection;\n  vec4 lightColor;\n  vec4 lightAmbientColor;\n};\nlayout(std140) uniform EFK_COMMON {\n  vec4 predefined_uniform;\n  vec4 cameraPosition;\n};\nlayout(std140) uniform EFK_UNIFORM_GRADIENT {\n  vec4 efk_uniform_273;\n  vec4 efk_uniform_275;\n  vec4 efk_uniform_430;\n  vec4 efk_uniform_432;\n};\n#define FLT_EPSILON 1.192092896e-07\nhalf3 SRGBToLinear(half3 c)\n{\n  return min(c, c * (c * (c * 0.305306011 + 0.682171111) + 0.012522878));\n}\nhalf4 SRGBToLinear(half4 c)\n{\n  return half4(SRGBToLinear(c.rgb), c.a);\n}\nhalf4 ConvertToScreen(half4 c)\n{\n  if (predefined_uniform.z == 0.0)\n  {\n    return c;\n  }\n  return SRGBToLinear(c);\n}\n#ifdef _MATERIAL_LIT_\nconst float lightScale = 3.14;\n#endif\nvec4 frag()\n{\n  vec2 uv1 = v_UV1;\n  vec2 uv2 = v_UV2;\n  vec3 worldPos = vec3(v_WorldN_PX.w, v_WorldB_PY.w, v_WorldT_PZ.w);\n  vec3 worldNormal = v_WorldN_PX.xyz;\n  vec3 worldTangent = v_WorldT_PZ.xyz;\n  vec3 worldBinormal = v_WorldB_PY.xyz;\n  vec3 pixelNormalDir = worldNormal;\n  vec4 vcolor = v_VColor;\n  vec3 objectScale = vec3(1.0, 1.0, 1.0);\n  vec2 screenUV = v_PosP.xy / v_PosP.w;\n  float meshZ =   v_PosP.z / v_PosP.w;\n  screenUV.xy = vec2(screenUV.x + 1.0, screenUV.y + 1.0) * 0.5;\n#ifdef _SCREEN_FLIPPED_\n  screenUV.y = 1.0 - screenUV.y;\n#endif\n  vec2 customData1 = v_CustomData1;\n  vec2 customData2 = v_CustomData2;\nfloat val0=efk_uniform_273.x;\nfloat val1=efk_uniform_275.x;\nvec2 val2=uv1;\nvec2 val3=(val2*vec2(val1,val1));\nvec2 val4=FRAC(val3);\nvec2 val5=(val4-float(0.5));\nvec2 val6=(val5*float(2.0));\nvec2 val7=abs(val6);\nvec4 val8_CompMask=vec4(val7.x,val7.y, 0.0, 1.0);\nfloat val8=val8_CompMask.y;\nfloat val9=(float(0.0)+val8);\nfloat val10 = step(val9,val0);\nvec4 val11_CompMask=vec4(val7.x,val7.y, 0.0, 1.0);\nfloat val11=val11_CompMask.x;\nfloat val12=(float(0.0)+val11);\nfloat val13 = step(val12,val0);\nfloat val14=(val13*val10);\nfloat val15=customData1.x;\nvec2 val16=uv1;\nvec2 val17=(val16*vec2(val1,val1));\nvec2 val18=floor(val17);\nvec2 val19=(val18/vec2(val1,val1));\nvec2 val20=(val19+float(-0.5));\nvec4 val21_CompMask=vec4(val20.x,val20.y, 0.0, 1.0);\nfloat val21=val21_CompMask.y;\nfloat val22=(val21*val21);\nvec4 val23_CompMask=vec4(val20.x,val20.y, 0.0, 1.0);\nfloat val23=val23_CompMask.x;\nfloat val24=(val23*val23);\nfloat val25=(val24+val22);\nfloat val26=(val25*float(5.0));\nfloat val27 = step(val26,val15);\nfloat val28=customData2.x;\nfloat val29 = step(val28,val26);\nfloat val30=(val29*val27);\nfloat val31=(val30*val14);\nvec4 val32=efk_uniform_432;\nvec4 val33=efk_uniform_430;\nvec4 val34= LERP(val33,val32,val26);\nvec3 normalDir = vec3(0.5,0.5,1.0);\nvec3 worldPositionOffset = vec3(0.0,0.0,0.0);\nvec3 baseColor = vec3(0.0,0.0,0.0);\nvec3 emissive = vec3(val34.x,val34.y,val34.z);\nfloat metallic = float(0.5);\nfloat roughness = float(0.5);\nfloat ambientOcclusion = float(1.0);\nfloat opacity = float(1.0);\nfloat opacityMask = val31;\nfloat refraction = float(0.0);\n  if(opacityMask <= 0.0) discard;\n  if(opacity <= 0.0) discard;\n  return ConvertToScreen(vec4(emissive, opacity));\n}\nlayout(location = 0) out vec4 cc_FragColor;\nvoid main() { cc_FragColor = frag(); }"
      },
      "glsl1": {
        "vert": "\n  precision highp float;\n#define LAYOUT(ind)\n#define in in\n#define out out\n#define centroid\n#define MOD mod\n#define FRAC fract\n#define LERP mix\n#define float2 vec2\n#define float3 vec3\n#define float4 vec4\n#define half2 vec2\n#define half3 vec3\n#define half4 vec4\n#define int2 ivec2\n#define int3 ivec3\n#define int4 ivec4\nLAYOUT(0) attribute vec3 Input_Pos;\nLAYOUT(1) attribute vec4 Input_Color;\nLAYOUT(2) attribute vec3 Input_Normal;\nLAYOUT(3) attribute vec3 Input_Tangent;\nLAYOUT(4) attribute vec2 Input_UV;\nLAYOUT(5) attribute vec2 atTexCoord2;\nLAYOUT(6) attribute vec2 atCustomData1;\nLAYOUT(7) attribute vec2 atCustomData2;\nLAYOUT(0) varying lowp vec4 v_VColor;\nLAYOUT(1) varying mediump vec2 v_UV1;\nLAYOUT(2) varying mediump vec2 v_UV2;\nLAYOUT(3) varying mediump vec4 v_WorldN_PX;\nLAYOUT(4) varying mediump vec4 v_WorldB_PY;\nLAYOUT(5) varying mediump vec4 v_WorldT_PZ;\nLAYOUT(6) varying mediump vec4 v_PosP;\nLAYOUT(7) varying mediump vec2 v_CustomData1;\nLAYOUT(8) varying mediump vec2 v_CustomData2;\n#define _INSTANCE_COUNT_ 10\nLAYOUT(binding = 0) uniform sampler2D efk_background;\nLAYOUT(binding = 1) uniform sampler2D efk_depth;\nLAYOUT(binding = 0)   uniform mat4 uMatCamera;\n  uniform mat4 uMatProjection;\n     uniform vec4 efk_uniform_273;\n     uniform vec4 efk_uniform_275;\n     uniform vec4 efk_uniform_430;\n     uniform vec4 efk_uniform_432;\n#define FLT_EPSILON 1.192092896e-07\nvec4 vert() {\n  vec3 worldPos = Input_Pos.xyz;\n  vec3 objectScale = vec3(1.0, 1.0, 1.0);\n  vec2 screenUV = vec2(0.0, 0.0);\n  float meshZ = 0.0;\n  vec2 uv1 = Input_UV.xy;\n  vec2 uv2 = atTexCoord2.xy;\n  vec3 worldNormal = (Input_Normal - vec3(0.5, 0.5, 0.5)) * 2.0;\n  vec3 worldTangent = (Input_Tangent - vec3(0.5, 0.5, 0.5)) * 2.0;\n  vec3 worldBinormal = cross(worldNormal, worldTangent);\n  v_WorldN_PX.xyz = worldNormal;\n  v_WorldB_PY.xyz = worldBinormal;\n  v_WorldT_PZ.xyz = worldTangent;\n  vec3 pixelNormalDir = worldNormal;\n  vec4 vcolor = Input_Color;\n  vec2 customData1 = atCustomData1;\n  v_CustomData1 = customData1.xy;\n  vec2 customData2 = atCustomData2;\n  v_CustomData2 = customData2.xy;\nfloat val0=efk_uniform_273.x;\nfloat val1=efk_uniform_275.x;\nvec2 val2=uv1;\nvec2 val3=(val2*vec2(val1,val1));\nvec2 val4=FRAC(val3);\nvec2 val5=(val4-float(0.5));\nvec2 val6=(val5*float(2.0));\nvec2 val7=abs(val6);\nvec4 val8_CompMask=vec4(val7.x,val7.y, 0.0, 1.0);\nfloat val8=val8_CompMask.y;\nfloat val9=(float(0.0)+val8);\nfloat val10 = step(val9,val0);\nvec4 val11_CompMask=vec4(val7.x,val7.y, 0.0, 1.0);\nfloat val11=val11_CompMask.x;\nfloat val12=(float(0.0)+val11);\nfloat val13 = step(val12,val0);\nfloat val14=(val13*val10);\nfloat val15=customData1.x;\nvec2 val16=uv1;\nvec2 val17=(val16*vec2(val1,val1));\nvec2 val18=floor(val17);\nvec2 val19=(val18/vec2(val1,val1));\nvec2 val20=(val19+float(-0.5));\nvec4 val21_CompMask=vec4(val20.x,val20.y, 0.0, 1.0);\nfloat val21=val21_CompMask.y;\nfloat val22=(val21*val21);\nvec4 val23_CompMask=vec4(val20.x,val20.y, 0.0, 1.0);\nfloat val23=val23_CompMask.x;\nfloat val24=(val23*val23);\nfloat val25=(val24+val22);\nfloat val26=(val25*float(5.0));\nfloat val27 = step(val26,val15);\nfloat val28=customData2.x;\nfloat val29 = step(val28,val26);\nfloat val30=(val29*val27);\nfloat val31=(val30*val14);\nvec4 val32=efk_uniform_432;\nvec4 val33=efk_uniform_430;\nvec4 val34= LERP(val33,val32,val26);\nvec3 normalDir = vec3(0.5,0.5,1.0);\nvec3 worldPositionOffset = vec3(0.0,0.0,0.0);\nvec3 baseColor = vec3(0.0,0.0,0.0);\nvec3 emissive = vec3(val34.x,val34.y,val34.z);\nfloat metallic = float(0.5);\nfloat roughness = float(0.5);\nfloat ambientOcclusion = float(1.0);\nfloat opacity = float(1.0);\nfloat opacityMask = val31;\nfloat refraction = float(0.0);\n  worldPos = worldPos + worldPositionOffset;\n  vec4 cameraPos = uMatCamera * vec4(worldPos, 1.0);\n  cameraPos = cameraPos / cameraPos.w;\n  v_PosP = uMatProjection * cameraPos;\n  v_WorldN_PX.w = worldPos.x;\n  v_WorldB_PY.w = worldPos.y;\n  v_WorldT_PZ.w = worldPos.z;\n  v_VColor = vcolor;\n  v_UV1 = uv1;\n  v_UV2 = uv2;\n  #ifdef _Y_INVERTED_\n  v_PosP.y = - v_PosP.y;\n  #endif\n  return v_PosP;\n}\nvoid main() { gl_Position = vert(); }",
        "frag": "\n  precision highp float;\n#define LAYOUT(ind)\n#define in in\n#define out out\n#define centroid\n#define MOD mod\n#define FRAC fract\n#define LERP mix\n#define float2 vec2\n#define float3 vec3\n#define float4 vec4\n#define half2 vec2\n#define half3 vec3\n#define half4 vec4\n#define int2 ivec2\n#define int3 ivec3\n#define int4 ivec4\nLAYOUT(0) varying lowp vec4 v_VColor;\nLAYOUT(1) varying mediump vec2 v_UV1;\nLAYOUT(2) varying mediump vec2 v_UV2;\nLAYOUT(3) varying mediump vec4 v_WorldN_PX;\nLAYOUT(4) varying mediump vec4 v_WorldB_PY;\nLAYOUT(5) varying mediump vec4 v_WorldT_PZ;\nLAYOUT(6) varying mediump vec4 v_PosP;\nLAYOUT(7) varying mediump vec2 v_CustomData1;\nLAYOUT(8) varying mediump vec2 v_CustomData2;\n#define _INSTANCE_COUNT_ 10\nLAYOUT(binding = 0) uniform sampler2D efk_background;\nLAYOUT(binding = 1) uniform sampler2D efk_depth;\nLAYOUT(binding = 0)\n    uniform vec4 predefined_uniform;\n   uniform vec4 efk_uniform_273;\n   uniform vec4 efk_uniform_275;\n   uniform vec4 efk_uniform_430;\n   uniform vec4 efk_uniform_432;\n#define FLT_EPSILON 1.192092896e-07\nhalf3 SRGBToLinear(half3 c)\n{\n  return min(c, c * (c * (c * 0.305306011 + 0.682171111) + 0.012522878));\n}\nhalf4 SRGBToLinear(half4 c)\n{\n  return half4(SRGBToLinear(c.rgb), c.a);\n}\nhalf4 ConvertToScreen(half4 c)\n{\n  if (predefined_uniform.z == 0.0)\n  {\n    return c;\n  }\n  return SRGBToLinear(c);\n}\n#ifdef _MATERIAL_LIT_\nconst float lightScale = 3.14;\n#endif\nvec4 frag()\n{\n  vec2 uv1 = v_UV1;\n  vec2 uv2 = v_UV2;\n  vec3 worldPos = vec3(v_WorldN_PX.w, v_WorldB_PY.w, v_WorldT_PZ.w);\n  vec3 worldNormal = v_WorldN_PX.xyz;\n  vec3 worldTangent = v_WorldT_PZ.xyz;\n  vec3 worldBinormal = v_WorldB_PY.xyz;\n  vec3 pixelNormalDir = worldNormal;\n  vec4 vcolor = v_VColor;\n  vec3 objectScale = vec3(1.0, 1.0, 1.0);\n  vec2 screenUV = v_PosP.xy / v_PosP.w;\n  float meshZ =   v_PosP.z / v_PosP.w;\n  screenUV.xy = vec2(screenUV.x + 1.0, screenUV.y + 1.0) * 0.5;\n#ifdef _SCREEN_FLIPPED_\n  screenUV.y = 1.0 - screenUV.y;\n#endif\n  vec2 customData1 = v_CustomData1;\n  vec2 customData2 = v_CustomData2;\nfloat val0=efk_uniform_273.x;\nfloat val1=efk_uniform_275.x;\nvec2 val2=uv1;\nvec2 val3=(val2*vec2(val1,val1));\nvec2 val4=FRAC(val3);\nvec2 val5=(val4-float(0.5));\nvec2 val6=(val5*float(2.0));\nvec2 val7=abs(val6);\nvec4 val8_CompMask=vec4(val7.x,val7.y, 0.0, 1.0);\nfloat val8=val8_CompMask.y;\nfloat val9=(float(0.0)+val8);\nfloat val10 = step(val9,val0);\nvec4 val11_CompMask=vec4(val7.x,val7.y, 0.0, 1.0);\nfloat val11=val11_CompMask.x;\nfloat val12=(float(0.0)+val11);\nfloat val13 = step(val12,val0);\nfloat val14=(val13*val10);\nfloat val15=customData1.x;\nvec2 val16=uv1;\nvec2 val17=(val16*vec2(val1,val1));\nvec2 val18=floor(val17);\nvec2 val19=(val18/vec2(val1,val1));\nvec2 val20=(val19+float(-0.5));\nvec4 val21_CompMask=vec4(val20.x,val20.y, 0.0, 1.0);\nfloat val21=val21_CompMask.y;\nfloat val22=(val21*val21);\nvec4 val23_CompMask=vec4(val20.x,val20.y, 0.0, 1.0);\nfloat val23=val23_CompMask.x;\nfloat val24=(val23*val23);\nfloat val25=(val24+val22);\nfloat val26=(val25*float(5.0));\nfloat val27 = step(val26,val15);\nfloat val28=customData2.x;\nfloat val29 = step(val28,val26);\nfloat val30=(val29*val27);\nfloat val31=(val30*val14);\nvec4 val32=efk_uniform_432;\nvec4 val33=efk_uniform_430;\nvec4 val34= LERP(val33,val32,val26);\nvec3 normalDir = vec3(0.5,0.5,1.0);\nvec3 worldPositionOffset = vec3(0.0,0.0,0.0);\nvec3 baseColor = vec3(0.0,0.0,0.0);\nvec3 emissive = vec3(val34.x,val34.y,val34.z);\nfloat metallic = float(0.5);\nfloat roughness = float(0.5);\nfloat ambientOcclusion = float(1.0);\nfloat opacity = float(1.0);\nfloat opacityMask = val31;\nfloat refraction = float(0.0);\n  if(opacityMask <= 0.0) discard;\n  if(opacity <= 0.0) discard;\n  return ConvertToScreen(vec4(emissive, opacity));\n}\nvoid main() { gl_FragColor = frag(); }"
      },
      "builtins": {
        "globals": {
          "blocks": [],
          "samplerTextures": [],
          "buffers": [],
          "images": []
        },
        "locals": {
          "blocks": [],
          "samplerTextures": [],
          "buffers": [],
          "images": []
        },
        "statistics": {
          "CC_EFFECT_USED_VERTEX_UNIFORM_VECTORS": 15,
          "CC_EFFECT_USED_FRAGMENT_UNIFORM_VECTORS": 12
        }
      },
      "defines": [],
      "name": "../efk_09/Pixel_02|user_vs:vert|user_fs:frag"
    },
    {
      "blocks": [
        {
          "name": "VSBlock",
          "members": [
            {
              "name": "ProjectionMatrix",
              "type": 25,
              "count": 1
            },
            {
              "name": "ModelMatrix",
              "type": 25,
              "count": 1
            },
            {
              "name": "UVOffset",
              "type": 16,
              "count": 1
            },
            {
              "name": "ModelColor",
              "type": 16,
              "count": 1
            },
            {
              "name": "mUVInversed",
              "type": 16,
              "count": 1
            },
            {
              "name": "customData1",
              "type": 16,
              "count": 1
            },
            {
              "name": "customData2",
              "type": 16,
              "count": 1
            }
          ],
          "defines": [],
          "stageFlags": 1,
          "binding": 0
        },
        {
          "name": "EFK_COMMON",
          "members": [
            {
              "name": "predefined_uniform",
              "type": 16,
              "count": 1
            },
            {
              "name": "cameraPosition",
              "type": 16,
              "count": 1
            }
          ],
          "defines": [],
          "stageFlags": 17,
          "binding": 1
        },
        {
          "name": "EFK_UNIFORM_GRADIENT",
          "members": [
            {
              "name": "efk_uniform_273",
              "type": 16,
              "count": 1
            },
            {
              "name": "efk_uniform_275",
              "type": 16,
              "count": 1
            },
            {
              "name": "efk_uniform_430",
              "type": 16,
              "count": 1
            },
            {
              "name": "efk_uniform_432",
              "type": 16,
              "count": 1
            }
          ],
          "defines": [],
          "stageFlags": 17,
          "binding": 2
        },
        {
          "name": "FSBlock",
          "members": [
            {
              "name": "mUVInversedBack",
              "type": 16,
              "count": 1
            },
            {
              "name": "reconstructionParam1",
              "type": 16,
              "count": 1
            },
            {
              "name": "reconstructionParam2",
              "type": 16,
              "count": 1
            },
            {
              "name": "lightDirection",
              "type": 16,
              "count": 1
            },
            {
              "name": "lightColor",
              "type": 16,
              "count": 1
            },
            {
              "name": "lightAmbientColor",
              "type": 16,
              "count": 1
            }
          ],
          "defines": [],
          "stageFlags": 16,
          "binding": 3
        }
      ],
      "samplerTextures": [
        {
          "name": "efk_background",
          "type": 28,
          "count": 1,
          "defines": [],
          "stageFlags": 17,
          "binding": 4
        },
        {
          "name": "efk_depth",
          "type": 28,
          "count": 1,
          "defines": [],
          "stageFlags": 17,
          "binding": 5
        }
      ],
      "samplers": [],
      "textures": [],
      "buffers": [],
      "images": [],
      "subpassInputs": [],
      "attributes": [
        {
          "name": "Input_Pos",
          "defines": [],
          "format": 32,
          "location": 0
        },
        {
          "name": "Input_Normal",
          "defines": [],
          "format": 32,
          "location": 1
        },
        {
          "name": "Input_Binormal",
          "defines": [],
          "format": 32,
          "location": 2
        },
        {
          "name": "Input_Tangent",
          "defines": [],
          "format": 32,
          "location": 3
        },
        {
          "name": "Input_UV",
          "defines": [],
          "format": 21,
          "location": 4
        },
        {
          "name": "Input_Color",
          "defines": [],
          "format": 44,
          "location": 5
        }
      ],
      "varyings": [
        {
          "name": "v_VColor",
          "type": 16,
          "count": 1,
          "defines": [],
          "stageFlags": 17,
          "location": 0
        },
        {
          "name": "v_UV1",
          "type": 14,
          "count": 1,
          "defines": [],
          "stageFlags": 17,
          "location": 1
        },
        {
          "name": "v_UV2",
          "type": 14,
          "count": 1,
          "defines": [],
          "stageFlags": 17,
          "location": 2
        },
        {
          "name": "v_WorldN_PX",
          "type": 16,
          "count": 1,
          "defines": [],
          "stageFlags": 17,
          "location": 3
        },
        {
          "name": "v_WorldB_PY",
          "type": 16,
          "count": 1,
          "defines": [],
          "stageFlags": 17,
          "location": 4
        },
        {
          "name": "v_WorldT_PZ",
          "type": 16,
          "count": 1,
          "defines": [],
          "stageFlags": 17,
          "location": 5
        },
        {
          "name": "v_PosP",
          "type": 16,
          "count": 1,
          "defines": [],
          "stageFlags": 17,
          "location": 6
        },
        {
          "name": "v_CustomData1",
          "type": 14,
          "count": 1,
          "defines": [],
          "stageFlags": 17,
          "location": 7
        },
        {
          "name": "v_CustomData2",
          "type": 14,
          "count": 1,
          "defines": [],
          "stageFlags": 17,
          "location": 8
        }
      ],
      "fragColors": [
        {
          "name": "cc_FragColor",
          "typename": "vec4",
          "type": 16,
          "count": 1,
          "defines": [],
          "stageFlags": 16,
          "location": 0
        }
      ],
      "descriptors": [
        {
          "rate": 0,
          "blocks": [],
          "samplerTextures": [],
          "samplers": [],
          "textures": [],
          "buffers": [],
          "images": [],
          "subpassInputs": []
        },
        {
          "rate": 1,
          "blocks": [
            {
              "name": "VSBlock",
              "members": [
                {
                  "name": "ProjectionMatrix",
                  "type": 25,
                  "count": 1
                },
                {
                  "name": "ModelMatrix",
                  "type": 25,
                  "count": 1
                },
                {
                  "name": "UVOffset",
                  "type": 16,
                  "count": 1
                },
                {
                  "name": "ModelColor",
                  "type": 16,
                  "count": 1
                },
                {
                  "name": "mUVInversed",
                  "type": 16,
                  "count": 1
                },
                {
                  "name": "customData1",
                  "type": 16,
                  "count": 1
                },
                {
                  "name": "customData2",
                  "type": 16,
                  "count": 1
                }
              ],
              "defines": [],
              "stageFlags": 1,
              "binding": 0
            },
            {
              "name": "EFK_COMMON",
              "members": [
                {
                  "name": "predefined_uniform",
                  "type": 16,
                  "count": 1
                },
                {
                  "name": "cameraPosition",
                  "type": 16,
                  "count": 1
                }
              ],
              "defines": [],
              "stageFlags": 17,
              "binding": 1
            },
            {
              "name": "EFK_UNIFORM_GRADIENT",
              "members": [
                {
                  "name": "efk_uniform_273",
                  "type": 16,
                  "count": 1
                },
                {
                  "name": "efk_uniform_275",
                  "type": 16,
                  "count": 1
                },
                {
                  "name": "efk_uniform_430",
                  "type": 16,
                  "count": 1
                },
                {
                  "name": "efk_uniform_432",
                  "type": 16,
                  "count": 1
                }
              ],
              "defines": [],
              "stageFlags": 17,
              "binding": 2
            },
            {
              "name": "FSBlock",
              "members": [
                {
                  "name": "mUVInversedBack",
                  "type": 16,
                  "count": 1
                },
                {
                  "name": "reconstructionParam1",
                  "type": 16,
                  "count": 1
                },
                {
                  "name": "reconstructionParam2",
                  "type": 16,
                  "count": 1
                },
                {
                  "name": "lightDirection",
                  "type": 16,
                  "count": 1
                },
                {
                  "name": "lightColor",
                  "type": 16,
                  "count": 1
                },
                {
                  "name": "lightAmbientColor",
                  "type": 16,
                  "count": 1
                }
              ],
              "defines": [],
              "stageFlags": 16,
              "binding": 3
            }
          ],
          "samplerTextures": [
            {
              "name": "efk_background",
              "type": 28,
              "count": 1,
              "defines": [],
              "stageFlags": 17,
              "binding": 4
            },
            {
              "name": "efk_depth",
              "type": 28,
              "count": 1,
              "defines": [],
              "stageFlags": 17,
              "binding": 5
            }
          ],
          "samplers": [],
          "textures": [],
          "buffers": [],
          "images": [],
          "subpassInputs": []
        },
        {
          "rate": 2,
          "blocks": [],
          "samplerTextures": [],
          "samplers": [],
          "textures": [],
          "buffers": [],
          "images": [],
          "subpassInputs": []
        },
        {
          "rate": 3,
          "blocks": [],
          "samplerTextures": [],
          "samplers": [],
          "textures": [],
          "buffers": [],
          "images": [],
          "subpassInputs": []
        }
      ],
      "hash": 3933692661,
      "glsl4": {
        "vert": "\n  precision highp float;\n#define LAYOUT(ind)\n#define in in\n#define out out\n#define centroid\n#define MOD mod\n#define FRAC fract\n#define LERP mix\n#define float2 vec2\n#define float3 vec3\n#define float4 vec4\n#define half2 vec2\n#define half3 vec3\n#define half4 vec4\n#define int2 ivec2\n#define int3 ivec3\n#define int4 ivec4\nLAYOUT(0) layout(location = 0) in vec3 Input_Pos;\nLAYOUT(1) layout(location = 1) in vec3 Input_Normal;\nLAYOUT(2) layout(location = 2) in vec3 Input_Binormal;\nLAYOUT(3) layout(location = 3) in vec3 Input_Tangent;\nLAYOUT(4) layout(location = 4) in vec2 Input_UV;\nLAYOUT(5) layout(location = 5) in vec4 Input_Color;\nLAYOUT(0) layout(location = 0) out lowp vec4 v_VColor;\nLAYOUT(1) layout(location = 1) out mediump vec2 v_UV1;\nLAYOUT(2) layout(location = 2) out mediump vec2 v_UV2;\nLAYOUT(3) layout(location = 3) out mediump vec4 v_WorldN_PX;\nLAYOUT(4) layout(location = 4) out mediump vec4 v_WorldB_PY;\nLAYOUT(5) layout(location = 5) out mediump vec4 v_WorldT_PZ;\nLAYOUT(6) layout(location = 6) out mediump vec4 v_PosP;\nLAYOUT(7) layout(location = 7) out mediump vec2 v_CustomData1;\nLAYOUT(8) layout(location = 8) out mediump vec2 v_CustomData2;\n#define _INSTANCE_COUNT_ 10\nLAYOUT(binding = 0) layout(set = 1, binding = 4) uniform sampler2D efk_background;\nLAYOUT(binding = 1) layout(set = 1, binding = 5) uniform sampler2D efk_depth;\nLAYOUT(binding = 0) layout(set = 1, binding = 0) uniform VSBlock {\n  mat4 ProjectionMatrix;\n  mat4 ModelMatrix;\n  vec4 UVOffset;\n  vec4 ModelColor;\n  vec4 mUVInversed;\n  vec4 customData1;\n  vec4 customData2;\n};\nlayout(set = 1, binding = 1) uniform EFK_COMMON {\n  vec4 predefined_uniform;\n  vec4 cameraPosition;\n};\nlayout(set = 1, binding = 2) uniform EFK_UNIFORM_GRADIENT {\n  vec4 efk_uniform_273;\n  vec4 efk_uniform_275;\n  vec4 efk_uniform_430;\n  vec4 efk_uniform_432;\n};\n#define FLT_EPSILON 1.192092896e-07\nvec4 vert()\n{\n  mat4 modelMatrix = ModelMatrix;\n  vec4 uvOffset = UVOffset;\n  vec4 modelColor = ModelColor * (Input_Color/255.0);\n  mat3 modelMatRot = mat3(modelMatrix);\n  vec3 worldPos = (modelMatrix * vec4(Input_Pos.xyz, 1.0)).xyz;\n  vec3 worldNormal = normalize(modelMatRot * Input_Normal);\n  vec3 worldBinormal = normalize(modelMatRot * Input_Binormal);\n  vec3 worldTangent = normalize(modelMatRot * Input_Tangent);\n  vec3 objectScale = vec3(1.0, 1.0, 1.0);\n  objectScale.x = length(modelMatRot * vec3(1.0, 0.0, 0.0));\n  objectScale.y = length(modelMatRot * vec3(0.0, 1.0, 0.0));\n  objectScale.z = length(modelMatRot * vec3(0.0, 0.0, 1.0));\n  vec2 uv1 = Input_UV.xy * uvOffset.zw + uvOffset.xy;\n  vec2 uv2 = Input_UV.xy;\n  vec3 pixelNormalDir = worldNormal;\n  vec4 vcolor = modelColor;\n  vec2 screenUV = vec2(0.0, 0.0);\n  float meshZ = 0.0;\n  v_CustomData1 = customData1.xy;\n  v_CustomData2 = customData2.xy;\nfloat val0=efk_uniform_273.x;\nfloat val1=efk_uniform_275.x;\nvec2 val2=uv1;\nvec2 val3=(val2*vec2(val1,val1));\nvec2 val4=FRAC(val3);\nvec2 val5=(val4-float(0.5));\nvec2 val6=(val5*float(2.0));\nvec2 val7=abs(val6);\nvec4 val8_CompMask=vec4(val7.x,val7.y, 0.0, 1.0);\nfloat val8=val8_CompMask.y;\nfloat val9=(float(0.0)+val8);\nfloat val10 = step(val9,val0);\nvec4 val11_CompMask=vec4(val7.x,val7.y, 0.0, 1.0);\nfloat val11=val11_CompMask.x;\nfloat val12=(float(0.0)+val11);\nfloat val13 = step(val12,val0);\nfloat val14=(val13*val10);\nfloat val15=customData1.x;\nvec2 val16=uv1;\nvec2 val17=(val16*vec2(val1,val1));\nvec2 val18=floor(val17);\nvec2 val19=(val18/vec2(val1,val1));\nvec2 val20=(val19+float(-0.5));\nvec4 val21_CompMask=vec4(val20.x,val20.y, 0.0, 1.0);\nfloat val21=val21_CompMask.y;\nfloat val22=(val21*val21);\nvec4 val23_CompMask=vec4(val20.x,val20.y, 0.0, 1.0);\nfloat val23=val23_CompMask.x;\nfloat val24=(val23*val23);\nfloat val25=(val24+val22);\nfloat val26=(val25*float(5.0));\nfloat val27 = step(val26,val15);\nfloat val28=customData2.x;\nfloat val29 = step(val28,val26);\nfloat val30=(val29*val27);\nfloat val31=(val30*val14);\nvec4 val32=efk_uniform_432;\nvec4 val33=efk_uniform_430;\nvec4 val34= LERP(val33,val32,val26);\nvec3 normalDir = vec3(0.5,0.5,1.0);\nvec3 worldPositionOffset = vec3(0.0,0.0,0.0);\nvec3 baseColor = vec3(0.0,0.0,0.0);\nvec3 emissive = vec3(val34.x,val34.y,val34.z);\nfloat metallic = float(0.5);\nfloat roughness = float(0.5);\nfloat ambientOcclusion = float(1.0);\nfloat opacity = float(1.0);\nfloat opacityMask = val31;\nfloat refraction = float(0.0);\n  worldPos = worldPos + worldPositionOffset;\n  v_WorldN_PX.w = worldPos.x;\n  v_WorldB_PY.w = worldPos.y;\n  v_WorldT_PZ.w = worldPos.z;\n  v_WorldN_PX.xyz = worldNormal;\n  v_WorldB_PY.xyz = worldBinormal;\n  v_WorldT_PZ.xyz = worldTangent;\n  v_UV1 = uv1;\n  v_UV2 = uv2;\n  v_VColor = vcolor;\n  v_PosP = ProjectionMatrix * vec4(worldPos, 1.0);\n  #ifdef _Y_INVERTED_\n  v_PosP.y = - v_PosP.y;\n  #endif\n  return v_PosP;\n}\nvoid main() { gl_Position = vert(); }",
        "frag": "\n  precision highp float;\n#define LAYOUT(ind)\n#define in in\n#define out out\n#define centroid\n#define MOD mod\n#define FRAC fract\n#define LERP mix\n#define float2 vec2\n#define float3 vec3\n#define float4 vec4\n#define half2 vec2\n#define half3 vec3\n#define half4 vec4\n#define int2 ivec2\n#define int3 ivec3\n#define int4 ivec4\nLAYOUT(0) layout(location = 0) in lowp vec4 v_VColor;\nLAYOUT(1) layout(location = 1) in mediump vec2 v_UV1;\nLAYOUT(2) layout(location = 2) in mediump vec2 v_UV2;\nLAYOUT(3) layout(location = 3) in mediump vec4 v_WorldN_PX;\nLAYOUT(4) layout(location = 4) in mediump vec4 v_WorldB_PY;\nLAYOUT(5) layout(location = 5) in mediump vec4 v_WorldT_PZ;\nLAYOUT(6) layout(location = 6) in mediump vec4 v_PosP;\nLAYOUT(7) layout(location = 7) in mediump vec2 v_CustomData1;\nLAYOUT(8) layout(location = 8) in mediump vec2 v_CustomData2;\n#define _INSTANCE_COUNT_ 10\nLAYOUT(binding = 0) layout(set = 1, binding = 4) uniform sampler2D efk_background;\nLAYOUT(binding = 1) layout(set = 1, binding = 5) uniform sampler2D efk_depth;\nLAYOUT(binding = 0) layout(set = 1, binding = 3) uniform FSBlock {\n  vec4 mUVInversedBack;\n  vec4 reconstructionParam1;\n  vec4 reconstructionParam2;\n  vec4 lightDirection;\n  vec4 lightColor;\n  vec4 lightAmbientColor;\n};\nlayout(set = 1, binding = 1) uniform EFK_COMMON {\n  vec4 predefined_uniform;\n  vec4 cameraPosition;\n};\nlayout(set = 1, binding = 2) uniform EFK_UNIFORM_GRADIENT {\n  vec4 efk_uniform_273;\n  vec4 efk_uniform_275;\n  vec4 efk_uniform_430;\n  vec4 efk_uniform_432;\n};\n#define FLT_EPSILON 1.192092896e-07\nhalf3 SRGBToLinear(half3 c)\n{\n  return min(c, c * (c * (c * 0.305306011 + 0.682171111) + 0.012522878));\n}\nhalf4 SRGBToLinear(half4 c)\n{\n  return half4(SRGBToLinear(c.rgb), c.a);\n}\nhalf4 ConvertToScreen(half4 c)\n{\n  if (predefined_uniform.z == 0.0)\n  {\n    return c;\n  }\n  return SRGBToLinear(c);\n}\n#ifdef _MATERIAL_LIT_\nconst float lightScale = 3.14;\n#endif\nvec4 frag()\n{\n  vec2 uv1 = v_UV1;\n  vec2 uv2 = v_UV2;\n  vec3 worldPos = vec3(v_WorldN_PX.w, v_WorldB_PY.w, v_WorldT_PZ.w);\n  vec3 worldNormal = v_WorldN_PX.xyz;\n  vec3 worldTangent = v_WorldT_PZ.xyz;\n  vec3 worldBinormal = v_WorldB_PY.xyz;\n  vec3 pixelNormalDir = worldNormal;\n  vec4 vcolor = v_VColor;\n  vec3 objectScale = vec3(1.0, 1.0, 1.0);\n  vec2 screenUV = v_PosP.xy / v_PosP.w;\n  float meshZ =   v_PosP.z / v_PosP.w;\n  screenUV.xy = vec2(screenUV.x + 1.0, screenUV.y + 1.0) * 0.5;\n#ifdef _SCREEN_FLIPPED_\n  screenUV.y = 1.0 - screenUV.y;\n#endif\n  vec2 customData1 = v_CustomData1;\n  vec2 customData2 = v_CustomData2;\nfloat val0=efk_uniform_273.x;\nfloat val1=efk_uniform_275.x;\nvec2 val2=uv1;\nvec2 val3=(val2*vec2(val1,val1));\nvec2 val4=FRAC(val3);\nvec2 val5=(val4-float(0.5));\nvec2 val6=(val5*float(2.0));\nvec2 val7=abs(val6);\nvec4 val8_CompMask=vec4(val7.x,val7.y, 0.0, 1.0);\nfloat val8=val8_CompMask.y;\nfloat val9=(float(0.0)+val8);\nfloat val10 = step(val9,val0);\nvec4 val11_CompMask=vec4(val7.x,val7.y, 0.0, 1.0);\nfloat val11=val11_CompMask.x;\nfloat val12=(float(0.0)+val11);\nfloat val13 = step(val12,val0);\nfloat val14=(val13*val10);\nfloat val15=customData1.x;\nvec2 val16=uv1;\nvec2 val17=(val16*vec2(val1,val1));\nvec2 val18=floor(val17);\nvec2 val19=(val18/vec2(val1,val1));\nvec2 val20=(val19+float(-0.5));\nvec4 val21_CompMask=vec4(val20.x,val20.y, 0.0, 1.0);\nfloat val21=val21_CompMask.y;\nfloat val22=(val21*val21);\nvec4 val23_CompMask=vec4(val20.x,val20.y, 0.0, 1.0);\nfloat val23=val23_CompMask.x;\nfloat val24=(val23*val23);\nfloat val25=(val24+val22);\nfloat val26=(val25*float(5.0));\nfloat val27 = step(val26,val15);\nfloat val28=customData2.x;\nfloat val29 = step(val28,val26);\nfloat val30=(val29*val27);\nfloat val31=(val30*val14);\nvec4 val32=efk_uniform_432;\nvec4 val33=efk_uniform_430;\nvec4 val34= LERP(val33,val32,val26);\nvec3 normalDir = vec3(0.5,0.5,1.0);\nvec3 worldPositionOffset = vec3(0.0,0.0,0.0);\nvec3 baseColor = vec3(0.0,0.0,0.0);\nvec3 emissive = vec3(val34.x,val34.y,val34.z);\nfloat metallic = float(0.5);\nfloat roughness = float(0.5);\nfloat ambientOcclusion = float(1.0);\nfloat opacity = float(1.0);\nfloat opacityMask = val31;\nfloat refraction = float(0.0);\n  if(opacityMask <= 0.0) discard;\n  if(opacity <= 0.0) discard;\n  return ConvertToScreen(vec4(emissive, opacity));\n}\nlayout(location = 0) out vec4 cc_FragColor;\nvoid main() { cc_FragColor = frag(); }"
      },
      "glsl3": {
        "vert": "\n  precision highp float;\n#define LAYOUT(ind)\n#define in in\n#define out out\n#define centroid\n#define MOD mod\n#define FRAC fract\n#define LERP mix\n#define float2 vec2\n#define float3 vec3\n#define float4 vec4\n#define half2 vec2\n#define half3 vec3\n#define half4 vec4\n#define int2 ivec2\n#define int3 ivec3\n#define int4 ivec4\nLAYOUT(0) in vec3 Input_Pos;\nLAYOUT(1) in vec3 Input_Normal;\nLAYOUT(2) in vec3 Input_Binormal;\nLAYOUT(3) in vec3 Input_Tangent;\nLAYOUT(4) in vec2 Input_UV;\nLAYOUT(5) in vec4 Input_Color;\nLAYOUT(0) out lowp vec4 v_VColor;\nLAYOUT(1) out mediump vec2 v_UV1;\nLAYOUT(2) out mediump vec2 v_UV2;\nLAYOUT(3) out mediump vec4 v_WorldN_PX;\nLAYOUT(4) out mediump vec4 v_WorldB_PY;\nLAYOUT(5) out mediump vec4 v_WorldT_PZ;\nLAYOUT(6) out mediump vec4 v_PosP;\nLAYOUT(7) out mediump vec2 v_CustomData1;\nLAYOUT(8) out mediump vec2 v_CustomData2;\n#define _INSTANCE_COUNT_ 10\nLAYOUT(binding = 0) uniform sampler2D efk_background;\nLAYOUT(binding = 1) uniform sampler2D efk_depth;\nLAYOUT(binding = 0) layout(std140) uniform VSBlock {\n  mat4 ProjectionMatrix;\n  mat4 ModelMatrix;\n  vec4 UVOffset;\n  vec4 ModelColor;\n  vec4 mUVInversed;\n  vec4 customData1;\n  vec4 customData2;\n};\nlayout(std140) uniform EFK_COMMON {\n  vec4 predefined_uniform;\n  vec4 cameraPosition;\n};\nlayout(std140) uniform EFK_UNIFORM_GRADIENT {\n  vec4 efk_uniform_273;\n  vec4 efk_uniform_275;\n  vec4 efk_uniform_430;\n  vec4 efk_uniform_432;\n};\n#define FLT_EPSILON 1.192092896e-07\nvec4 vert()\n{\n  mat4 modelMatrix = ModelMatrix;\n  vec4 uvOffset = UVOffset;\n  vec4 modelColor = ModelColor * (Input_Color/255.0);\n  mat3 modelMatRot = mat3(modelMatrix);\n  vec3 worldPos = (modelMatrix * vec4(Input_Pos.xyz, 1.0)).xyz;\n  vec3 worldNormal = normalize(modelMatRot * Input_Normal);\n  vec3 worldBinormal = normalize(modelMatRot * Input_Binormal);\n  vec3 worldTangent = normalize(modelMatRot * Input_Tangent);\n  vec3 objectScale = vec3(1.0, 1.0, 1.0);\n  objectScale.x = length(modelMatRot * vec3(1.0, 0.0, 0.0));\n  objectScale.y = length(modelMatRot * vec3(0.0, 1.0, 0.0));\n  objectScale.z = length(modelMatRot * vec3(0.0, 0.0, 1.0));\n  vec2 uv1 = Input_UV.xy * uvOffset.zw + uvOffset.xy;\n  vec2 uv2 = Input_UV.xy;\n  vec3 pixelNormalDir = worldNormal;\n  vec4 vcolor = modelColor;\n  vec2 screenUV = vec2(0.0, 0.0);\n  float meshZ = 0.0;\n  v_CustomData1 = customData1.xy;\n  v_CustomData2 = customData2.xy;\nfloat val0=efk_uniform_273.x;\nfloat val1=efk_uniform_275.x;\nvec2 val2=uv1;\nvec2 val3=(val2*vec2(val1,val1));\nvec2 val4=FRAC(val3);\nvec2 val5=(val4-float(0.5));\nvec2 val6=(val5*float(2.0));\nvec2 val7=abs(val6);\nvec4 val8_CompMask=vec4(val7.x,val7.y, 0.0, 1.0);\nfloat val8=val8_CompMask.y;\nfloat val9=(float(0.0)+val8);\nfloat val10 = step(val9,val0);\nvec4 val11_CompMask=vec4(val7.x,val7.y, 0.0, 1.0);\nfloat val11=val11_CompMask.x;\nfloat val12=(float(0.0)+val11);\nfloat val13 = step(val12,val0);\nfloat val14=(val13*val10);\nfloat val15=customData1.x;\nvec2 val16=uv1;\nvec2 val17=(val16*vec2(val1,val1));\nvec2 val18=floor(val17);\nvec2 val19=(val18/vec2(val1,val1));\nvec2 val20=(val19+float(-0.5));\nvec4 val21_CompMask=vec4(val20.x,val20.y, 0.0, 1.0);\nfloat val21=val21_CompMask.y;\nfloat val22=(val21*val21);\nvec4 val23_CompMask=vec4(val20.x,val20.y, 0.0, 1.0);\nfloat val23=val23_CompMask.x;\nfloat val24=(val23*val23);\nfloat val25=(val24+val22);\nfloat val26=(val25*float(5.0));\nfloat val27 = step(val26,val15);\nfloat val28=customData2.x;\nfloat val29 = step(val28,val26);\nfloat val30=(val29*val27);\nfloat val31=(val30*val14);\nvec4 val32=efk_uniform_432;\nvec4 val33=efk_uniform_430;\nvec4 val34= LERP(val33,val32,val26);\nvec3 normalDir = vec3(0.5,0.5,1.0);\nvec3 worldPositionOffset = vec3(0.0,0.0,0.0);\nvec3 baseColor = vec3(0.0,0.0,0.0);\nvec3 emissive = vec3(val34.x,val34.y,val34.z);\nfloat metallic = float(0.5);\nfloat roughness = float(0.5);\nfloat ambientOcclusion = float(1.0);\nfloat opacity = float(1.0);\nfloat opacityMask = val31;\nfloat refraction = float(0.0);\n  worldPos = worldPos + worldPositionOffset;\n  v_WorldN_PX.w = worldPos.x;\n  v_WorldB_PY.w = worldPos.y;\n  v_WorldT_PZ.w = worldPos.z;\n  v_WorldN_PX.xyz = worldNormal;\n  v_WorldB_PY.xyz = worldBinormal;\n  v_WorldT_PZ.xyz = worldTangent;\n  v_UV1 = uv1;\n  v_UV2 = uv2;\n  v_VColor = vcolor;\n  v_PosP = ProjectionMatrix * vec4(worldPos, 1.0);\n  #ifdef _Y_INVERTED_\n  v_PosP.y = - v_PosP.y;\n  #endif\n  return v_PosP;\n}\nvoid main() { gl_Position = vert(); }",
        "frag": "\n  precision highp float;\n#define LAYOUT(ind)\n#define in in\n#define out out\n#define centroid\n#define MOD mod\n#define FRAC fract\n#define LERP mix\n#define float2 vec2\n#define float3 vec3\n#define float4 vec4\n#define half2 vec2\n#define half3 vec3\n#define half4 vec4\n#define int2 ivec2\n#define int3 ivec3\n#define int4 ivec4\nLAYOUT(0) in lowp vec4 v_VColor;\nLAYOUT(1) in mediump vec2 v_UV1;\nLAYOUT(2) in mediump vec2 v_UV2;\nLAYOUT(3) in mediump vec4 v_WorldN_PX;\nLAYOUT(4) in mediump vec4 v_WorldB_PY;\nLAYOUT(5) in mediump vec4 v_WorldT_PZ;\nLAYOUT(6) in mediump vec4 v_PosP;\nLAYOUT(7) in mediump vec2 v_CustomData1;\nLAYOUT(8) in mediump vec2 v_CustomData2;\n#define _INSTANCE_COUNT_ 10\nLAYOUT(binding = 0) uniform sampler2D efk_background;\nLAYOUT(binding = 1) uniform sampler2D efk_depth;\nLAYOUT(binding = 0) layout(std140) uniform FSBlock {\n  vec4 mUVInversedBack;\n  vec4 reconstructionParam1;\n  vec4 reconstructionParam2;\n  vec4 lightDirection;\n  vec4 lightColor;\n  vec4 lightAmbientColor;\n};\nlayout(std140) uniform EFK_COMMON {\n  vec4 predefined_uniform;\n  vec4 cameraPosition;\n};\nlayout(std140) uniform EFK_UNIFORM_GRADIENT {\n  vec4 efk_uniform_273;\n  vec4 efk_uniform_275;\n  vec4 efk_uniform_430;\n  vec4 efk_uniform_432;\n};\n#define FLT_EPSILON 1.192092896e-07\nhalf3 SRGBToLinear(half3 c)\n{\n  return min(c, c * (c * (c * 0.305306011 + 0.682171111) + 0.012522878));\n}\nhalf4 SRGBToLinear(half4 c)\n{\n  return half4(SRGBToLinear(c.rgb), c.a);\n}\nhalf4 ConvertToScreen(half4 c)\n{\n  if (predefined_uniform.z == 0.0)\n  {\n    return c;\n  }\n  return SRGBToLinear(c);\n}\n#ifdef _MATERIAL_LIT_\nconst float lightScale = 3.14;\n#endif\nvec4 frag()\n{\n  vec2 uv1 = v_UV1;\n  vec2 uv2 = v_UV2;\n  vec3 worldPos = vec3(v_WorldN_PX.w, v_WorldB_PY.w, v_WorldT_PZ.w);\n  vec3 worldNormal = v_WorldN_PX.xyz;\n  vec3 worldTangent = v_WorldT_PZ.xyz;\n  vec3 worldBinormal = v_WorldB_PY.xyz;\n  vec3 pixelNormalDir = worldNormal;\n  vec4 vcolor = v_VColor;\n  vec3 objectScale = vec3(1.0, 1.0, 1.0);\n  vec2 screenUV = v_PosP.xy / v_PosP.w;\n  float meshZ =   v_PosP.z / v_PosP.w;\n  screenUV.xy = vec2(screenUV.x + 1.0, screenUV.y + 1.0) * 0.5;\n#ifdef _SCREEN_FLIPPED_\n  screenUV.y = 1.0 - screenUV.y;\n#endif\n  vec2 customData1 = v_CustomData1;\n  vec2 customData2 = v_CustomData2;\nfloat val0=efk_uniform_273.x;\nfloat val1=efk_uniform_275.x;\nvec2 val2=uv1;\nvec2 val3=(val2*vec2(val1,val1));\nvec2 val4=FRAC(val3);\nvec2 val5=(val4-float(0.5));\nvec2 val6=(val5*float(2.0));\nvec2 val7=abs(val6);\nvec4 val8_CompMask=vec4(val7.x,val7.y, 0.0, 1.0);\nfloat val8=val8_CompMask.y;\nfloat val9=(float(0.0)+val8);\nfloat val10 = step(val9,val0);\nvec4 val11_CompMask=vec4(val7.x,val7.y, 0.0, 1.0);\nfloat val11=val11_CompMask.x;\nfloat val12=(float(0.0)+val11);\nfloat val13 = step(val12,val0);\nfloat val14=(val13*val10);\nfloat val15=customData1.x;\nvec2 val16=uv1;\nvec2 val17=(val16*vec2(val1,val1));\nvec2 val18=floor(val17);\nvec2 val19=(val18/vec2(val1,val1));\nvec2 val20=(val19+float(-0.5));\nvec4 val21_CompMask=vec4(val20.x,val20.y, 0.0, 1.0);\nfloat val21=val21_CompMask.y;\nfloat val22=(val21*val21);\nvec4 val23_CompMask=vec4(val20.x,val20.y, 0.0, 1.0);\nfloat val23=val23_CompMask.x;\nfloat val24=(val23*val23);\nfloat val25=(val24+val22);\nfloat val26=(val25*float(5.0));\nfloat val27 = step(val26,val15);\nfloat val28=customData2.x;\nfloat val29 = step(val28,val26);\nfloat val30=(val29*val27);\nfloat val31=(val30*val14);\nvec4 val32=efk_uniform_432;\nvec4 val33=efk_uniform_430;\nvec4 val34= LERP(val33,val32,val26);\nvec3 normalDir = vec3(0.5,0.5,1.0);\nvec3 worldPositionOffset = vec3(0.0,0.0,0.0);\nvec3 baseColor = vec3(0.0,0.0,0.0);\nvec3 emissive = vec3(val34.x,val34.y,val34.z);\nfloat metallic = float(0.5);\nfloat roughness = float(0.5);\nfloat ambientOcclusion = float(1.0);\nfloat opacity = float(1.0);\nfloat opacityMask = val31;\nfloat refraction = float(0.0);\n  if(opacityMask <= 0.0) discard;\n  if(opacity <= 0.0) discard;\n  return ConvertToScreen(vec4(emissive, opacity));\n}\nlayout(location = 0) out vec4 cc_FragColor;\nvoid main() { cc_FragColor = frag(); }"
      },
      "glsl1": {
        "vert": "\n  precision highp float;\n#define LAYOUT(ind)\n#define in in\n#define out out\n#define centroid\n#define MOD mod\n#define FRAC fract\n#define LERP mix\n#define float2 vec2\n#define float3 vec3\n#define float4 vec4\n#define half2 vec2\n#define half3 vec3\n#define half4 vec4\n#define int2 ivec2\n#define int3 ivec3\n#define int4 ivec4\nLAYOUT(0) attribute vec3 Input_Pos;\nLAYOUT(1) attribute vec3 Input_Normal;\nLAYOUT(2) attribute vec3 Input_Binormal;\nLAYOUT(3) attribute vec3 Input_Tangent;\nLAYOUT(4) attribute vec2 Input_UV;\nLAYOUT(5) attribute vec4 Input_Color;\nLAYOUT(0) varying lowp vec4 v_VColor;\nLAYOUT(1) varying mediump vec2 v_UV1;\nLAYOUT(2) varying mediump vec2 v_UV2;\nLAYOUT(3) varying mediump vec4 v_WorldN_PX;\nLAYOUT(4) varying mediump vec4 v_WorldB_PY;\nLAYOUT(5) varying mediump vec4 v_WorldT_PZ;\nLAYOUT(6) varying mediump vec4 v_PosP;\nLAYOUT(7) varying mediump vec2 v_CustomData1;\nLAYOUT(8) varying mediump vec2 v_CustomData2;\n#define _INSTANCE_COUNT_ 10\nLAYOUT(binding = 0) uniform sampler2D efk_background;\nLAYOUT(binding = 1) uniform sampler2D efk_depth;\nLAYOUT(binding = 0)   uniform mat4 ProjectionMatrix;\n  uniform mat4 ModelMatrix;\n  uniform vec4 UVOffset;\n  uniform vec4 ModelColor;\n  uniform vec4 customData1;\n  uniform vec4 customData2;\n     uniform vec4 efk_uniform_273;\n     uniform vec4 efk_uniform_275;\n     uniform vec4 efk_uniform_430;\n     uniform vec4 efk_uniform_432;\n#define FLT_EPSILON 1.192092896e-07\nvec4 vert()\n{\n  mat4 modelMatrix = ModelMatrix;\n  vec4 uvOffset = UVOffset;\n  vec4 modelColor = ModelColor * (Input_Color/255.0);\n  mat3 modelMatRot = mat3(modelMatrix);\n  vec3 worldPos = (modelMatrix * vec4(Input_Pos.xyz, 1.0)).xyz;\n  vec3 worldNormal = normalize(modelMatRot * Input_Normal);\n  vec3 worldBinormal = normalize(modelMatRot * Input_Binormal);\n  vec3 worldTangent = normalize(modelMatRot * Input_Tangent);\n  vec3 objectScale = vec3(1.0, 1.0, 1.0);\n  objectScale.x = length(modelMatRot * vec3(1.0, 0.0, 0.0));\n  objectScale.y = length(modelMatRot * vec3(0.0, 1.0, 0.0));\n  objectScale.z = length(modelMatRot * vec3(0.0, 0.0, 1.0));\n  vec2 uv1 = Input_UV.xy * uvOffset.zw + uvOffset.xy;\n  vec2 uv2 = Input_UV.xy;\n  vec3 pixelNormalDir = worldNormal;\n  vec4 vcolor = modelColor;\n  vec2 screenUV = vec2(0.0, 0.0);\n  float meshZ = 0.0;\n  v_CustomData1 = customData1.xy;\n  v_CustomData2 = customData2.xy;\nfloat val0=efk_uniform_273.x;\nfloat val1=efk_uniform_275.x;\nvec2 val2=uv1;\nvec2 val3=(val2*vec2(val1,val1));\nvec2 val4=FRAC(val3);\nvec2 val5=(val4-float(0.5));\nvec2 val6=(val5*float(2.0));\nvec2 val7=abs(val6);\nvec4 val8_CompMask=vec4(val7.x,val7.y, 0.0, 1.0);\nfloat val8=val8_CompMask.y;\nfloat val9=(float(0.0)+val8);\nfloat val10 = step(val9,val0);\nvec4 val11_CompMask=vec4(val7.x,val7.y, 0.0, 1.0);\nfloat val11=val11_CompMask.x;\nfloat val12=(float(0.0)+val11);\nfloat val13 = step(val12,val0);\nfloat val14=(val13*val10);\nfloat val15=customData1.x;\nvec2 val16=uv1;\nvec2 val17=(val16*vec2(val1,val1));\nvec2 val18=floor(val17);\nvec2 val19=(val18/vec2(val1,val1));\nvec2 val20=(val19+float(-0.5));\nvec4 val21_CompMask=vec4(val20.x,val20.y, 0.0, 1.0);\nfloat val21=val21_CompMask.y;\nfloat val22=(val21*val21);\nvec4 val23_CompMask=vec4(val20.x,val20.y, 0.0, 1.0);\nfloat val23=val23_CompMask.x;\nfloat val24=(val23*val23);\nfloat val25=(val24+val22);\nfloat val26=(val25*float(5.0));\nfloat val27 = step(val26,val15);\nfloat val28=customData2.x;\nfloat val29 = step(val28,val26);\nfloat val30=(val29*val27);\nfloat val31=(val30*val14);\nvec4 val32=efk_uniform_432;\nvec4 val33=efk_uniform_430;\nvec4 val34= LERP(val33,val32,val26);\nvec3 normalDir = vec3(0.5,0.5,1.0);\nvec3 worldPositionOffset = vec3(0.0,0.0,0.0);\nvec3 baseColor = vec3(0.0,0.0,0.0);\nvec3 emissive = vec3(val34.x,val34.y,val34.z);\nfloat metallic = float(0.5);\nfloat roughness = float(0.5);\nfloat ambientOcclusion = float(1.0);\nfloat opacity = float(1.0);\nfloat opacityMask = val31;\nfloat refraction = float(0.0);\n  worldPos = worldPos + worldPositionOffset;\n  v_WorldN_PX.w = worldPos.x;\n  v_WorldB_PY.w = worldPos.y;\n  v_WorldT_PZ.w = worldPos.z;\n  v_WorldN_PX.xyz = worldNormal;\n  v_WorldB_PY.xyz = worldBinormal;\n  v_WorldT_PZ.xyz = worldTangent;\n  v_UV1 = uv1;\n  v_UV2 = uv2;\n  v_VColor = vcolor;\n  v_PosP = ProjectionMatrix * vec4(worldPos, 1.0);\n  #ifdef _Y_INVERTED_\n  v_PosP.y = - v_PosP.y;\n  #endif\n  return v_PosP;\n}\nvoid main() { gl_Position = vert(); }",
        "frag": "\n  precision highp float;\n#define LAYOUT(ind)\n#define in in\n#define out out\n#define centroid\n#define MOD mod\n#define FRAC fract\n#define LERP mix\n#define float2 vec2\n#define float3 vec3\n#define float4 vec4\n#define half2 vec2\n#define half3 vec3\n#define half4 vec4\n#define int2 ivec2\n#define int3 ivec3\n#define int4 ivec4\nLAYOUT(0) varying lowp vec4 v_VColor;\nLAYOUT(1) varying mediump vec2 v_UV1;\nLAYOUT(2) varying mediump vec2 v_UV2;\nLAYOUT(3) varying mediump vec4 v_WorldN_PX;\nLAYOUT(4) varying mediump vec4 v_WorldB_PY;\nLAYOUT(5) varying mediump vec4 v_WorldT_PZ;\nLAYOUT(6) varying mediump vec4 v_PosP;\nLAYOUT(7) varying mediump vec2 v_CustomData1;\nLAYOUT(8) varying mediump vec2 v_CustomData2;\n#define _INSTANCE_COUNT_ 10\nLAYOUT(binding = 0) uniform sampler2D efk_background;\nLAYOUT(binding = 1) uniform sampler2D efk_depth;\nLAYOUT(binding = 0)\n    uniform vec4 predefined_uniform;\n   uniform vec4 efk_uniform_273;\n   uniform vec4 efk_uniform_275;\n   uniform vec4 efk_uniform_430;\n   uniform vec4 efk_uniform_432;\n#define FLT_EPSILON 1.192092896e-07\nhalf3 SRGBToLinear(half3 c)\n{\n  return min(c, c * (c * (c * 0.305306011 + 0.682171111) + 0.012522878));\n}\nhalf4 SRGBToLinear(half4 c)\n{\n  return half4(SRGBToLinear(c.rgb), c.a);\n}\nhalf4 ConvertToScreen(half4 c)\n{\n  if (predefined_uniform.z == 0.0)\n  {\n    return c;\n  }\n  return SRGBToLinear(c);\n}\n#ifdef _MATERIAL_LIT_\nconst float lightScale = 3.14;\n#endif\nvec4 frag()\n{\n  vec2 uv1 = v_UV1;\n  vec2 uv2 = v_UV2;\n  vec3 worldPos = vec3(v_WorldN_PX.w, v_WorldB_PY.w, v_WorldT_PZ.w);\n  vec3 worldNormal = v_WorldN_PX.xyz;\n  vec3 worldTangent = v_WorldT_PZ.xyz;\n  vec3 worldBinormal = v_WorldB_PY.xyz;\n  vec3 pixelNormalDir = worldNormal;\n  vec4 vcolor = v_VColor;\n  vec3 objectScale = vec3(1.0, 1.0, 1.0);\n  vec2 screenUV = v_PosP.xy / v_PosP.w;\n  float meshZ =   v_PosP.z / v_PosP.w;\n  screenUV.xy = vec2(screenUV.x + 1.0, screenUV.y + 1.0) * 0.5;\n#ifdef _SCREEN_FLIPPED_\n  screenUV.y = 1.0 - screenUV.y;\n#endif\n  vec2 customData1 = v_CustomData1;\n  vec2 customData2 = v_CustomData2;\nfloat val0=efk_uniform_273.x;\nfloat val1=efk_uniform_275.x;\nvec2 val2=uv1;\nvec2 val3=(val2*vec2(val1,val1));\nvec2 val4=FRAC(val3);\nvec2 val5=(val4-float(0.5));\nvec2 val6=(val5*float(2.0));\nvec2 val7=abs(val6);\nvec4 val8_CompMask=vec4(val7.x,val7.y, 0.0, 1.0);\nfloat val8=val8_CompMask.y;\nfloat val9=(float(0.0)+val8);\nfloat val10 = step(val9,val0);\nvec4 val11_CompMask=vec4(val7.x,val7.y, 0.0, 1.0);\nfloat val11=val11_CompMask.x;\nfloat val12=(float(0.0)+val11);\nfloat val13 = step(val12,val0);\nfloat val14=(val13*val10);\nfloat val15=customData1.x;\nvec2 val16=uv1;\nvec2 val17=(val16*vec2(val1,val1));\nvec2 val18=floor(val17);\nvec2 val19=(val18/vec2(val1,val1));\nvec2 val20=(val19+float(-0.5));\nvec4 val21_CompMask=vec4(val20.x,val20.y, 0.0, 1.0);\nfloat val21=val21_CompMask.y;\nfloat val22=(val21*val21);\nvec4 val23_CompMask=vec4(val20.x,val20.y, 0.0, 1.0);\nfloat val23=val23_CompMask.x;\nfloat val24=(val23*val23);\nfloat val25=(val24+val22);\nfloat val26=(val25*float(5.0));\nfloat val27 = step(val26,val15);\nfloat val28=customData2.x;\nfloat val29 = step(val28,val26);\nfloat val30=(val29*val27);\nfloat val31=(val30*val14);\nvec4 val32=efk_uniform_432;\nvec4 val33=efk_uniform_430;\nvec4 val34= LERP(val33,val32,val26);\nvec3 normalDir = vec3(0.5,0.5,1.0);\nvec3 worldPositionOffset = vec3(0.0,0.0,0.0);\nvec3 baseColor = vec3(0.0,0.0,0.0);\nvec3 emissive = vec3(val34.x,val34.y,val34.z);\nfloat metallic = float(0.5);\nfloat roughness = float(0.5);\nfloat ambientOcclusion = float(1.0);\nfloat opacity = float(1.0);\nfloat opacityMask = val31;\nfloat refraction = float(0.0);\n  if(opacityMask <= 0.0) discard;\n  if(opacity <= 0.0) discard;\n  return ConvertToScreen(vec4(emissive, opacity));\n}\nvoid main() { gl_FragColor = frag(); }"
      },
      "builtins": {
        "globals": {
          "blocks": [],
          "samplerTextures": [],
          "buffers": [],
          "images": []
        },
        "locals": {
          "blocks": [],
          "samplerTextures": [],
          "buffers": [],
          "images": []
        },
        "statistics": {
          "CC_EFFECT_USED_VERTEX_UNIFORM_VECTORS": 19,
          "CC_EFFECT_USED_FRAGMENT_UNIFORM_VECTORS": 12
        }
      },
      "defines": [],
      "name": "../efk_09/Pixel_02|model_vs:vert|model_fs:frag"
    }
  ],
  "combinations": [],
  "hideInEditor": false
}