{
  "__type__": "cc.EffectAsset",
  "_name": "../material/model/efk_model_unlit",
  "_objFlags": 0,
  "__editorExtras__": {},
  "_native": "",
  "techniques": [
    {
      "name": "opaque",
      "passes": [
        {
          "program": "../material/model/efk_model_unlit|model_unlit_vs:vert|model_unlit_ps:frag",
          "properties": {
            "fUV": {
              "editor": {
                "visible": false
              },
              "type": 16
            },
            "fModelColor": {
              "editor": {
                "visible": false
              },
              "type": 16
            }
          }
        }
      ]
    },
    {
      "name": "transparent",
      "passes": [
        {
          "blendState": {
            "targets": [
              {
                "blend": true,
                "blendSrc": 2,
                "blendDst": 4,
                "blendSrcAlpha": 2,
                "blendDstAlpha": 4
              }
            ]
          },
          "program": "../material/model/efk_model_unlit|model_unlit_vs:vert|model_unlit_ps:frag",
          "properties": {
            "fUV": {
              "editor": {
                "visible": false
              },
              "type": 16
            },
            "fModelColor": {
              "editor": {
                "visible": false
              },
              "type": 16
            }
          }
        }
      ]
    }
  ],
  "shaders": [
    {
      "blocks": [
        {
          "name": "VS_ConstantBuffer",
          "members": [
            {
              "name": "mCameraProj",
              "type": 25,
              "count": 1
            },
            {
              "name": "mModel",
              "type": 25,
              "count": 1
            },
            {
              "name": "fUV",
              "type": 16,
              "count": 1
            },
            {
              "name": "fModelColor",
              "type": 16,
              "count": 1
            },
            {
              "name": "mUVInversed",
              "type": 16,
              "count": 1
            }
          ],
          "defines": [],
          "stageFlags": 1,
          "binding": 0
        },
        {
          "name": "PS_ConstanBuffer",
          "members": [
            {
              "name": "fLightDirection",
              "type": 16,
              "count": 1
            },
            {
              "name": "fLightColor",
              "type": 16,
              "count": 1
            },
            {
              "name": "fLightAmbient",
              "type": 16,
              "count": 1
            },
            {
              "name": "fFlipbookParameter",
              "type": 16,
              "count": 1
            },
            {
              "name": "fUVDistortionParameter",
              "type": 16,
              "count": 1
            },
            {
              "name": "fBlendTextureParameter",
              "type": 16,
              "count": 1
            },
            {
              "name": "fCameraFrontDirection",
              "type": 16,
              "count": 1
            },
            {
              "name": "fFalloffParameter",
              "type": 16,
              "count": 1
            },
            {
              "name": "fFalloffBeginColor",
              "type": 16,
              "count": 1
            },
            {
              "name": "fFalloffEndColor",
              "type": 16,
              "count": 1
            },
            {
              "name": "fEmissiveScaling",
              "type": 16,
              "count": 1
            },
            {
              "name": "fEdgeColor",
              "type": 16,
              "count": 1
            },
            {
              "name": "fEdgeParameter",
              "type": 16,
              "count": 1
            },
            {
              "name": "softParticleParam",
              "type": 16,
              "count": 1
            },
            {
              "name": "reconstructionParam1",
              "type": 16,
              "count": 1
            },
            {
              "name": "reconstructionParam2",
              "type": 16,
              "count": 1
            },
            {
              "name": "mUVInversedBack",
              "type": 16,
              "count": 1
            },
            {
              "name": "miscFlags",
              "type": 16,
              "count": 1
            }
          ],
          "defines": [],
          "stageFlags": 16,
          "binding": 1
        }
      ],
      "samplerTextures": [
        {
          "name": "Sampler_sampler_colorTex",
          "type": 28,
          "count": 1,
          "defines": [],
          "stageFlags": 16,
          "binding": 2
        }
      ],
      "samplers": [],
      "textures": [],
      "buffers": [],
      "images": [],
      "subpassInputs": [],
      "attributes": [
        {
          "name": "Input_Pos",
          "defines": [],
          "format": 32,
          "location": 0
        },
        {
          "name": "Input_Normal",
          "defines": [],
          "format": 32,
          "location": 1
        },
        {
          "name": "Input_Binormal",
          "defines": [],
          "format": 32,
          "location": 2
        },
        {
          "name": "Input_Tangent",
          "defines": [],
          "format": 32,
          "location": 3
        },
        {
          "name": "Input_UV",
          "defines": [],
          "format": 21,
          "location": 4
        },
        {
          "name": "Input_Color",
          "defines": [],
          "format": 44,
          "location": 5
        }
      ],
      "varyings": [
        {
          "name": "_VSPS_Color",
          "type": 16,
          "count": 1,
          "defines": [],
          "stageFlags": 17,
          "location": 0
        },
        {
          "name": "_VSPS_UV",
          "type": 14,
          "count": 1,
          "defines": [],
          "stageFlags": 17,
          "location": 1
        },
        {
          "name": "_VSPS_PosP",
          "type": 16,
          "count": 1,
          "defines": [],
          "stageFlags": 17,
          "location": 2
        }
      ],
      "fragColors": [
        {
          "name": "cc_FragColor",
          "typename": "vec4",
          "type": 16,
          "count": 1,
          "defines": [],
          "stageFlags": 16,
          "location": 0
        }
      ],
      "descriptors": [
        {
          "rate": 0,
          "blocks": [],
          "samplerTextures": [],
          "samplers": [],
          "textures": [],
          "buffers": [],
          "images": [],
          "subpassInputs": []
        },
        {
          "rate": 1,
          "blocks": [
            {
              "name": "VS_ConstantBuffer",
              "members": [
                {
                  "name": "mCameraProj",
                  "type": 25,
                  "count": 1
                },
                {
                  "name": "mModel",
                  "type": 25,
                  "count": 1
                },
                {
                  "name": "fUV",
                  "type": 16,
                  "count": 1
                },
                {
                  "name": "fModelColor",
                  "type": 16,
                  "count": 1
                },
                {
                  "name": "mUVInversed",
                  "type": 16,
                  "count": 1
                }
              ],
              "defines": [],
              "stageFlags": 1,
              "binding": 0
            },
            {
              "name": "PS_ConstanBuffer",
              "members": [
                {
                  "name": "fLightDirection",
                  "type": 16,
                  "count": 1
                },
                {
                  "name": "fLightColor",
                  "type": 16,
                  "count": 1
                },
                {
                  "name": "fLightAmbient",
                  "type": 16,
                  "count": 1
                },
                {
                  "name": "fFlipbookParameter",
                  "type": 16,
                  "count": 1
                },
                {
                  "name": "fUVDistortionParameter",
                  "type": 16,
                  "count": 1
                },
                {
                  "name": "fBlendTextureParameter",
                  "type": 16,
                  "count": 1
                },
                {
                  "name": "fCameraFrontDirection",
                  "type": 16,
                  "count": 1
                },
                {
                  "name": "fFalloffParameter",
                  "type": 16,
                  "count": 1
                },
                {
                  "name": "fFalloffBeginColor",
                  "type": 16,
                  "count": 1
                },
                {
                  "name": "fFalloffEndColor",
                  "type": 16,
                  "count": 1
                },
                {
                  "name": "fEmissiveScaling",
                  "type": 16,
                  "count": 1
                },
                {
                  "name": "fEdgeColor",
                  "type": 16,
                  "count": 1
                },
                {
                  "name": "fEdgeParameter",
                  "type": 16,
                  "count": 1
                },
                {
                  "name": "softParticleParam",
                  "type": 16,
                  "count": 1
                },
                {
                  "name": "reconstructionParam1",
                  "type": 16,
                  "count": 1
                },
                {
                  "name": "reconstructionParam2",
                  "type": 16,
                  "count": 1
                },
                {
                  "name": "mUVInversedBack",
                  "type": 16,
                  "count": 1
                },
                {
                  "name": "miscFlags",
                  "type": 16,
                  "count": 1
                }
              ],
              "defines": [],
              "stageFlags": 16,
              "binding": 1
            }
          ],
          "samplerTextures": [
            {
              "name": "Sampler_sampler_colorTex",
              "type": 28,
              "count": 1,
              "defines": [],
              "stageFlags": 16,
              "binding": 2
            }
          ],
          "samplers": [],
          "textures": [],
          "buffers": [],
          "images": [],
          "subpassInputs": []
        },
        {
          "rate": 2,
          "blocks": [],
          "samplerTextures": [],
          "samplers": [],
          "textures": [],
          "buffers": [],
          "images": [],
          "subpassInputs": []
        },
        {
          "rate": 3,
          "blocks": [],
          "samplerTextures": [],
          "samplers": [],
          "textures": [],
          "buffers": [],
          "images": [],
          "subpassInputs": []
        }
      ],
      "hash": 3631294773,
      "glsl4": {
        "vert": "\nprecision highp float;\nstruct VS_Input\n{\n    vec3 Pos;\n    vec3 Normal;\n    vec3 Binormal;\n    vec3 Tangent;\n    vec2 UV;\n    vec4 Color;\n};\nstruct VS_Output\n{\n    vec4 PosVS;\n    vec4 Color;\n    vec2 UV;\n    vec4 PosP;\n};\nlayout(set = 1, binding = 0) uniform VS_ConstantBuffer\n{\n    mat4 mCameraProj;\n    mat4 mModel;\n    vec4 fUV;\n    vec4 fModelColor;\n    vec4 mUVInversed;\n};\nlayout(location = 0) in vec3 Input_Pos;\nlayout(location = 1) in vec3 Input_Normal;\nlayout(location = 2) in vec3 Input_Binormal;\nlayout(location = 3) in vec3 Input_Tangent;\nlayout(location = 4) in vec2 Input_UV;\nlayout(location = 5) in vec4 Input_Color;\nlayout(location = 0) out vec4 _VSPS_Color;\nlayout(location = 1) out vec2 _VSPS_UV;\nlayout(location = 2) out vec4 _VSPS_PosP;\nVS_Output _main(VS_Input Input)\n{\n    vec4 uv = fUV;\n    vec4 modelColor = fModelColor * Input_Color;\n    VS_Output Output = VS_Output(vec4(0.0), vec4(0.0), vec2(0.0), vec4(0.0));\n    vec4 localPos = vec4(Input.Pos.x, Input.Pos.y, Input.Pos.z, 1.0);\n    vec4 worldPos = mModel * localPos;\n    Output.PosVS = mCameraProj * worldPos;\n    Output.Color = modelColor;\n    vec2 outputUV = Input.UV;\n    outputUV.x = (outputUV.x * uv.z) + uv.x;\n    outputUV.y = (outputUV.y * uv.w) + uv.y;\n    outputUV.y = mUVInversed.x + (mUVInversed.y * outputUV.y);\n    Output.UV = outputUV;\n    Output.PosP = Output.PosVS;\n    return Output;\n}\nvec4 vert()\n{\n    VS_Input Input;\n    Input.Pos = Input_Pos;\n    Input.Normal = Input_Normal;\n    Input.Binormal = Input_Binormal;\n    Input.Tangent = Input_Tangent;\n    Input.UV = Input_UV;\n    Input.Color = Input_Color;\n    VS_Output flattenTemp = _main(Input);\n    _VSPS_Color = flattenTemp.Color;\n    _VSPS_UV = flattenTemp.UV;\n    _VSPS_PosP = flattenTemp.PosP;\n    return flattenTemp.PosVS;\n}\nvoid main() { gl_Position = vert(); }",
        "frag": "\nprecision highp float;\nstruct PS_Input\n{\n    vec4 PosVS;\n    vec4 Color;\n    vec2 UV;\n    vec4 PosP;\n};\nlayout(set = 1, binding = 1) uniform PS_ConstanBuffer\n{\n    vec4 fLightDirection;\n    vec4 fLightColor;\n    vec4 fLightAmbient;\n    vec4 fFlipbookParameter;\n    vec4 fUVDistortionParameter;\n    vec4 fBlendTextureParameter;\n    vec4 fCameraFrontDirection;\n    vec4 fFalloffParameter;\n    vec4 fFalloffBeginColor;\n    vec4 fFalloffEndColor;\n    vec4 fEmissiveScaling;\n    vec4 fEdgeColor;\n    vec4 fEdgeParameter;\n    vec4 softParticleParam;\n    vec4 reconstructionParam1;\n    vec4 reconstructionParam2;\n    vec4 mUVInversedBack;\n    vec4 miscFlags;\n};\nlayout(set = 1, binding = 2) uniform sampler2D Sampler_sampler_colorTex;\nlayout(location = 0) in vec4 _VSPS_Color;\nlayout(location = 1) in vec2 _VSPS_UV;\nlayout(location = 2) in vec4 _VSPS_PosP;\nvec3 PositivePow(vec3 base, vec3 power)\n{\n    return pow(max(abs(base), vec3(1.1920928955078125e-07)), power);\n}\nvec3 LinearToSRGB(vec3 c)\n{\n    vec3 param = c;\n    vec3 param_1 = vec3(0.4166666567325592041015625);\n    return max((PositivePow(param, param_1) * 1.05499994754791259765625) - vec3(0.054999999701976776123046875), vec3(0.0));\n}\nvec4 LinearToSRGB(vec4 c)\n{\n    vec3 param = c.xyz;\n    return vec4(LinearToSRGB(param), c.w);\n}\nvec4 ConvertFromSRGBTexture(vec4 c, bool isValid)\n{\n    if (!isValid)\n    {\n        return c;\n    }\n    vec4 param = c;\n    return LinearToSRGB(param);\n}\nvec3 SRGBToLinear(vec3 c)\n{\n    return min(c, c * ((c * ((c * 0.305306017398834228515625) + vec3(0.6821711063385009765625))) + vec3(0.01252287812530994415283203125)));\n}\nvec4 SRGBToLinear(vec4 c)\n{\n    vec3 param = c.xyz;\n    return vec4(SRGBToLinear(param), c.w);\n}\nvec4 ConvertToScreen(vec4 c, bool isValid)\n{\n    if (!isValid)\n    {\n        return c;\n    }\n    vec4 param = c;\n    return SRGBToLinear(param);\n}\nvec4 _main(PS_Input Input)\n{\n    bool convertColorSpace = !(miscFlags.x == 0.0);\n    vec4 param = texture(Sampler_sampler_colorTex, Input.UV);\n    bool param_1 = convertColorSpace;\n    vec4 Output = ConvertFromSRGBTexture(param, param_1) * Input.Color;\n    vec3 _175 = Output.xyz * fEmissiveScaling.x;\n    Output = vec4(_175.x, _175.y, _175.z, Output.w);\n    if (Output.w == 0.0)\n    {\n        discard;\n    }\n    vec4 param_2 = Output;\n    bool param_3 = convertColorSpace;\n    return ConvertToScreen(param_2, param_3);\n}\nvec4 frag()\n{\n    PS_Input Input;\n    Input.PosVS = gl_FragCoord;\n    Input.Color = _VSPS_Color;\n    Input.UV = _VSPS_UV;\n    Input.PosP = _VSPS_PosP;\n    vec4 ret = _main(Input);\n    return vec4(ret.rgba);\n}\nlayout(location = 0) out vec4 cc_FragColor;\nvoid main() { cc_FragColor = frag(); }"
      },
      "glsl3": {
        "vert": "\nprecision highp float;\nstruct VS_Input\n{\n    vec3 Pos;\n    vec3 Normal;\n    vec3 Binormal;\n    vec3 Tangent;\n    vec2 UV;\n    vec4 Color;\n};\nstruct VS_Output\n{\n    vec4 PosVS;\n    vec4 Color;\n    vec2 UV;\n    vec4 PosP;\n};\nlayout(std140) uniform VS_ConstantBuffer\n{\n    mat4 mCameraProj;\n    mat4 mModel;\n    vec4 fUV;\n    vec4 fModelColor;\n    vec4 mUVInversed;\n};\nin vec3 Input_Pos;\nin vec3 Input_Normal;\nin vec3 Input_Binormal;\nin vec3 Input_Tangent;\nin vec2 Input_UV;\nin vec4 Input_Color;\nout vec4 _VSPS_Color;\nout vec2 _VSPS_UV;\nout vec4 _VSPS_PosP;\nVS_Output _main(VS_Input Input)\n{\n    vec4 uv = fUV;\n    vec4 modelColor = fModelColor * Input_Color;\n    VS_Output Output = VS_Output(vec4(0.0), vec4(0.0), vec2(0.0), vec4(0.0));\n    vec4 localPos = vec4(Input.Pos.x, Input.Pos.y, Input.Pos.z, 1.0);\n    vec4 worldPos = mModel * localPos;\n    Output.PosVS = mCameraProj * worldPos;\n    Output.Color = modelColor;\n    vec2 outputUV = Input.UV;\n    outputUV.x = (outputUV.x * uv.z) + uv.x;\n    outputUV.y = (outputUV.y * uv.w) + uv.y;\n    outputUV.y = mUVInversed.x + (mUVInversed.y * outputUV.y);\n    Output.UV = outputUV;\n    Output.PosP = Output.PosVS;\n    return Output;\n}\nvec4 vert()\n{\n    VS_Input Input;\n    Input.Pos = Input_Pos;\n    Input.Normal = Input_Normal;\n    Input.Binormal = Input_Binormal;\n    Input.Tangent = Input_Tangent;\n    Input.UV = Input_UV;\n    Input.Color = Input_Color;\n    VS_Output flattenTemp = _main(Input);\n    _VSPS_Color = flattenTemp.Color;\n    _VSPS_UV = flattenTemp.UV;\n    _VSPS_PosP = flattenTemp.PosP;\n    return flattenTemp.PosVS;\n}\nvoid main() { gl_Position = vert(); }",
        "frag": "\nprecision highp float;\nstruct PS_Input\n{\n    vec4 PosVS;\n    vec4 Color;\n    vec2 UV;\n    vec4 PosP;\n};\nlayout(std140) uniform PS_ConstanBuffer\n{\n    vec4 fLightDirection;\n    vec4 fLightColor;\n    vec4 fLightAmbient;\n    vec4 fFlipbookParameter;\n    vec4 fUVDistortionParameter;\n    vec4 fBlendTextureParameter;\n    vec4 fCameraFrontDirection;\n    vec4 fFalloffParameter;\n    vec4 fFalloffBeginColor;\n    vec4 fFalloffEndColor;\n    vec4 fEmissiveScaling;\n    vec4 fEdgeColor;\n    vec4 fEdgeParameter;\n    vec4 softParticleParam;\n    vec4 reconstructionParam1;\n    vec4 reconstructionParam2;\n    vec4 mUVInversedBack;\n    vec4 miscFlags;\n};\nuniform sampler2D Sampler_sampler_colorTex;\nin vec4 _VSPS_Color;\nin vec2 _VSPS_UV;\nin vec4 _VSPS_PosP;\nvec3 PositivePow(vec3 base, vec3 power)\n{\n    return pow(max(abs(base), vec3(1.1920928955078125e-07)), power);\n}\nvec3 LinearToSRGB(vec3 c)\n{\n    vec3 param = c;\n    vec3 param_1 = vec3(0.4166666567325592041015625);\n    return max((PositivePow(param, param_1) * 1.05499994754791259765625) - vec3(0.054999999701976776123046875), vec3(0.0));\n}\nvec4 LinearToSRGB(vec4 c)\n{\n    vec3 param = c.xyz;\n    return vec4(LinearToSRGB(param), c.w);\n}\nvec4 ConvertFromSRGBTexture(vec4 c, bool isValid)\n{\n    if (!isValid)\n    {\n        return c;\n    }\n    vec4 param = c;\n    return LinearToSRGB(param);\n}\nvec3 SRGBToLinear(vec3 c)\n{\n    return min(c, c * ((c * ((c * 0.305306017398834228515625) + vec3(0.6821711063385009765625))) + vec3(0.01252287812530994415283203125)));\n}\nvec4 SRGBToLinear(vec4 c)\n{\n    vec3 param = c.xyz;\n    return vec4(SRGBToLinear(param), c.w);\n}\nvec4 ConvertToScreen(vec4 c, bool isValid)\n{\n    if (!isValid)\n    {\n        return c;\n    }\n    vec4 param = c;\n    return SRGBToLinear(param);\n}\nvec4 _main(PS_Input Input)\n{\n    bool convertColorSpace = !(miscFlags.x == 0.0);\n    vec4 param = texture(Sampler_sampler_colorTex, Input.UV);\n    bool param_1 = convertColorSpace;\n    vec4 Output = ConvertFromSRGBTexture(param, param_1) * Input.Color;\n    vec3 _175 = Output.xyz * fEmissiveScaling.x;\n    Output = vec4(_175.x, _175.y, _175.z, Output.w);\n    if (Output.w == 0.0)\n    {\n        discard;\n    }\n    vec4 param_2 = Output;\n    bool param_3 = convertColorSpace;\n    return ConvertToScreen(param_2, param_3);\n}\nvec4 frag()\n{\n    PS_Input Input;\n    Input.PosVS = gl_FragCoord;\n    Input.Color = _VSPS_Color;\n    Input.UV = _VSPS_UV;\n    Input.PosP = _VSPS_PosP;\n    vec4 ret = _main(Input);\n    return vec4(ret.rgba);\n}\nlayout(location = 0) out vec4 cc_FragColor;\nvoid main() { cc_FragColor = frag(); }"
      },
      "glsl1": {
        "vert": "\nprecision highp float;\nstruct VS_Input\n{\n    vec3 Pos;\n    vec3 Normal;\n    vec3 Binormal;\n    vec3 Tangent;\n    vec2 UV;\n    vec4 Color;\n};\nstruct VS_Output\n{\n    vec4 PosVS;\n    vec4 Color;\n    vec2 UV;\n    vec4 PosP;\n};\n   uniform mat4 mCameraProj;\n   uniform mat4 mModel;\n   uniform vec4 fUV;\n   uniform vec4 fModelColor;\n   uniform vec4 mUVInversed;\nattribute vec3 Input_Pos;\nattribute vec3 Input_Normal;\nattribute vec3 Input_Binormal;\nattribute vec3 Input_Tangent;\nattribute vec2 Input_UV;\nattribute vec4 Input_Color;\nvarying vec4 _VSPS_Color;\nvarying vec2 _VSPS_UV;\nvarying vec4 _VSPS_PosP;\nVS_Output _main(VS_Input Input)\n{\n    vec4 uv = fUV;\n    vec4 modelColor = fModelColor * Input_Color;\n    VS_Output Output = VS_Output(vec4(0.0), vec4(0.0), vec2(0.0), vec4(0.0));\n    vec4 localPos = vec4(Input.Pos.x, Input.Pos.y, Input.Pos.z, 1.0);\n    vec4 worldPos = mModel * localPos;\n    Output.PosVS = mCameraProj * worldPos;\n    Output.Color = modelColor;\n    vec2 outputUV = Input.UV;\n    outputUV.x = (outputUV.x * uv.z) + uv.x;\n    outputUV.y = (outputUV.y * uv.w) + uv.y;\n    outputUV.y = mUVInversed.x + (mUVInversed.y * outputUV.y);\n    Output.UV = outputUV;\n    Output.PosP = Output.PosVS;\n    return Output;\n}\nvec4 vert()\n{\n    VS_Input Input;\n    Input.Pos = Input_Pos;\n    Input.Normal = Input_Normal;\n    Input.Binormal = Input_Binormal;\n    Input.Tangent = Input_Tangent;\n    Input.UV = Input_UV;\n    Input.Color = Input_Color;\n    VS_Output flattenTemp = _main(Input);\n    _VSPS_Color = flattenTemp.Color;\n    _VSPS_UV = flattenTemp.UV;\n    _VSPS_PosP = flattenTemp.PosP;\n    return flattenTemp.PosVS;\n}\nvoid main() { gl_Position = vert(); }",
        "frag": "\nprecision highp float;\nstruct PS_Input\n{\n    vec4 PosVS;\n    vec4 Color;\n    vec2 UV;\n    vec4 PosP;\n};\n   uniform vec4 fEmissiveScaling;\n   uniform vec4 miscFlags;\nuniform sampler2D Sampler_sampler_colorTex;\nvarying vec4 _VSPS_Color;\nvarying vec2 _VSPS_UV;\nvarying vec4 _VSPS_PosP;\nvec3 PositivePow(vec3 base, vec3 power)\n{\n    return pow(max(abs(base), vec3(1.1920928955078125e-07)), power);\n}\nvec3 LinearToSRGB(vec3 c)\n{\n    vec3 param = c;\n    vec3 param_1 = vec3(0.4166666567325592041015625);\n    return max((PositivePow(param, param_1) * 1.05499994754791259765625) - vec3(0.054999999701976776123046875), vec3(0.0));\n}\nvec4 LinearToSRGB(vec4 c)\n{\n    vec3 param = c.xyz;\n    return vec4(LinearToSRGB(param), c.w);\n}\nvec4 ConvertFromSRGBTexture(vec4 c, bool isValid)\n{\n    if (!isValid)\n    {\n        return c;\n    }\n    vec4 param = c;\n    return LinearToSRGB(param);\n}\nvec3 SRGBToLinear(vec3 c)\n{\n    return min(c, c * ((c * ((c * 0.305306017398834228515625) + vec3(0.6821711063385009765625))) + vec3(0.01252287812530994415283203125)));\n}\nvec4 SRGBToLinear(vec4 c)\n{\n    vec3 param = c.xyz;\n    return vec4(SRGBToLinear(param), c.w);\n}\nvec4 ConvertToScreen(vec4 c, bool isValid)\n{\n    if (!isValid)\n    {\n        return c;\n    }\n    vec4 param = c;\n    return SRGBToLinear(param);\n}\nvec4 _main(PS_Input Input)\n{\n    bool convertColorSpace = !(miscFlags.x == 0.0);\n    vec4 param = texture2D(Sampler_sampler_colorTex, Input.UV);\n    bool param_1 = convertColorSpace;\n    vec4 Output = ConvertFromSRGBTexture(param, param_1) * Input.Color;\n    vec3 _175 = Output.xyz * fEmissiveScaling.x;\n    Output = vec4(_175.x, _175.y, _175.z, Output.w);\n    if (Output.w == 0.0)\n    {\n        discard;\n    }\n    vec4 param_2 = Output;\n    bool param_3 = convertColorSpace;\n    return ConvertToScreen(param_2, param_3);\n}\nvec4 frag()\n{\n    PS_Input Input;\n    Input.PosVS = gl_FragCoord;\n    Input.Color = _VSPS_Color;\n    Input.UV = _VSPS_UV;\n    Input.PosP = _VSPS_PosP;\n    vec4 ret = _main(Input);\n    return vec4(ret.rgba);\n}\nvoid main() { gl_FragColor = frag(); }"
      },
      "builtins": {
        "globals": {
          "blocks": [],
          "samplerTextures": [],
          "buffers": [],
          "images": []
        },
        "locals": {
          "blocks": [],
          "samplerTextures": [],
          "buffers": [],
          "images": []
        },
        "statistics": {
          "CC_EFFECT_USED_VERTEX_UNIFORM_VECTORS": 11,
          "CC_EFFECT_USED_FRAGMENT_UNIFORM_VECTORS": 18
        }
      },
      "defines": [],
      "name": "../material/model/efk_model_unlit|model_unlit_vs:vert|model_unlit_ps:frag"
    }
  ],
  "combinations": [],
  "hideInEditor": false
}