{
  "__type__": "cc.EffectAsset",
  "_name": "../efk_09/Pixel_07",
  "_objFlags": 0,
  "__editorExtras__": {},
  "_native": "",
  "techniques": [
    {
      "name": "user",
      "passes": [
        {
          "program": "../efk_09/Pixel_07|user_vs:vert|user_fs:frag",
          "properties": {
            "uMatCamera": {
              "editor": {
                "visible": false
              },
              "type": 25
            },
            "uMatProjection": {
              "editor": {
                "visible": false
              },
              "type": 25
            },
            "mUVInversed": {
              "editor": {
                "visible": false
              },
              "type": 16
            },
            "predefined_uniform": {
              "editor": {
                "visible": false
              },
              "type": 16
            },
            "cameraPosition": {
              "editor": {
                "visible": false
              },
              "type": 16
            },
            "efk_uniform_833": {
              "editor": {
                "visible": false
              },
              "type": 16
            },
            "efk_uniform_884": {
              "editor": {
                "visible": false
              },
              "type": 16
            },
            "efk_uniform_934": {
              "editor": {
                "visible": false
              },
              "type": 16
            },
            "mUVInversedBack": {
              "editor": {
                "visible": false
              },
              "type": 16
            },
            "reconstructionParam1": {
              "editor": {
                "visible": false
              },
              "type": 16
            },
            "reconstructionParam2": {
              "editor": {
                "visible": false
              },
              "type": 16
            },
            "fLightDirection": {
              "editor": {
                "visible": false
              },
              "type": 16
            },
            "fLightColor": {
              "editor": {
                "visible": false
              },
              "type": 16
            },
            "fLightAmbient": {
              "editor": {
                "visible": false
              },
              "type": 16
            }
          }
        }
      ]
    },
    {
      "name": "model",
      "passes": [
        {
          "program": "../efk_09/Pixel_07|model_vs:vert|model_fs:frag",
          "properties": {
            "mProjection": {
              "editor": {
                "visible": false
              },
              "type": 25
            },
            "mModel": {
              "editor": {
                "visible": false
              },
              "type": 25
            },
            "fUV": {
              "editor": {
                "visible": false
              },
              "type": 16
            },
            "fModelColor": {
              "editor": {
                "visible": false
              },
              "type": 16
            },
            "mUVInversed": {
              "editor": {
                "visible": false
              },
              "type": 16
            },
            "predefined_uniform": {
              "editor": {
                "visible": false
              },
              "type": 16
            },
            "cameraPosition": {
              "editor": {
                "visible": false
              },
              "type": 16
            },
            "customData1": {
              "editor": {
                "visible": false
              },
              "type": 16
            },
            "customData2": {
              "editor": {
                "visible": false
              },
              "type": 16
            },
            "efk_uniform_833": {
              "editor": {
                "visible": false
              },
              "type": 16
            },
            "efk_uniform_884": {
              "editor": {
                "visible": false
              },
              "type": 16
            },
            "efk_uniform_934": {
              "editor": {
                "visible": false
              },
              "type": 16
            },
            "mUVInversedBack": {
              "editor": {
                "visible": false
              },
              "type": 16
            },
            "reconstructionParam1": {
              "editor": {
                "visible": false
              },
              "type": 16
            },
            "reconstructionParam2": {
              "editor": {
                "visible": false
              },
              "type": 16
            },
            "fLightDirection": {
              "editor": {
                "visible": false
              },
              "type": 16
            },
            "fLightColor": {
              "editor": {
                "visible": false
              },
              "type": 16
            },
            "fLightAmbient": {
              "editor": {
                "visible": false
              },
              "type": 16
            }
          }
        }
      ]
    }
  ],
  "shaders": [
    {
      "blocks": [
        {
          "name": "VSBlock",
          "members": [
            {
              "name": "uMatCamera",
              "type": 25,
              "count": 1
            },
            {
              "name": "uMatProjection",
              "type": 25,
              "count": 1
            },
            {
              "name": "mUVInversed",
              "type": 16,
              "count": 1
            }
          ],
          "defines": [],
          "stageFlags": 1,
          "binding": 0
        },
        {
          "name": "EFK_COMMON",
          "members": [
            {
              "name": "predefined_uniform",
              "type": 16,
              "count": 1
            },
            {
              "name": "cameraPosition",
              "type": 16,
              "count": 1
            }
          ],
          "defines": [],
          "stageFlags": 17,
          "binding": 1
        },
        {
          "name": "EFK_UNIFORM_GRADIENT",
          "members": [
            {
              "name": "efk_uniform_833",
              "type": 16,
              "count": 1
            },
            {
              "name": "efk_uniform_884",
              "type": 16,
              "count": 1
            },
            {
              "name": "efk_uniform_934",
              "type": 16,
              "count": 1
            }
          ],
          "defines": [],
          "stageFlags": 17,
          "binding": 2
        },
        {
          "name": "FSBlock",
          "members": [
            {
              "name": "mUVInversedBack",
              "type": 16,
              "count": 1
            },
            {
              "name": "reconstructionParam1",
              "type": 16,
              "count": 1
            },
            {
              "name": "reconstructionParam2",
              "type": 16,
              "count": 1
            },
            {
              "name": "fLightDirection",
              "type": 16,
              "count": 1
            },
            {
              "name": "fLightColor",
              "type": 16,
              "count": 1
            },
            {
              "name": "fLightAmbient",
              "type": 16,
              "count": 1
            }
          ],
          "defines": [],
          "stageFlags": 16,
          "binding": 3
        }
      ],
      "samplerTextures": [
        {
          "name": "efk_texture_635",
          "type": 28,
          "count": 1,
          "defines": [],
          "stageFlags": 17,
          "binding": 4
        },
        {
          "name": "efk_texture_847",
          "type": 28,
          "count": 1,
          "defines": [],
          "stageFlags": 17,
          "binding": 5
        },
        {
          "name": "efk_background",
          "type": 28,
          "count": 1,
          "defines": [],
          "stageFlags": 17,
          "binding": 6
        },
        {
          "name": "efk_depth",
          "type": 28,
          "count": 1,
          "defines": [],
          "stageFlags": 17,
          "binding": 7
        }
      ],
      "samplers": [],
      "textures": [],
      "buffers": [],
      "images": [],
      "subpassInputs": [],
      "attributes": [
        {
          "name": "Input_Pos",
          "defines": [],
          "format": 32,
          "location": 0
        },
        {
          "name": "Input_Color",
          "defines": [],
          "format": 44,
          "location": 1
        },
        {
          "name": "Input_Normal",
          "defines": [],
          "format": 32,
          "location": 2
        },
        {
          "name": "Input_Tangent",
          "defines": [],
          "format": 32,
          "location": 3
        },
        {
          "name": "Input_UV",
          "defines": [],
          "format": 21,
          "location": 4
        },
        {
          "name": "atTexCoord2",
          "defines": [],
          "format": 21,
          "location": 5
        },
        {
          "name": "atCustomData1",
          "defines": [],
          "format": 21,
          "location": 6
        },
        {
          "name": "atCustomData2",
          "defines": [],
          "format": 21,
          "location": 7
        }
      ],
      "varyings": [
        {
          "name": "v_VColor",
          "type": 16,
          "count": 1,
          "defines": [],
          "stageFlags": 17,
          "location": 0
        },
        {
          "name": "v_UV1",
          "type": 14,
          "count": 1,
          "defines": [],
          "stageFlags": 17,
          "location": 1
        },
        {
          "name": "v_UV2",
          "type": 14,
          "count": 1,
          "defines": [],
          "stageFlags": 17,
          "location": 2
        },
        {
          "name": "v_WorldN_PX",
          "type": 16,
          "count": 1,
          "defines": [],
          "stageFlags": 17,
          "location": 3
        },
        {
          "name": "v_WorldB_PY",
          "type": 16,
          "count": 1,
          "defines": [],
          "stageFlags": 17,
          "location": 4
        },
        {
          "name": "v_WorldT_PZ",
          "type": 16,
          "count": 1,
          "defines": [],
          "stageFlags": 17,
          "location": 5
        },
        {
          "name": "v_PosP",
          "type": 16,
          "count": 1,
          "defines": [],
          "stageFlags": 17,
          "location": 6
        },
        {
          "name": "v_CustomData1",
          "type": 14,
          "count": 1,
          "defines": [],
          "stageFlags": 17,
          "location": 7
        },
        {
          "name": "v_CustomData2",
          "type": 14,
          "count": 1,
          "defines": [],
          "stageFlags": 17,
          "location": 8
        }
      ],
      "fragColors": [
        {
          "name": "cc_FragColor",
          "typename": "vec4",
          "type": 16,
          "count": 1,
          "defines": [],
          "stageFlags": 16,
          "location": 0
        }
      ],
      "descriptors": [
        {
          "rate": 0,
          "blocks": [],
          "samplerTextures": [],
          "samplers": [],
          "textures": [],
          "buffers": [],
          "images": [],
          "subpassInputs": []
        },
        {
          "rate": 1,
          "blocks": [
            {
              "name": "VSBlock",
              "members": [
                {
                  "name": "uMatCamera",
                  "type": 25,
                  "count": 1
                },
                {
                  "name": "uMatProjection",
                  "type": 25,
                  "count": 1
                },
                {
                  "name": "mUVInversed",
                  "type": 16,
                  "count": 1
                }
              ],
              "defines": [],
              "stageFlags": 1,
              "binding": 0
            },
            {
              "name": "EFK_COMMON",
              "members": [
                {
                  "name": "predefined_uniform",
                  "type": 16,
                  "count": 1
                },
                {
                  "name": "cameraPosition",
                  "type": 16,
                  "count": 1
                }
              ],
              "defines": [],
              "stageFlags": 17,
              "binding": 1
            },
            {
              "name": "EFK_UNIFORM_GRADIENT",
              "members": [
                {
                  "name": "efk_uniform_833",
                  "type": 16,
                  "count": 1
                },
                {
                  "name": "efk_uniform_884",
                  "type": 16,
                  "count": 1
                },
                {
                  "name": "efk_uniform_934",
                  "type": 16,
                  "count": 1
                }
              ],
              "defines": [],
              "stageFlags": 17,
              "binding": 2
            },
            {
              "name": "FSBlock",
              "members": [
                {
                  "name": "mUVInversedBack",
                  "type": 16,
                  "count": 1
                },
                {
                  "name": "reconstructionParam1",
                  "type": 16,
                  "count": 1
                },
                {
                  "name": "reconstructionParam2",
                  "type": 16,
                  "count": 1
                },
                {
                  "name": "fLightDirection",
                  "type": 16,
                  "count": 1
                },
                {
                  "name": "fLightColor",
                  "type": 16,
                  "count": 1
                },
                {
                  "name": "fLightAmbient",
                  "type": 16,
                  "count": 1
                }
              ],
              "defines": [],
              "stageFlags": 16,
              "binding": 3
            }
          ],
          "samplerTextures": [
            {
              "name": "efk_texture_635",
              "type": 28,
              "count": 1,
              "defines": [],
              "stageFlags": 17,
              "binding": 4
            },
            {
              "name": "efk_texture_847",
              "type": 28,
              "count": 1,
              "defines": [],
              "stageFlags": 17,
              "binding": 5
            },
            {
              "name": "efk_background",
              "type": 28,
              "count": 1,
              "defines": [],
              "stageFlags": 17,
              "binding": 6
            },
            {
              "name": "efk_depth",
              "type": 28,
              "count": 1,
              "defines": [],
              "stageFlags": 17,
              "binding": 7
            }
          ],
          "samplers": [],
          "textures": [],
          "buffers": [],
          "images": [],
          "subpassInputs": []
        },
        {
          "rate": 2,
          "blocks": [],
          "samplerTextures": [],
          "samplers": [],
          "textures": [],
          "buffers": [],
          "images": [],
          "subpassInputs": []
        },
        {
          "rate": 3,
          "blocks": [],
          "samplerTextures": [],
          "samplers": [],
          "textures": [],
          "buffers": [],
          "images": [],
          "subpassInputs": []
        }
      ],
      "hash": 1006601573,
      "glsl4": {
        "vert": "\n  precision highp float;\n#define LAYOUT(ind)\n#define in in\n#define out out\n#define centroid\n#define MOD mod\n#define FRAC fract\n#define LERP mix\n#define float2 vec2\n#define float3 vec3\n#define float4 vec4\n#define half2 vec2\n#define half3 vec3\n#define half4 vec4\n#define int2 ivec2\n#define int3 ivec3\n#define int4 ivec4\nLAYOUT(0) layout(location = 0) in vec3 Input_Pos;\nLAYOUT(1) layout(location = 1) in vec4 Input_Color;\nLAYOUT(2) layout(location = 2) in vec3 Input_Normal;\nLAYOUT(3) layout(location = 3) in vec3 Input_Tangent;\nLAYOUT(4) layout(location = 4) in vec2 Input_UV;\nLAYOUT(5) layout(location = 5) in vec2 atTexCoord2;\nLAYOUT(6) layout(location = 6) in vec2 atCustomData1;\nLAYOUT(7) layout(location = 7) in vec2 atCustomData2;\nLAYOUT(0) layout(location = 0) out lowp vec4 v_VColor;\nLAYOUT(1) layout(location = 1) out mediump vec2 v_UV1;\nLAYOUT(2) layout(location = 2) out mediump vec2 v_UV2;\nLAYOUT(3) layout(location = 3) out mediump vec4 v_WorldN_PX;\nLAYOUT(4) layout(location = 4) out mediump vec4 v_WorldB_PY;\nLAYOUT(5) layout(location = 5) out mediump vec4 v_WorldT_PZ;\nLAYOUT(6) layout(location = 6) out mediump vec4 v_PosP;\nLAYOUT(7) layout(location = 7) out mediump vec2 v_CustomData1;\nLAYOUT(8) layout(location = 8) out mediump vec2 v_CustomData2;\n#define _INSTANCE_COUNT_ 10\nLAYOUT(binding = 0) layout(set = 1, binding = 4) uniform sampler2D efk_texture_635;\nLAYOUT(binding = 1) layout(set = 1, binding = 5) uniform sampler2D efk_texture_847;\nLAYOUT(binding = 2) layout(set = 1, binding = 6) uniform sampler2D efk_background;\nLAYOUT(binding = 3) layout(set = 1, binding = 7) uniform sampler2D efk_depth;\nLAYOUT(binding = 0) layout(set = 1, binding = 0) uniform VSBlock {\n  mat4 uMatCamera;\n  mat4 uMatProjection;\n  vec4 mUVInversed;\n};\nlayout(set = 1, binding = 1) uniform EFK_COMMON {\n  vec4 predefined_uniform;\n  vec4 cameraPosition;\n};\nlayout(set = 1, binding = 2) uniform EFK_UNIFORM_GRADIENT {\n  vec4 efk_uniform_833;\n  vec4 efk_uniform_884;\n  vec4 efk_uniform_934;\n};\n#define FLT_EPSILON 1.192092896e-07\nfloat3 PositivePow(float3 base, float3 power)\n{\n  return pow(max(abs(base), float3(FLT_EPSILON, FLT_EPSILON, FLT_EPSILON)), power);\n}\nhalf3 LinearToSRGB(half3 c)\n{\n  return max(1.055 * PositivePow(c, float3(0.416666667,0.416666667,0.416666667)) - 0.055, 0.0);\n}\nhalf4 LinearToSRGB(half4 c)\n{\n  return half4(LinearToSRGB(c.rgb), c.a);\n}\nhalf4 ConvertFromSRGBTexture(half4 c)\n{\n  if (predefined_uniform.z == 0.0)\n  {\n    return c;\n  }\n  return LinearToSRGB(c);\n}\nvec2 GetUV(vec2 uv)\n{\n  uv.y = mUVInversed.x + mUVInversed.y * uv.y;\n  return uv;\n}\nvec4 vert() {\n  vec3 worldPos = Input_Pos.xyz;\n  vec3 objectScale = vec3(1.0, 1.0, 1.0);\n  vec2 screenUV = vec2(0.0, 0.0);\n  float meshZ = 0.0;\n  vec2 uv1 = Input_UV.xy;\n  vec2 uv2 = atTexCoord2.xy;\n  vec3 worldNormal = (Input_Normal - vec3(0.5, 0.5, 0.5)) * 2.0;\n  vec3 worldTangent = (Input_Tangent - vec3(0.5, 0.5, 0.5)) * 2.0;\n  vec3 worldBinormal = cross(worldNormal, worldTangent);\n  v_WorldN_PX.xyz = worldNormal;\n  v_WorldB_PY.xyz = worldBinormal;\n  v_WorldT_PZ.xyz = worldTangent;\n  vec3 pixelNormalDir = worldNormal;\n  vec4 vcolor = Input_Color;\n  vec2 customData1 = atCustomData1;\n  v_CustomData1 = customData1.xy;\n  vec2 customData2 = atCustomData2;\n  v_CustomData2 = customData2.xy;\nvec2 val0=customData2.xy;\nvec4 val1_CompMask=vec4(val0.x,val0.y, 0.0, 1.0);\nfloat val1=val1_CompMask.y;\nvec2 val2=efk_uniform_833.xy;\nvec2 val3=uv1;\nvec2 val4=(val3*val2);\nvec2 val5=floor(val4);\nvec2 val6=(val5/val2);\nvec4 val13 = ConvertFromSRGBTexture(texture(efk_texture_847,GetUV(val6)));\nfloat val9=val13.x;\nvec3 val8=val13.xyz;\nfloat val14=float(1.0)-val9;\nfloat val15=(val14+val1);\nfloat val16=(val15*float(3.0));\nfloat val17= clamp(val16,float(0.0),float(1.0));\nvec4 val18_CompMask=vec4(val0.x,val0.y, 0.0, 1.0);\nfloat val18=val18_CompMask.x;\nfloat val19=efk_uniform_884.x;\nfloat val20=customData1.x;\nfloat val21=(val20+val19);\nfloat val22 = step(val21,val9);\nfloat val23 = step(val20,val9);\nfloat val24=(val23-val22);\nfloat val25=(val24*float(0.2));\nfloat val26=(val25+val18);\nfloat val27= clamp(val26,float(0.0),float(1.0));\nfloat val28=(val27*val17);\nvec2 val29=uv1;\nvec2 val30=(val29*val2);\nvec2 val31=FRAC(val30);\nvec2 val32=(val31-float(0.5));\nvec2 val33=(val32*float(2.0));\nvec2 val34=abs(val33);\nvec4 val35_CompMask=vec4(val34.x,val34.y, 0.0, 1.0);\nfloat val35=val35_CompMask.y;\nfloat val36=(float(0.0)+val35);\nfloat val37 = step(val36,val28);\nvec4 val38_CompMask=vec4(val34.x,val34.y, 0.0, 1.0);\nfloat val38=val38_CompMask.x;\nfloat val39=(float(0.0)+val38);\nfloat val40 = step(val39,val28);\nfloat val41=(val40*val37);\nvec4 val48 = ConvertFromSRGBTexture(texture(efk_texture_635,GetUV(val6)));\nfloat val47=val48.w;\nvec3 val43=val48.xyz;\nfloat val49=(val47*val23);\nfloat val50=(val49*val41);\nvec3 val51= vcolor.xyz;\nfloat val55= vcolor.w;\nfloat val56=(val55*val50);\nvec4 val57=efk_uniform_934;\nvec4 val58= LERP(val57,val48,val22);\nvec4 val59_CompMask=val58;\nvec3 val59=val59_CompMask.xyz;\nvec3 val60=(val51*val59);\nvec3 normalDir = vec3(0.5,0.5,1.0);\nvec3 worldPositionOffset = vec3(0.0,0.0,0.0);\nvec3 baseColor = vec3(0.0,0.0,0.0);\nvec3 emissive = val60;\nfloat metallic = float(0.5);\nfloat roughness = float(0.5);\nfloat ambientOcclusion = float(1.0);\nfloat opacity = float(1.0);\nfloat opacityMask = val56;\nfloat refraction = float(0.0);\n  worldPos = worldPos + worldPositionOffset;\n  vec4 cameraPos = uMatCamera * vec4(worldPos, 1.0);\n  cameraPos = cameraPos / cameraPos.w;\n  v_PosP = uMatProjection * cameraPos;\n  v_WorldN_PX.w = worldPos.x;\n  v_WorldB_PY.w = worldPos.y;\n  v_WorldT_PZ.w = worldPos.z;\n  v_VColor = vcolor;\n  v_UV1 = uv1;\n  v_UV2 = uv2;\n  #ifdef _Y_INVERTED_\n  v_PosP.y = - v_PosP.y;\n  #endif\n  return v_PosP;\n}\nvoid main() { gl_Position = vert(); }",
        "frag": "\n  precision highp float;\n#define LAYOUT(ind)\n#define in in\n#define out out\n#define centroid\n#define MOD mod\n#define FRAC fract\n#define LERP mix\n#define float2 vec2\n#define float3 vec3\n#define float4 vec4\n#define half2 vec2\n#define half3 vec3\n#define half4 vec4\n#define int2 ivec2\n#define int3 ivec3\n#define int4 ivec4\nLAYOUT(0) layout(location = 0) in lowp vec4 v_VColor;\nLAYOUT(1) layout(location = 1) in mediump vec2 v_UV1;\nLAYOUT(2) layout(location = 2) in mediump vec2 v_UV2;\nLAYOUT(3) layout(location = 3) in mediump vec4 v_WorldN_PX;\nLAYOUT(4) layout(location = 4) in mediump vec4 v_WorldB_PY;\nLAYOUT(5) layout(location = 5) in mediump vec4 v_WorldT_PZ;\nLAYOUT(6) layout(location = 6) in mediump vec4 v_PosP;\nLAYOUT(7) layout(location = 7) in mediump vec2 v_CustomData1;\nLAYOUT(8) layout(location = 8) in mediump vec2 v_CustomData2;\n#define _INSTANCE_COUNT_ 10\nLAYOUT(binding = 0) layout(set = 1, binding = 4) uniform sampler2D efk_texture_635;\nLAYOUT(binding = 1) layout(set = 1, binding = 5) uniform sampler2D efk_texture_847;\nLAYOUT(binding = 2) layout(set = 1, binding = 6) uniform sampler2D efk_background;\nLAYOUT(binding = 3) layout(set = 1, binding = 7) uniform sampler2D efk_depth;\nLAYOUT(binding = 0) layout(set = 1, binding = 3) uniform FSBlock {\n  vec4 mUVInversedBack;\n  vec4 reconstructionParam1;\n  vec4 reconstructionParam2;\n  vec4 fLightDirection;\n  vec4 fLightColor;\n  vec4 fLightAmbient;\n};\nlayout(set = 1, binding = 1) uniform EFK_COMMON {\n  vec4 predefined_uniform;\n  vec4 cameraPosition;\n};\nlayout(set = 1, binding = 2) uniform EFK_UNIFORM_GRADIENT {\n  vec4 efk_uniform_833;\n  vec4 efk_uniform_884;\n  vec4 efk_uniform_934;\n};\n#define FLT_EPSILON 1.192092896e-07\nfloat3 PositivePow(float3 base, float3 power)\n{\n  return pow(max(abs(base), float3(FLT_EPSILON, FLT_EPSILON, FLT_EPSILON)), power);\n}\nhalf3 SRGBToLinear(half3 c)\n{\n  return min(c, c * (c * (c * 0.305306011 + 0.682171111) + 0.012522878));\n}\nhalf4 SRGBToLinear(half4 c)\n{\n  return half4(SRGBToLinear(c.rgb), c.a);\n}\nhalf3 LinearToSRGB(half3 c)\n{\n  return max(1.055 * PositivePow(c, float3(0.416666667,0.416666667,0.416666667)) - 0.055, 0.0);\n}\nhalf4 LinearToSRGB(half4 c)\n{\n  return half4(LinearToSRGB(c.rgb), c.a);\n}\nhalf4 ConvertFromSRGBTexture(half4 c)\n{\n  if (predefined_uniform.z == 0.0)\n  {\n    return c;\n  }\n  return LinearToSRGB(c);\n}\nhalf4 ConvertToScreen(half4 c)\n{\n  if (predefined_uniform.z == 0.0)\n  {\n    return c;\n  }\n  return SRGBToLinear(c);\n}\nvec2 GetUV(vec2 uv)\n{\n  uv.y = mUVInversedBack.x + mUVInversedBack.y * uv.y;\n  return uv;\n}\n#ifdef _MATERIAL_LIT_\nconst float lightScale = 3.14;\n#endif\nvec4 frag()\n{\n  vec2 uv1 = v_UV1;\n  vec2 uv2 = v_UV2;\n  vec3 worldPos = vec3(v_WorldN_PX.w, v_WorldB_PY.w, v_WorldT_PZ.w);\n  vec3 worldNormal = v_WorldN_PX.xyz;\n  vec3 worldTangent = v_WorldT_PZ.xyz;\n  vec3 worldBinormal = v_WorldB_PY.xyz;\n  vec3 pixelNormalDir = worldNormal;\n  vec4 vcolor = v_VColor;\n  vec3 objectScale = vec3(1.0, 1.0, 1.0);\n  vec2 screenUV = v_PosP.xy / v_PosP.w;\n  float meshZ =   v_PosP.z / v_PosP.w;\n  screenUV.xy = vec2(screenUV.x + 1.0, screenUV.y + 1.0) * 0.5;\n#ifdef _SCREEN_FLIPPED_\n  screenUV.y = 1.0 - screenUV.y;\n#endif\n  vec2 customData1 = v_CustomData1;\n  vec2 customData2 = v_CustomData2;\nvec2 val0=customData2.xy;\nvec4 val1_CompMask=vec4(val0.x,val0.y, 0.0, 1.0);\nfloat val1=val1_CompMask.y;\nvec2 val2=efk_uniform_833.xy;\nvec2 val3=uv1;\nvec2 val4=(val3*val2);\nvec2 val5=floor(val4);\nvec2 val6=(val5/val2);\nvec4 val13 = ConvertFromSRGBTexture(texture(efk_texture_847,GetUV(val6)));\nfloat val9=val13.x;\nvec3 val8=val13.xyz;\nfloat val14=float(1.0)-val9;\nfloat val15=(val14+val1);\nfloat val16=(val15*float(3.0));\nfloat val17= clamp(val16,float(0.0),float(1.0));\nvec4 val18_CompMask=vec4(val0.x,val0.y, 0.0, 1.0);\nfloat val18=val18_CompMask.x;\nfloat val19=efk_uniform_884.x;\nfloat val20=customData1.x;\nfloat val21=(val20+val19);\nfloat val22 = step(val21,val9);\nfloat val23 = step(val20,val9);\nfloat val24=(val23-val22);\nfloat val25=(val24*float(0.2));\nfloat val26=(val25+val18);\nfloat val27= clamp(val26,float(0.0),float(1.0));\nfloat val28=(val27*val17);\nvec2 val29=uv1;\nvec2 val30=(val29*val2);\nvec2 val31=FRAC(val30);\nvec2 val32=(val31-float(0.5));\nvec2 val33=(val32*float(2.0));\nvec2 val34=abs(val33);\nvec4 val35_CompMask=vec4(val34.x,val34.y, 0.0, 1.0);\nfloat val35=val35_CompMask.y;\nfloat val36=(float(0.0)+val35);\nfloat val37 = step(val36,val28);\nvec4 val38_CompMask=vec4(val34.x,val34.y, 0.0, 1.0);\nfloat val38=val38_CompMask.x;\nfloat val39=(float(0.0)+val38);\nfloat val40 = step(val39,val28);\nfloat val41=(val40*val37);\nvec4 val48 = ConvertFromSRGBTexture(texture(efk_texture_635,GetUV(val6)));\nfloat val47=val48.w;\nvec3 val43=val48.xyz;\nfloat val49=(val47*val23);\nfloat val50=(val49*val41);\nvec3 val51= vcolor.xyz;\nfloat val55= vcolor.w;\nfloat val56=(val55*val50);\nvec4 val57=efk_uniform_934;\nvec4 val58= LERP(val57,val48,val22);\nvec4 val59_CompMask=val58;\nvec3 val59=val59_CompMask.xyz;\nvec3 val60=(val51*val59);\nvec3 normalDir = vec3(0.5,0.5,1.0);\nvec3 worldPositionOffset = vec3(0.0,0.0,0.0);\nvec3 baseColor = vec3(0.0,0.0,0.0);\nvec3 emissive = val60;\nfloat metallic = float(0.5);\nfloat roughness = float(0.5);\nfloat ambientOcclusion = float(1.0);\nfloat opacity = float(1.0);\nfloat opacityMask = val56;\nfloat refraction = float(0.0);\n  if(opacityMask <= 0.0) discard;\n  if(opacity <= 0.0) discard;\n  return ConvertToScreen(vec4(emissive, opacity));\n}\nlayout(location = 0) out vec4 cc_FragColor;\nvoid main() { cc_FragColor = frag(); }"
      },
      "glsl3": {
        "vert": "\n  precision highp float;\n#define LAYOUT(ind)\n#define in in\n#define out out\n#define centroid\n#define MOD mod\n#define FRAC fract\n#define LERP mix\n#define float2 vec2\n#define float3 vec3\n#define float4 vec4\n#define half2 vec2\n#define half3 vec3\n#define half4 vec4\n#define int2 ivec2\n#define int3 ivec3\n#define int4 ivec4\nLAYOUT(0) in vec3 Input_Pos;\nLAYOUT(1) in vec4 Input_Color;\nLAYOUT(2) in vec3 Input_Normal;\nLAYOUT(3) in vec3 Input_Tangent;\nLAYOUT(4) in vec2 Input_UV;\nLAYOUT(5) in vec2 atTexCoord2;\nLAYOUT(6) in vec2 atCustomData1;\nLAYOUT(7) in vec2 atCustomData2;\nLAYOUT(0) out lowp vec4 v_VColor;\nLAYOUT(1) out mediump vec2 v_UV1;\nLAYOUT(2) out mediump vec2 v_UV2;\nLAYOUT(3) out mediump vec4 v_WorldN_PX;\nLAYOUT(4) out mediump vec4 v_WorldB_PY;\nLAYOUT(5) out mediump vec4 v_WorldT_PZ;\nLAYOUT(6) out mediump vec4 v_PosP;\nLAYOUT(7) out mediump vec2 v_CustomData1;\nLAYOUT(8) out mediump vec2 v_CustomData2;\n#define _INSTANCE_COUNT_ 10\nLAYOUT(binding = 0) uniform sampler2D efk_texture_635;\nLAYOUT(binding = 1) uniform sampler2D efk_texture_847;\nLAYOUT(binding = 2) uniform sampler2D efk_background;\nLAYOUT(binding = 3) uniform sampler2D efk_depth;\nLAYOUT(binding = 0) layout(std140) uniform VSBlock {\n  mat4 uMatCamera;\n  mat4 uMatProjection;\n  vec4 mUVInversed;\n};\nlayout(std140) uniform EFK_COMMON {\n  vec4 predefined_uniform;\n  vec4 cameraPosition;\n};\nlayout(std140) uniform EFK_UNIFORM_GRADIENT {\n  vec4 efk_uniform_833;\n  vec4 efk_uniform_884;\n  vec4 efk_uniform_934;\n};\n#define FLT_EPSILON 1.192092896e-07\nfloat3 PositivePow(float3 base, float3 power)\n{\n  return pow(max(abs(base), float3(FLT_EPSILON, FLT_EPSILON, FLT_EPSILON)), power);\n}\nhalf3 LinearToSRGB(half3 c)\n{\n  return max(1.055 * PositivePow(c, float3(0.416666667,0.416666667,0.416666667)) - 0.055, 0.0);\n}\nhalf4 LinearToSRGB(half4 c)\n{\n  return half4(LinearToSRGB(c.rgb), c.a);\n}\nhalf4 ConvertFromSRGBTexture(half4 c)\n{\n  if (predefined_uniform.z == 0.0)\n  {\n    return c;\n  }\n  return LinearToSRGB(c);\n}\nvec2 GetUV(vec2 uv)\n{\n  uv.y = mUVInversed.x + mUVInversed.y * uv.y;\n  return uv;\n}\nvec4 vert() {\n  vec3 worldPos = Input_Pos.xyz;\n  vec3 objectScale = vec3(1.0, 1.0, 1.0);\n  vec2 screenUV = vec2(0.0, 0.0);\n  float meshZ = 0.0;\n  vec2 uv1 = Input_UV.xy;\n  vec2 uv2 = atTexCoord2.xy;\n  vec3 worldNormal = (Input_Normal - vec3(0.5, 0.5, 0.5)) * 2.0;\n  vec3 worldTangent = (Input_Tangent - vec3(0.5, 0.5, 0.5)) * 2.0;\n  vec3 worldBinormal = cross(worldNormal, worldTangent);\n  v_WorldN_PX.xyz = worldNormal;\n  v_WorldB_PY.xyz = worldBinormal;\n  v_WorldT_PZ.xyz = worldTangent;\n  vec3 pixelNormalDir = worldNormal;\n  vec4 vcolor = Input_Color;\n  vec2 customData1 = atCustomData1;\n  v_CustomData1 = customData1.xy;\n  vec2 customData2 = atCustomData2;\n  v_CustomData2 = customData2.xy;\nvec2 val0=customData2.xy;\nvec4 val1_CompMask=vec4(val0.x,val0.y, 0.0, 1.0);\nfloat val1=val1_CompMask.y;\nvec2 val2=efk_uniform_833.xy;\nvec2 val3=uv1;\nvec2 val4=(val3*val2);\nvec2 val5=floor(val4);\nvec2 val6=(val5/val2);\nvec4 val13 = ConvertFromSRGBTexture(texture(efk_texture_847,GetUV(val6)));\nfloat val9=val13.x;\nvec3 val8=val13.xyz;\nfloat val14=float(1.0)-val9;\nfloat val15=(val14+val1);\nfloat val16=(val15*float(3.0));\nfloat val17= clamp(val16,float(0.0),float(1.0));\nvec4 val18_CompMask=vec4(val0.x,val0.y, 0.0, 1.0);\nfloat val18=val18_CompMask.x;\nfloat val19=efk_uniform_884.x;\nfloat val20=customData1.x;\nfloat val21=(val20+val19);\nfloat val22 = step(val21,val9);\nfloat val23 = step(val20,val9);\nfloat val24=(val23-val22);\nfloat val25=(val24*float(0.2));\nfloat val26=(val25+val18);\nfloat val27= clamp(val26,float(0.0),float(1.0));\nfloat val28=(val27*val17);\nvec2 val29=uv1;\nvec2 val30=(val29*val2);\nvec2 val31=FRAC(val30);\nvec2 val32=(val31-float(0.5));\nvec2 val33=(val32*float(2.0));\nvec2 val34=abs(val33);\nvec4 val35_CompMask=vec4(val34.x,val34.y, 0.0, 1.0);\nfloat val35=val35_CompMask.y;\nfloat val36=(float(0.0)+val35);\nfloat val37 = step(val36,val28);\nvec4 val38_CompMask=vec4(val34.x,val34.y, 0.0, 1.0);\nfloat val38=val38_CompMask.x;\nfloat val39=(float(0.0)+val38);\nfloat val40 = step(val39,val28);\nfloat val41=(val40*val37);\nvec4 val48 = ConvertFromSRGBTexture(texture(efk_texture_635,GetUV(val6)));\nfloat val47=val48.w;\nvec3 val43=val48.xyz;\nfloat val49=(val47*val23);\nfloat val50=(val49*val41);\nvec3 val51= vcolor.xyz;\nfloat val55= vcolor.w;\nfloat val56=(val55*val50);\nvec4 val57=efk_uniform_934;\nvec4 val58= LERP(val57,val48,val22);\nvec4 val59_CompMask=val58;\nvec3 val59=val59_CompMask.xyz;\nvec3 val60=(val51*val59);\nvec3 normalDir = vec3(0.5,0.5,1.0);\nvec3 worldPositionOffset = vec3(0.0,0.0,0.0);\nvec3 baseColor = vec3(0.0,0.0,0.0);\nvec3 emissive = val60;\nfloat metallic = float(0.5);\nfloat roughness = float(0.5);\nfloat ambientOcclusion = float(1.0);\nfloat opacity = float(1.0);\nfloat opacityMask = val56;\nfloat refraction = float(0.0);\n  worldPos = worldPos + worldPositionOffset;\n  vec4 cameraPos = uMatCamera * vec4(worldPos, 1.0);\n  cameraPos = cameraPos / cameraPos.w;\n  v_PosP = uMatProjection * cameraPos;\n  v_WorldN_PX.w = worldPos.x;\n  v_WorldB_PY.w = worldPos.y;\n  v_WorldT_PZ.w = worldPos.z;\n  v_VColor = vcolor;\n  v_UV1 = uv1;\n  v_UV2 = uv2;\n  #ifdef _Y_INVERTED_\n  v_PosP.y = - v_PosP.y;\n  #endif\n  return v_PosP;\n}\nvoid main() { gl_Position = vert(); }",
        "frag": "\n  precision highp float;\n#define LAYOUT(ind)\n#define in in\n#define out out\n#define centroid\n#define MOD mod\n#define FRAC fract\n#define LERP mix\n#define float2 vec2\n#define float3 vec3\n#define float4 vec4\n#define half2 vec2\n#define half3 vec3\n#define half4 vec4\n#define int2 ivec2\n#define int3 ivec3\n#define int4 ivec4\nLAYOUT(0) in lowp vec4 v_VColor;\nLAYOUT(1) in mediump vec2 v_UV1;\nLAYOUT(2) in mediump vec2 v_UV2;\nLAYOUT(3) in mediump vec4 v_WorldN_PX;\nLAYOUT(4) in mediump vec4 v_WorldB_PY;\nLAYOUT(5) in mediump vec4 v_WorldT_PZ;\nLAYOUT(6) in mediump vec4 v_PosP;\nLAYOUT(7) in mediump vec2 v_CustomData1;\nLAYOUT(8) in mediump vec2 v_CustomData2;\n#define _INSTANCE_COUNT_ 10\nLAYOUT(binding = 0) uniform sampler2D efk_texture_635;\nLAYOUT(binding = 1) uniform sampler2D efk_texture_847;\nLAYOUT(binding = 2) uniform sampler2D efk_background;\nLAYOUT(binding = 3) uniform sampler2D efk_depth;\nLAYOUT(binding = 0) layout(std140) uniform FSBlock {\n  vec4 mUVInversedBack;\n  vec4 reconstructionParam1;\n  vec4 reconstructionParam2;\n  vec4 fLightDirection;\n  vec4 fLightColor;\n  vec4 fLightAmbient;\n};\nlayout(std140) uniform EFK_COMMON {\n  vec4 predefined_uniform;\n  vec4 cameraPosition;\n};\nlayout(std140) uniform EFK_UNIFORM_GRADIENT {\n  vec4 efk_uniform_833;\n  vec4 efk_uniform_884;\n  vec4 efk_uniform_934;\n};\n#define FLT_EPSILON 1.192092896e-07\nfloat3 PositivePow(float3 base, float3 power)\n{\n  return pow(max(abs(base), float3(FLT_EPSILON, FLT_EPSILON, FLT_EPSILON)), power);\n}\nhalf3 SRGBToLinear(half3 c)\n{\n  return min(c, c * (c * (c * 0.305306011 + 0.682171111) + 0.012522878));\n}\nhalf4 SRGBToLinear(half4 c)\n{\n  return half4(SRGBToLinear(c.rgb), c.a);\n}\nhalf3 LinearToSRGB(half3 c)\n{\n  return max(1.055 * PositivePow(c, float3(0.416666667,0.416666667,0.416666667)) - 0.055, 0.0);\n}\nhalf4 LinearToSRGB(half4 c)\n{\n  return half4(LinearToSRGB(c.rgb), c.a);\n}\nhalf4 ConvertFromSRGBTexture(half4 c)\n{\n  if (predefined_uniform.z == 0.0)\n  {\n    return c;\n  }\n  return LinearToSRGB(c);\n}\nhalf4 ConvertToScreen(half4 c)\n{\n  if (predefined_uniform.z == 0.0)\n  {\n    return c;\n  }\n  return SRGBToLinear(c);\n}\nvec2 GetUV(vec2 uv)\n{\n  uv.y = mUVInversedBack.x + mUVInversedBack.y * uv.y;\n  return uv;\n}\n#ifdef _MATERIAL_LIT_\nconst float lightScale = 3.14;\n#endif\nvec4 frag()\n{\n  vec2 uv1 = v_UV1;\n  vec2 uv2 = v_UV2;\n  vec3 worldPos = vec3(v_WorldN_PX.w, v_WorldB_PY.w, v_WorldT_PZ.w);\n  vec3 worldNormal = v_WorldN_PX.xyz;\n  vec3 worldTangent = v_WorldT_PZ.xyz;\n  vec3 worldBinormal = v_WorldB_PY.xyz;\n  vec3 pixelNormalDir = worldNormal;\n  vec4 vcolor = v_VColor;\n  vec3 objectScale = vec3(1.0, 1.0, 1.0);\n  vec2 screenUV = v_PosP.xy / v_PosP.w;\n  float meshZ =   v_PosP.z / v_PosP.w;\n  screenUV.xy = vec2(screenUV.x + 1.0, screenUV.y + 1.0) * 0.5;\n#ifdef _SCREEN_FLIPPED_\n  screenUV.y = 1.0 - screenUV.y;\n#endif\n  vec2 customData1 = v_CustomData1;\n  vec2 customData2 = v_CustomData2;\nvec2 val0=customData2.xy;\nvec4 val1_CompMask=vec4(val0.x,val0.y, 0.0, 1.0);\nfloat val1=val1_CompMask.y;\nvec2 val2=efk_uniform_833.xy;\nvec2 val3=uv1;\nvec2 val4=(val3*val2);\nvec2 val5=floor(val4);\nvec2 val6=(val5/val2);\nvec4 val13 = ConvertFromSRGBTexture(texture(efk_texture_847,GetUV(val6)));\nfloat val9=val13.x;\nvec3 val8=val13.xyz;\nfloat val14=float(1.0)-val9;\nfloat val15=(val14+val1);\nfloat val16=(val15*float(3.0));\nfloat val17= clamp(val16,float(0.0),float(1.0));\nvec4 val18_CompMask=vec4(val0.x,val0.y, 0.0, 1.0);\nfloat val18=val18_CompMask.x;\nfloat val19=efk_uniform_884.x;\nfloat val20=customData1.x;\nfloat val21=(val20+val19);\nfloat val22 = step(val21,val9);\nfloat val23 = step(val20,val9);\nfloat val24=(val23-val22);\nfloat val25=(val24*float(0.2));\nfloat val26=(val25+val18);\nfloat val27= clamp(val26,float(0.0),float(1.0));\nfloat val28=(val27*val17);\nvec2 val29=uv1;\nvec2 val30=(val29*val2);\nvec2 val31=FRAC(val30);\nvec2 val32=(val31-float(0.5));\nvec2 val33=(val32*float(2.0));\nvec2 val34=abs(val33);\nvec4 val35_CompMask=vec4(val34.x,val34.y, 0.0, 1.0);\nfloat val35=val35_CompMask.y;\nfloat val36=(float(0.0)+val35);\nfloat val37 = step(val36,val28);\nvec4 val38_CompMask=vec4(val34.x,val34.y, 0.0, 1.0);\nfloat val38=val38_CompMask.x;\nfloat val39=(float(0.0)+val38);\nfloat val40 = step(val39,val28);\nfloat val41=(val40*val37);\nvec4 val48 = ConvertFromSRGBTexture(texture(efk_texture_635,GetUV(val6)));\nfloat val47=val48.w;\nvec3 val43=val48.xyz;\nfloat val49=(val47*val23);\nfloat val50=(val49*val41);\nvec3 val51= vcolor.xyz;\nfloat val55= vcolor.w;\nfloat val56=(val55*val50);\nvec4 val57=efk_uniform_934;\nvec4 val58= LERP(val57,val48,val22);\nvec4 val59_CompMask=val58;\nvec3 val59=val59_CompMask.xyz;\nvec3 val60=(val51*val59);\nvec3 normalDir = vec3(0.5,0.5,1.0);\nvec3 worldPositionOffset = vec3(0.0,0.0,0.0);\nvec3 baseColor = vec3(0.0,0.0,0.0);\nvec3 emissive = val60;\nfloat metallic = float(0.5);\nfloat roughness = float(0.5);\nfloat ambientOcclusion = float(1.0);\nfloat opacity = float(1.0);\nfloat opacityMask = val56;\nfloat refraction = float(0.0);\n  if(opacityMask <= 0.0) discard;\n  if(opacity <= 0.0) discard;\n  return ConvertToScreen(vec4(emissive, opacity));\n}\nlayout(location = 0) out vec4 cc_FragColor;\nvoid main() { cc_FragColor = frag(); }"
      },
      "glsl1": {
        "vert": "\n  precision highp float;\n#define LAYOUT(ind)\n#define in in\n#define out out\n#define centroid\n#define MOD mod\n#define FRAC fract\n#define LERP mix\n#define float2 vec2\n#define float3 vec3\n#define float4 vec4\n#define half2 vec2\n#define half3 vec3\n#define half4 vec4\n#define int2 ivec2\n#define int3 ivec3\n#define int4 ivec4\nLAYOUT(0) attribute vec3 Input_Pos;\nLAYOUT(1) attribute vec4 Input_Color;\nLAYOUT(2) attribute vec3 Input_Normal;\nLAYOUT(3) attribute vec3 Input_Tangent;\nLAYOUT(4) attribute vec2 Input_UV;\nLAYOUT(5) attribute vec2 atTexCoord2;\nLAYOUT(6) attribute vec2 atCustomData1;\nLAYOUT(7) attribute vec2 atCustomData2;\nLAYOUT(0) varying lowp vec4 v_VColor;\nLAYOUT(1) varying mediump vec2 v_UV1;\nLAYOUT(2) varying mediump vec2 v_UV2;\nLAYOUT(3) varying mediump vec4 v_WorldN_PX;\nLAYOUT(4) varying mediump vec4 v_WorldB_PY;\nLAYOUT(5) varying mediump vec4 v_WorldT_PZ;\nLAYOUT(6) varying mediump vec4 v_PosP;\nLAYOUT(7) varying mediump vec2 v_CustomData1;\nLAYOUT(8) varying mediump vec2 v_CustomData2;\n#define _INSTANCE_COUNT_ 10\nLAYOUT(binding = 0) uniform sampler2D efk_texture_635;\nLAYOUT(binding = 1) uniform sampler2D efk_texture_847;\nLAYOUT(binding = 2) uniform sampler2D efk_background;\nLAYOUT(binding = 3) uniform sampler2D efk_depth;\nLAYOUT(binding = 0)   uniform mat4 uMatCamera;\n  uniform mat4 uMatProjection;\n  uniform vec4 mUVInversed;\n    uniform vec4 predefined_uniform;\n   uniform vec4 efk_uniform_833;\n   uniform vec4 efk_uniform_884;\n   uniform vec4 efk_uniform_934;\n#define FLT_EPSILON 1.192092896e-07\nfloat3 PositivePow(float3 base, float3 power)\n{\n  return pow(max(abs(base), float3(FLT_EPSILON, FLT_EPSILON, FLT_EPSILON)), power);\n}\nhalf3 LinearToSRGB(half3 c)\n{\n  return max(1.055 * PositivePow(c, float3(0.416666667,0.416666667,0.416666667)) - 0.055, 0.0);\n}\nhalf4 LinearToSRGB(half4 c)\n{\n  return half4(LinearToSRGB(c.rgb), c.a);\n}\nhalf4 ConvertFromSRGBTexture(half4 c)\n{\n  if (predefined_uniform.z == 0.0)\n  {\n    return c;\n  }\n  return LinearToSRGB(c);\n}\nvec2 GetUV(vec2 uv)\n{\n  uv.y = mUVInversed.x + mUVInversed.y * uv.y;\n  return uv;\n}\nvec4 vert() {\n  vec3 worldPos = Input_Pos.xyz;\n  vec3 objectScale = vec3(1.0, 1.0, 1.0);\n  vec2 screenUV = vec2(0.0, 0.0);\n  float meshZ = 0.0;\n  vec2 uv1 = Input_UV.xy;\n  vec2 uv2 = atTexCoord2.xy;\n  vec3 worldNormal = (Input_Normal - vec3(0.5, 0.5, 0.5)) * 2.0;\n  vec3 worldTangent = (Input_Tangent - vec3(0.5, 0.5, 0.5)) * 2.0;\n  vec3 worldBinormal = cross(worldNormal, worldTangent);\n  v_WorldN_PX.xyz = worldNormal;\n  v_WorldB_PY.xyz = worldBinormal;\n  v_WorldT_PZ.xyz = worldTangent;\n  vec3 pixelNormalDir = worldNormal;\n  vec4 vcolor = Input_Color;\n  vec2 customData1 = atCustomData1;\n  v_CustomData1 = customData1.xy;\n  vec2 customData2 = atCustomData2;\n  v_CustomData2 = customData2.xy;\nvec2 val0=customData2.xy;\nvec4 val1_CompMask=vec4(val0.x,val0.y, 0.0, 1.0);\nfloat val1=val1_CompMask.y;\nvec2 val2=efk_uniform_833.xy;\nvec2 val3=uv1;\nvec2 val4=(val3*val2);\nvec2 val5=floor(val4);\nvec2 val6=(val5/val2);\nvec4 val13 = ConvertFromSRGBTexture(texture2D(efk_texture_847,GetUV(val6)));\nfloat val9=val13.x;\nvec3 val8=val13.xyz;\nfloat val14=float(1.0)-val9;\nfloat val15=(val14+val1);\nfloat val16=(val15*float(3.0));\nfloat val17= clamp(val16,float(0.0),float(1.0));\nvec4 val18_CompMask=vec4(val0.x,val0.y, 0.0, 1.0);\nfloat val18=val18_CompMask.x;\nfloat val19=efk_uniform_884.x;\nfloat val20=customData1.x;\nfloat val21=(val20+val19);\nfloat val22 = step(val21,val9);\nfloat val23 = step(val20,val9);\nfloat val24=(val23-val22);\nfloat val25=(val24*float(0.2));\nfloat val26=(val25+val18);\nfloat val27= clamp(val26,float(0.0),float(1.0));\nfloat val28=(val27*val17);\nvec2 val29=uv1;\nvec2 val30=(val29*val2);\nvec2 val31=FRAC(val30);\nvec2 val32=(val31-float(0.5));\nvec2 val33=(val32*float(2.0));\nvec2 val34=abs(val33);\nvec4 val35_CompMask=vec4(val34.x,val34.y, 0.0, 1.0);\nfloat val35=val35_CompMask.y;\nfloat val36=(float(0.0)+val35);\nfloat val37 = step(val36,val28);\nvec4 val38_CompMask=vec4(val34.x,val34.y, 0.0, 1.0);\nfloat val38=val38_CompMask.x;\nfloat val39=(float(0.0)+val38);\nfloat val40 = step(val39,val28);\nfloat val41=(val40*val37);\nvec4 val48 = ConvertFromSRGBTexture(texture2D(efk_texture_635,GetUV(val6)));\nfloat val47=val48.w;\nvec3 val43=val48.xyz;\nfloat val49=(val47*val23);\nfloat val50=(val49*val41);\nvec3 val51= vcolor.xyz;\nfloat val55= vcolor.w;\nfloat val56=(val55*val50);\nvec4 val57=efk_uniform_934;\nvec4 val58= LERP(val57,val48,val22);\nvec4 val59_CompMask=val58;\nvec3 val59=val59_CompMask.xyz;\nvec3 val60=(val51*val59);\nvec3 normalDir = vec3(0.5,0.5,1.0);\nvec3 worldPositionOffset = vec3(0.0,0.0,0.0);\nvec3 baseColor = vec3(0.0,0.0,0.0);\nvec3 emissive = val60;\nfloat metallic = float(0.5);\nfloat roughness = float(0.5);\nfloat ambientOcclusion = float(1.0);\nfloat opacity = float(1.0);\nfloat opacityMask = val56;\nfloat refraction = float(0.0);\n  worldPos = worldPos + worldPositionOffset;\n  vec4 cameraPos = uMatCamera * vec4(worldPos, 1.0);\n  cameraPos = cameraPos / cameraPos.w;\n  v_PosP = uMatProjection * cameraPos;\n  v_WorldN_PX.w = worldPos.x;\n  v_WorldB_PY.w = worldPos.y;\n  v_WorldT_PZ.w = worldPos.z;\n  v_VColor = vcolor;\n  v_UV1 = uv1;\n  v_UV2 = uv2;\n  #ifdef _Y_INVERTED_\n  v_PosP.y = - v_PosP.y;\n  #endif\n  return v_PosP;\n}\nvoid main() { gl_Position = vert(); }",
        "frag": "\n  precision highp float;\n#define LAYOUT(ind)\n#define in in\n#define out out\n#define centroid\n#define MOD mod\n#define FRAC fract\n#define LERP mix\n#define float2 vec2\n#define float3 vec3\n#define float4 vec4\n#define half2 vec2\n#define half3 vec3\n#define half4 vec4\n#define int2 ivec2\n#define int3 ivec3\n#define int4 ivec4\nLAYOUT(0) varying lowp vec4 v_VColor;\nLAYOUT(1) varying mediump vec2 v_UV1;\nLAYOUT(2) varying mediump vec2 v_UV2;\nLAYOUT(3) varying mediump vec4 v_WorldN_PX;\nLAYOUT(4) varying mediump vec4 v_WorldB_PY;\nLAYOUT(5) varying mediump vec4 v_WorldT_PZ;\nLAYOUT(6) varying mediump vec4 v_PosP;\nLAYOUT(7) varying mediump vec2 v_CustomData1;\nLAYOUT(8) varying mediump vec2 v_CustomData2;\n#define _INSTANCE_COUNT_ 10\nLAYOUT(binding = 0) uniform sampler2D efk_texture_635;\nLAYOUT(binding = 1) uniform sampler2D efk_texture_847;\nLAYOUT(binding = 2) uniform sampler2D efk_background;\nLAYOUT(binding = 3) uniform sampler2D efk_depth;\nLAYOUT(binding = 0)   uniform vec4 mUVInversedBack;\n    uniform vec4 predefined_uniform;\n   uniform vec4 efk_uniform_833;\n   uniform vec4 efk_uniform_884;\n   uniform vec4 efk_uniform_934;\n#define FLT_EPSILON 1.192092896e-07\nfloat3 PositivePow(float3 base, float3 power)\n{\n  return pow(max(abs(base), float3(FLT_EPSILON, FLT_EPSILON, FLT_EPSILON)), power);\n}\nhalf3 SRGBToLinear(half3 c)\n{\n  return min(c, c * (c * (c * 0.305306011 + 0.682171111) + 0.012522878));\n}\nhalf4 SRGBToLinear(half4 c)\n{\n  return half4(SRGBToLinear(c.rgb), c.a);\n}\nhalf3 LinearToSRGB(half3 c)\n{\n  return max(1.055 * PositivePow(c, float3(0.416666667,0.416666667,0.416666667)) - 0.055, 0.0);\n}\nhalf4 LinearToSRGB(half4 c)\n{\n  return half4(LinearToSRGB(c.rgb), c.a);\n}\nhalf4 ConvertFromSRGBTexture(half4 c)\n{\n  if (predefined_uniform.z == 0.0)\n  {\n    return c;\n  }\n  return LinearToSRGB(c);\n}\nhalf4 ConvertToScreen(half4 c)\n{\n  if (predefined_uniform.z == 0.0)\n  {\n    return c;\n  }\n  return SRGBToLinear(c);\n}\nvec2 GetUV(vec2 uv)\n{\n  uv.y = mUVInversedBack.x + mUVInversedBack.y * uv.y;\n  return uv;\n}\n#ifdef _MATERIAL_LIT_\nconst float lightScale = 3.14;\n#endif\nvec4 frag()\n{\n  vec2 uv1 = v_UV1;\n  vec2 uv2 = v_UV2;\n  vec3 worldPos = vec3(v_WorldN_PX.w, v_WorldB_PY.w, v_WorldT_PZ.w);\n  vec3 worldNormal = v_WorldN_PX.xyz;\n  vec3 worldTangent = v_WorldT_PZ.xyz;\n  vec3 worldBinormal = v_WorldB_PY.xyz;\n  vec3 pixelNormalDir = worldNormal;\n  vec4 vcolor = v_VColor;\n  vec3 objectScale = vec3(1.0, 1.0, 1.0);\n  vec2 screenUV = v_PosP.xy / v_PosP.w;\n  float meshZ =   v_PosP.z / v_PosP.w;\n  screenUV.xy = vec2(screenUV.x + 1.0, screenUV.y + 1.0) * 0.5;\n#ifdef _SCREEN_FLIPPED_\n  screenUV.y = 1.0 - screenUV.y;\n#endif\n  vec2 customData1 = v_CustomData1;\n  vec2 customData2 = v_CustomData2;\nvec2 val0=customData2.xy;\nvec4 val1_CompMask=vec4(val0.x,val0.y, 0.0, 1.0);\nfloat val1=val1_CompMask.y;\nvec2 val2=efk_uniform_833.xy;\nvec2 val3=uv1;\nvec2 val4=(val3*val2);\nvec2 val5=floor(val4);\nvec2 val6=(val5/val2);\nvec4 val13 = ConvertFromSRGBTexture(texture2D(efk_texture_847,GetUV(val6)));\nfloat val9=val13.x;\nvec3 val8=val13.xyz;\nfloat val14=float(1.0)-val9;\nfloat val15=(val14+val1);\nfloat val16=(val15*float(3.0));\nfloat val17= clamp(val16,float(0.0),float(1.0));\nvec4 val18_CompMask=vec4(val0.x,val0.y, 0.0, 1.0);\nfloat val18=val18_CompMask.x;\nfloat val19=efk_uniform_884.x;\nfloat val20=customData1.x;\nfloat val21=(val20+val19);\nfloat val22 = step(val21,val9);\nfloat val23 = step(val20,val9);\nfloat val24=(val23-val22);\nfloat val25=(val24*float(0.2));\nfloat val26=(val25+val18);\nfloat val27= clamp(val26,float(0.0),float(1.0));\nfloat val28=(val27*val17);\nvec2 val29=uv1;\nvec2 val30=(val29*val2);\nvec2 val31=FRAC(val30);\nvec2 val32=(val31-float(0.5));\nvec2 val33=(val32*float(2.0));\nvec2 val34=abs(val33);\nvec4 val35_CompMask=vec4(val34.x,val34.y, 0.0, 1.0);\nfloat val35=val35_CompMask.y;\nfloat val36=(float(0.0)+val35);\nfloat val37 = step(val36,val28);\nvec4 val38_CompMask=vec4(val34.x,val34.y, 0.0, 1.0);\nfloat val38=val38_CompMask.x;\nfloat val39=(float(0.0)+val38);\nfloat val40 = step(val39,val28);\nfloat val41=(val40*val37);\nvec4 val48 = ConvertFromSRGBTexture(texture2D(efk_texture_635,GetUV(val6)));\nfloat val47=val48.w;\nvec3 val43=val48.xyz;\nfloat val49=(val47*val23);\nfloat val50=(val49*val41);\nvec3 val51= vcolor.xyz;\nfloat val55= vcolor.w;\nfloat val56=(val55*val50);\nvec4 val57=efk_uniform_934;\nvec4 val58= LERP(val57,val48,val22);\nvec4 val59_CompMask=val58;\nvec3 val59=val59_CompMask.xyz;\nvec3 val60=(val51*val59);\nvec3 normalDir = vec3(0.5,0.5,1.0);\nvec3 worldPositionOffset = vec3(0.0,0.0,0.0);\nvec3 baseColor = vec3(0.0,0.0,0.0);\nvec3 emissive = val60;\nfloat metallic = float(0.5);\nfloat roughness = float(0.5);\nfloat ambientOcclusion = float(1.0);\nfloat opacity = float(1.0);\nfloat opacityMask = val56;\nfloat refraction = float(0.0);\n  if(opacityMask <= 0.0) discard;\n  if(opacity <= 0.0) discard;\n  return ConvertToScreen(vec4(emissive, opacity));\n}\nvoid main() { gl_FragColor = frag(); }"
      },
      "builtins": {
        "globals": {
          "blocks": [],
          "samplerTextures": [],
          "buffers": [],
          "images": []
        },
        "locals": {
          "blocks": [],
          "samplerTextures": [],
          "buffers": [],
          "images": []
        },
        "statistics": {
          "CC_EFFECT_USED_VERTEX_UNIFORM_VECTORS": 14,
          "CC_EFFECT_USED_FRAGMENT_UNIFORM_VECTORS": 11
        }
      },
      "defines": [],
      "name": "../efk_09/Pixel_07|user_vs:vert|user_fs:frag"
    },
    {
      "blocks": [
        {
          "name": "VSBlock",
          "members": [
            {
              "name": "mProjection",
              "type": 25,
              "count": 1
            },
            {
              "name": "mModel",
              "type": 25,
              "count": 1
            },
            {
              "name": "fUV",
              "type": 16,
              "count": 1
            },
            {
              "name": "fModelColor",
              "type": 16,
              "count": 1
            },
            {
              "name": "mUVInversed",
              "type": 16,
              "count": 1
            },
            {
              "name": "customData1",
              "type": 16,
              "count": 1
            },
            {
              "name": "customData2",
              "type": 16,
              "count": 1
            }
          ],
          "defines": [],
          "stageFlags": 1,
          "binding": 0
        },
        {
          "name": "EFK_COMMON",
          "members": [
            {
              "name": "predefined_uniform",
              "type": 16,
              "count": 1
            },
            {
              "name": "cameraPosition",
              "type": 16,
              "count": 1
            }
          ],
          "defines": [],
          "stageFlags": 17,
          "binding": 1
        },
        {
          "name": "EFK_UNIFORM_GRADIENT",
          "members": [
            {
              "name": "efk_uniform_833",
              "type": 16,
              "count": 1
            },
            {
              "name": "efk_uniform_884",
              "type": 16,
              "count": 1
            },
            {
              "name": "efk_uniform_934",
              "type": 16,
              "count": 1
            }
          ],
          "defines": [],
          "stageFlags": 17,
          "binding": 2
        },
        {
          "name": "FSBlock",
          "members": [
            {
              "name": "mUVInversedBack",
              "type": 16,
              "count": 1
            },
            {
              "name": "reconstructionParam1",
              "type": 16,
              "count": 1
            },
            {
              "name": "reconstructionParam2",
              "type": 16,
              "count": 1
            },
            {
              "name": "fLightDirection",
              "type": 16,
              "count": 1
            },
            {
              "name": "fLightColor",
              "type": 16,
              "count": 1
            },
            {
              "name": "fLightAmbient",
              "type": 16,
              "count": 1
            }
          ],
          "defines": [],
          "stageFlags": 16,
          "binding": 3
        }
      ],
      "samplerTextures": [
        {
          "name": "efk_texture_635",
          "type": 28,
          "count": 1,
          "defines": [],
          "stageFlags": 17,
          "binding": 4
        },
        {
          "name": "efk_texture_847",
          "type": 28,
          "count": 1,
          "defines": [],
          "stageFlags": 17,
          "binding": 5
        },
        {
          "name": "efk_background",
          "type": 28,
          "count": 1,
          "defines": [],
          "stageFlags": 17,
          "binding": 6
        },
        {
          "name": "efk_depth",
          "type": 28,
          "count": 1,
          "defines": [],
          "stageFlags": 17,
          "binding": 7
        }
      ],
      "samplers": [],
      "textures": [],
      "buffers": [],
      "images": [],
      "subpassInputs": [],
      "attributes": [
        {
          "name": "Input_Pos",
          "defines": [],
          "format": 32,
          "location": 0
        },
        {
          "name": "Input_Normal",
          "defines": [],
          "format": 32,
          "location": 1
        },
        {
          "name": "Input_Binormal",
          "defines": [],
          "format": 32,
          "location": 2
        },
        {
          "name": "Input_Tangent",
          "defines": [],
          "format": 32,
          "location": 3
        },
        {
          "name": "Input_UV",
          "defines": [],
          "format": 21,
          "location": 4
        },
        {
          "name": "Input_Color",
          "defines": [],
          "format": 44,
          "location": 5
        }
      ],
      "varyings": [
        {
          "name": "v_VColor",
          "type": 16,
          "count": 1,
          "defines": [],
          "stageFlags": 17,
          "location": 0
        },
        {
          "name": "v_UV1",
          "type": 14,
          "count": 1,
          "defines": [],
          "stageFlags": 17,
          "location": 1
        },
        {
          "name": "v_UV2",
          "type": 14,
          "count": 1,
          "defines": [],
          "stageFlags": 17,
          "location": 2
        },
        {
          "name": "v_WorldN_PX",
          "type": 16,
          "count": 1,
          "defines": [],
          "stageFlags": 17,
          "location": 3
        },
        {
          "name": "v_WorldB_PY",
          "type": 16,
          "count": 1,
          "defines": [],
          "stageFlags": 17,
          "location": 4
        },
        {
          "name": "v_WorldT_PZ",
          "type": 16,
          "count": 1,
          "defines": [],
          "stageFlags": 17,
          "location": 5
        },
        {
          "name": "v_PosP",
          "type": 16,
          "count": 1,
          "defines": [],
          "stageFlags": 17,
          "location": 6
        },
        {
          "name": "v_CustomData1",
          "type": 14,
          "count": 1,
          "defines": [],
          "stageFlags": 17,
          "location": 7
        },
        {
          "name": "v_CustomData2",
          "type": 14,
          "count": 1,
          "defines": [],
          "stageFlags": 17,
          "location": 8
        }
      ],
      "fragColors": [
        {
          "name": "cc_FragColor",
          "typename": "vec4",
          "type": 16,
          "count": 1,
          "defines": [],
          "stageFlags": 16,
          "location": 0
        }
      ],
      "descriptors": [
        {
          "rate": 0,
          "blocks": [],
          "samplerTextures": [],
          "samplers": [],
          "textures": [],
          "buffers": [],
          "images": [],
          "subpassInputs": []
        },
        {
          "rate": 1,
          "blocks": [
            {
              "name": "VSBlock",
              "members": [
                {
                  "name": "mProjection",
                  "type": 25,
                  "count": 1
                },
                {
                  "name": "mModel",
                  "type": 25,
                  "count": 1
                },
                {
                  "name": "fUV",
                  "type": 16,
                  "count": 1
                },
                {
                  "name": "fModelColor",
                  "type": 16,
                  "count": 1
                },
                {
                  "name": "mUVInversed",
                  "type": 16,
                  "count": 1
                },
                {
                  "name": "customData1",
                  "type": 16,
                  "count": 1
                },
                {
                  "name": "customData2",
                  "type": 16,
                  "count": 1
                }
              ],
              "defines": [],
              "stageFlags": 1,
              "binding": 0
            },
            {
              "name": "EFK_COMMON",
              "members": [
                {
                  "name": "predefined_uniform",
                  "type": 16,
                  "count": 1
                },
                {
                  "name": "cameraPosition",
                  "type": 16,
                  "count": 1
                }
              ],
              "defines": [],
              "stageFlags": 17,
              "binding": 1
            },
            {
              "name": "EFK_UNIFORM_GRADIENT",
              "members": [
                {
                  "name": "efk_uniform_833",
                  "type": 16,
                  "count": 1
                },
                {
                  "name": "efk_uniform_884",
                  "type": 16,
                  "count": 1
                },
                {
                  "name": "efk_uniform_934",
                  "type": 16,
                  "count": 1
                }
              ],
              "defines": [],
              "stageFlags": 17,
              "binding": 2
            },
            {
              "name": "FSBlock",
              "members": [
                {
                  "name": "mUVInversedBack",
                  "type": 16,
                  "count": 1
                },
                {
                  "name": "reconstructionParam1",
                  "type": 16,
                  "count": 1
                },
                {
                  "name": "reconstructionParam2",
                  "type": 16,
                  "count": 1
                },
                {
                  "name": "fLightDirection",
                  "type": 16,
                  "count": 1
                },
                {
                  "name": "fLightColor",
                  "type": 16,
                  "count": 1
                },
                {
                  "name": "fLightAmbient",
                  "type": 16,
                  "count": 1
                }
              ],
              "defines": [],
              "stageFlags": 16,
              "binding": 3
            }
          ],
          "samplerTextures": [
            {
              "name": "efk_texture_635",
              "type": 28,
              "count": 1,
              "defines": [],
              "stageFlags": 17,
              "binding": 4
            },
            {
              "name": "efk_texture_847",
              "type": 28,
              "count": 1,
              "defines": [],
              "stageFlags": 17,
              "binding": 5
            },
            {
              "name": "efk_background",
              "type": 28,
              "count": 1,
              "defines": [],
              "stageFlags": 17,
              "binding": 6
            },
            {
              "name": "efk_depth",
              "type": 28,
              "count": 1,
              "defines": [],
              "stageFlags": 17,
              "binding": 7
            }
          ],
          "samplers": [],
          "textures": [],
          "buffers": [],
          "images": [],
          "subpassInputs": []
        },
        {
          "rate": 2,
          "blocks": [],
          "samplerTextures": [],
          "samplers": [],
          "textures": [],
          "buffers": [],
          "images": [],
          "subpassInputs": []
        },
        {
          "rate": 3,
          "blocks": [],
          "samplerTextures": [],
          "samplers": [],
          "textures": [],
          "buffers": [],
          "images": [],
          "subpassInputs": []
        }
      ],
      "hash": 322007105,
      "glsl4": {
        "vert": "\n  precision highp float;\n#define LAYOUT(ind)\n#define in in\n#define out out\n#define centroid\n#define MOD mod\n#define FRAC fract\n#define LERP mix\n#define float2 vec2\n#define float3 vec3\n#define float4 vec4\n#define half2 vec2\n#define half3 vec3\n#define half4 vec4\n#define int2 ivec2\n#define int3 ivec3\n#define int4 ivec4\nLAYOUT(0) layout(location = 0) in vec3 Input_Pos;\nLAYOUT(1) layout(location = 1) in vec3 Input_Normal;\nLAYOUT(2) layout(location = 2) in vec3 Input_Binormal;\nLAYOUT(3) layout(location = 3) in vec3 Input_Tangent;\nLAYOUT(4) layout(location = 4) in vec2 Input_UV;\nLAYOUT(5) layout(location = 5) in vec4 Input_Color;\nLAYOUT(0) layout(location = 0) out lowp vec4 v_VColor;\nLAYOUT(1) layout(location = 1) out mediump vec2 v_UV1;\nLAYOUT(2) layout(location = 2) out mediump vec2 v_UV2;\nLAYOUT(3) layout(location = 3) out mediump vec4 v_WorldN_PX;\nLAYOUT(4) layout(location = 4) out mediump vec4 v_WorldB_PY;\nLAYOUT(5) layout(location = 5) out mediump vec4 v_WorldT_PZ;\nLAYOUT(6) layout(location = 6) out mediump vec4 v_PosP;\nLAYOUT(7) layout(location = 7) out mediump vec2 v_CustomData1;\nLAYOUT(8) layout(location = 8) out mediump vec2 v_CustomData2;\n#define _INSTANCE_COUNT_ 10\nLAYOUT(binding = 0) layout(set = 1, binding = 4) uniform sampler2D efk_texture_635;\nLAYOUT(binding = 1) layout(set = 1, binding = 5) uniform sampler2D efk_texture_847;\nLAYOUT(binding = 2) layout(set = 1, binding = 6) uniform sampler2D efk_background;\nLAYOUT(binding = 3) layout(set = 1, binding = 7) uniform sampler2D efk_depth;\nLAYOUT(binding = 0) layout(set = 1, binding = 0) uniform VSBlock {\n  mat4 mProjection;\n  mat4 mModel;\n  vec4 fUV;\n  vec4 fModelColor;\n  vec4 mUVInversed;\n  vec4 customData1;\n  vec4 customData2;\n};\nlayout(set = 1, binding = 1) uniform EFK_COMMON {\n  vec4 predefined_uniform;\n  vec4 cameraPosition;\n};\nlayout(set = 1, binding = 2) uniform EFK_UNIFORM_GRADIENT {\n  vec4 efk_uniform_833;\n  vec4 efk_uniform_884;\n  vec4 efk_uniform_934;\n};\n#define FLT_EPSILON 1.192092896e-07\nfloat3 PositivePow(float3 base, float3 power)\n{\n  return pow(max(abs(base), float3(FLT_EPSILON, FLT_EPSILON, FLT_EPSILON)), power);\n}\nhalf3 LinearToSRGB(half3 c)\n{\n  return max(1.055 * PositivePow(c, float3(0.416666667,0.416666667,0.416666667)) - 0.055, 0.0);\n}\nhalf4 LinearToSRGB(half4 c)\n{\n  return half4(LinearToSRGB(c.rgb), c.a);\n}\nhalf4 ConvertFromSRGBTexture(half4 c)\n{\n  if (predefined_uniform.z == 0.0)\n  {\n    return c;\n  }\n  return LinearToSRGB(c);\n}\nvec2 GetUV(vec2 uv)\n{\n  uv.y = mUVInversed.x + mUVInversed.y * uv.y;\n  return uv;\n}\nvec4 vert()\n{\n  mat4 modelMatrix = mModel;\n  vec4 uvOffset = fUV;\n  vec4 modelColor = fModelColor * Input_Color;\n  mat3 modelMatRot = mat3(modelMatrix);\n  vec3 worldPos = (modelMatrix * vec4(Input_Pos.xyz, 1.0)).xyz;\n  vec3 worldNormal = normalize(modelMatRot * Input_Normal);\n  vec3 worldBinormal = normalize(modelMatRot * Input_Binormal);\n  vec3 worldTangent = normalize(modelMatRot * Input_Tangent);\n  vec3 objectScale = vec3(1.0, 1.0, 1.0);\n  objectScale.x = length(modelMatRot * vec3(1.0, 0.0, 0.0));\n  objectScale.y = length(modelMatRot * vec3(0.0, 1.0, 0.0));\n  objectScale.z = length(modelMatRot * vec3(0.0, 0.0, 1.0));\n  vec2 uv1 = Input_UV.xy * uvOffset.zw + uvOffset.xy;\n  vec2 uv2 = Input_UV.xy;\n  vec3 pixelNormalDir = worldNormal;\n  vec4 vcolor = modelColor;\n  vec2 screenUV = vec2(0.0, 0.0);\n  float meshZ = 0.0;\n  v_CustomData1 = customData1.xy;\n  v_CustomData2 = customData2.xy;\nvec2 val0=customData2.xy;\nvec4 val1_CompMask=vec4(val0.x,val0.y, 0.0, 1.0);\nfloat val1=val1_CompMask.y;\nvec2 val2=efk_uniform_833.xy;\nvec2 val3=uv1;\nvec2 val4=(val3*val2);\nvec2 val5=floor(val4);\nvec2 val6=(val5/val2);\nvec4 val13 = ConvertFromSRGBTexture(texture(efk_texture_847,GetUV(val6)));\nfloat val9=val13.x;\nvec3 val8=val13.xyz;\nfloat val14=float(1.0)-val9;\nfloat val15=(val14+val1);\nfloat val16=(val15*float(3.0));\nfloat val17= clamp(val16,float(0.0),float(1.0));\nvec4 val18_CompMask=vec4(val0.x,val0.y, 0.0, 1.0);\nfloat val18=val18_CompMask.x;\nfloat val19=efk_uniform_884.x;\nfloat val20=customData1.x;\nfloat val21=(val20+val19);\nfloat val22 = step(val21,val9);\nfloat val23 = step(val20,val9);\nfloat val24=(val23-val22);\nfloat val25=(val24*float(0.2));\nfloat val26=(val25+val18);\nfloat val27= clamp(val26,float(0.0),float(1.0));\nfloat val28=(val27*val17);\nvec2 val29=uv1;\nvec2 val30=(val29*val2);\nvec2 val31=FRAC(val30);\nvec2 val32=(val31-float(0.5));\nvec2 val33=(val32*float(2.0));\nvec2 val34=abs(val33);\nvec4 val35_CompMask=vec4(val34.x,val34.y, 0.0, 1.0);\nfloat val35=val35_CompMask.y;\nfloat val36=(float(0.0)+val35);\nfloat val37 = step(val36,val28);\nvec4 val38_CompMask=vec4(val34.x,val34.y, 0.0, 1.0);\nfloat val38=val38_CompMask.x;\nfloat val39=(float(0.0)+val38);\nfloat val40 = step(val39,val28);\nfloat val41=(val40*val37);\nvec4 val48 = ConvertFromSRGBTexture(texture(efk_texture_635,GetUV(val6)));\nfloat val47=val48.w;\nvec3 val43=val48.xyz;\nfloat val49=(val47*val23);\nfloat val50=(val49*val41);\nvec3 val51= vcolor.xyz;\nfloat val55= vcolor.w;\nfloat val56=(val55*val50);\nvec4 val57=efk_uniform_934;\nvec4 val58= LERP(val57,val48,val22);\nvec4 val59_CompMask=val58;\nvec3 val59=val59_CompMask.xyz;\nvec3 val60=(val51*val59);\nvec3 normalDir = vec3(0.5,0.5,1.0);\nvec3 worldPositionOffset = vec3(0.0,0.0,0.0);\nvec3 baseColor = vec3(0.0,0.0,0.0);\nvec3 emissive = val60;\nfloat metallic = float(0.5);\nfloat roughness = float(0.5);\nfloat ambientOcclusion = float(1.0);\nfloat opacity = float(1.0);\nfloat opacityMask = val56;\nfloat refraction = float(0.0);\n  worldPos = worldPos + worldPositionOffset;\n  v_WorldN_PX.w = worldPos.x;\n  v_WorldB_PY.w = worldPos.y;\n  v_WorldT_PZ.w = worldPos.z;\n  v_WorldN_PX.xyz = worldNormal;\n  v_WorldB_PY.xyz = worldBinormal;\n  v_WorldT_PZ.xyz = worldTangent;\n  v_UV1 = uv1;\n  v_UV2 = uv2;\n  v_VColor = vcolor;\n  v_PosP = mProjection * vec4(worldPos, 1.0);\n  #ifdef _Y_INVERTED_\n  v_PosP.y = - v_PosP.y;\n  #endif\n  return v_PosP;\n}\nvoid main() { gl_Position = vert(); }",
        "frag": "\n  precision highp float;\n#define LAYOUT(ind)\n#define in in\n#define out out\n#define centroid\n#define MOD mod\n#define FRAC fract\n#define LERP mix\n#define float2 vec2\n#define float3 vec3\n#define float4 vec4\n#define half2 vec2\n#define half3 vec3\n#define half4 vec4\n#define int2 ivec2\n#define int3 ivec3\n#define int4 ivec4\nLAYOUT(0) layout(location = 0) in lowp vec4 v_VColor;\nLAYOUT(1) layout(location = 1) in mediump vec2 v_UV1;\nLAYOUT(2) layout(location = 2) in mediump vec2 v_UV2;\nLAYOUT(3) layout(location = 3) in mediump vec4 v_WorldN_PX;\nLAYOUT(4) layout(location = 4) in mediump vec4 v_WorldB_PY;\nLAYOUT(5) layout(location = 5) in mediump vec4 v_WorldT_PZ;\nLAYOUT(6) layout(location = 6) in mediump vec4 v_PosP;\nLAYOUT(7) layout(location = 7) in mediump vec2 v_CustomData1;\nLAYOUT(8) layout(location = 8) in mediump vec2 v_CustomData2;\n#define _INSTANCE_COUNT_ 10\nLAYOUT(binding = 0) layout(set = 1, binding = 4) uniform sampler2D efk_texture_635;\nLAYOUT(binding = 1) layout(set = 1, binding = 5) uniform sampler2D efk_texture_847;\nLAYOUT(binding = 2) layout(set = 1, binding = 6) uniform sampler2D efk_background;\nLAYOUT(binding = 3) layout(set = 1, binding = 7) uniform sampler2D efk_depth;\nLAYOUT(binding = 0) layout(set = 1, binding = 3) uniform FSBlock {\n  vec4 mUVInversedBack;\n  vec4 reconstructionParam1;\n  vec4 reconstructionParam2;\n  vec4 fLightDirection;\n  vec4 fLightColor;\n  vec4 fLightAmbient;\n};\nlayout(set = 1, binding = 1) uniform EFK_COMMON {\n  vec4 predefined_uniform;\n  vec4 cameraPosition;\n};\nlayout(set = 1, binding = 2) uniform EFK_UNIFORM_GRADIENT {\n  vec4 efk_uniform_833;\n  vec4 efk_uniform_884;\n  vec4 efk_uniform_934;\n};\n#define FLT_EPSILON 1.192092896e-07\nfloat3 PositivePow(float3 base, float3 power)\n{\n  return pow(max(abs(base), float3(FLT_EPSILON, FLT_EPSILON, FLT_EPSILON)), power);\n}\nhalf3 SRGBToLinear(half3 c)\n{\n  return min(c, c * (c * (c * 0.305306011 + 0.682171111) + 0.012522878));\n}\nhalf4 SRGBToLinear(half4 c)\n{\n  return half4(SRGBToLinear(c.rgb), c.a);\n}\nhalf3 LinearToSRGB(half3 c)\n{\n  return max(1.055 * PositivePow(c, float3(0.416666667,0.416666667,0.416666667)) - 0.055, 0.0);\n}\nhalf4 LinearToSRGB(half4 c)\n{\n  return half4(LinearToSRGB(c.rgb), c.a);\n}\nhalf4 ConvertFromSRGBTexture(half4 c)\n{\n  if (predefined_uniform.z == 0.0)\n  {\n    return c;\n  }\n  return LinearToSRGB(c);\n}\nhalf4 ConvertToScreen(half4 c)\n{\n  if (predefined_uniform.z == 0.0)\n  {\n    return c;\n  }\n  return SRGBToLinear(c);\n}\nvec2 GetUV(vec2 uv)\n{\n  uv.y = mUVInversedBack.x + mUVInversedBack.y * uv.y;\n  return uv;\n}\n#ifdef _MATERIAL_LIT_\nconst float lightScale = 3.14;\n#endif\nvec4 frag()\n{\n  vec2 uv1 = v_UV1;\n  vec2 uv2 = v_UV2;\n  vec3 worldPos = vec3(v_WorldN_PX.w, v_WorldB_PY.w, v_WorldT_PZ.w);\n  vec3 worldNormal = v_WorldN_PX.xyz;\n  vec3 worldTangent = v_WorldT_PZ.xyz;\n  vec3 worldBinormal = v_WorldB_PY.xyz;\n  vec3 pixelNormalDir = worldNormal;\n  vec4 vcolor = v_VColor;\n  vec3 objectScale = vec3(1.0, 1.0, 1.0);\n  vec2 screenUV = v_PosP.xy / v_PosP.w;\n  float meshZ =   v_PosP.z / v_PosP.w;\n  screenUV.xy = vec2(screenUV.x + 1.0, screenUV.y + 1.0) * 0.5;\n#ifdef _SCREEN_FLIPPED_\n  screenUV.y = 1.0 - screenUV.y;\n#endif\n  vec2 customData1 = v_CustomData1;\n  vec2 customData2 = v_CustomData2;\nvec2 val0=customData2.xy;\nvec4 val1_CompMask=vec4(val0.x,val0.y, 0.0, 1.0);\nfloat val1=val1_CompMask.y;\nvec2 val2=efk_uniform_833.xy;\nvec2 val3=uv1;\nvec2 val4=(val3*val2);\nvec2 val5=floor(val4);\nvec2 val6=(val5/val2);\nvec4 val13 = ConvertFromSRGBTexture(texture(efk_texture_847,GetUV(val6)));\nfloat val9=val13.x;\nvec3 val8=val13.xyz;\nfloat val14=float(1.0)-val9;\nfloat val15=(val14+val1);\nfloat val16=(val15*float(3.0));\nfloat val17= clamp(val16,float(0.0),float(1.0));\nvec4 val18_CompMask=vec4(val0.x,val0.y, 0.0, 1.0);\nfloat val18=val18_CompMask.x;\nfloat val19=efk_uniform_884.x;\nfloat val20=customData1.x;\nfloat val21=(val20+val19);\nfloat val22 = step(val21,val9);\nfloat val23 = step(val20,val9);\nfloat val24=(val23-val22);\nfloat val25=(val24*float(0.2));\nfloat val26=(val25+val18);\nfloat val27= clamp(val26,float(0.0),float(1.0));\nfloat val28=(val27*val17);\nvec2 val29=uv1;\nvec2 val30=(val29*val2);\nvec2 val31=FRAC(val30);\nvec2 val32=(val31-float(0.5));\nvec2 val33=(val32*float(2.0));\nvec2 val34=abs(val33);\nvec4 val35_CompMask=vec4(val34.x,val34.y, 0.0, 1.0);\nfloat val35=val35_CompMask.y;\nfloat val36=(float(0.0)+val35);\nfloat val37 = step(val36,val28);\nvec4 val38_CompMask=vec4(val34.x,val34.y, 0.0, 1.0);\nfloat val38=val38_CompMask.x;\nfloat val39=(float(0.0)+val38);\nfloat val40 = step(val39,val28);\nfloat val41=(val40*val37);\nvec4 val48 = ConvertFromSRGBTexture(texture(efk_texture_635,GetUV(val6)));\nfloat val47=val48.w;\nvec3 val43=val48.xyz;\nfloat val49=(val47*val23);\nfloat val50=(val49*val41);\nvec3 val51= vcolor.xyz;\nfloat val55= vcolor.w;\nfloat val56=(val55*val50);\nvec4 val57=efk_uniform_934;\nvec4 val58= LERP(val57,val48,val22);\nvec4 val59_CompMask=val58;\nvec3 val59=val59_CompMask.xyz;\nvec3 val60=(val51*val59);\nvec3 normalDir = vec3(0.5,0.5,1.0);\nvec3 worldPositionOffset = vec3(0.0,0.0,0.0);\nvec3 baseColor = vec3(0.0,0.0,0.0);\nvec3 emissive = val60;\nfloat metallic = float(0.5);\nfloat roughness = float(0.5);\nfloat ambientOcclusion = float(1.0);\nfloat opacity = float(1.0);\nfloat opacityMask = val56;\nfloat refraction = float(0.0);\n  if(opacityMask <= 0.0) discard;\n  if(opacity <= 0.0) discard;\n  return ConvertToScreen(vec4(emissive, opacity));\n}\nlayout(location = 0) out vec4 cc_FragColor;\nvoid main() { cc_FragColor = frag(); }"
      },
      "glsl3": {
        "vert": "\n  precision highp float;\n#define LAYOUT(ind)\n#define in in\n#define out out\n#define centroid\n#define MOD mod\n#define FRAC fract\n#define LERP mix\n#define float2 vec2\n#define float3 vec3\n#define float4 vec4\n#define half2 vec2\n#define half3 vec3\n#define half4 vec4\n#define int2 ivec2\n#define int3 ivec3\n#define int4 ivec4\nLAYOUT(0) in vec3 Input_Pos;\nLAYOUT(1) in vec3 Input_Normal;\nLAYOUT(2) in vec3 Input_Binormal;\nLAYOUT(3) in vec3 Input_Tangent;\nLAYOUT(4) in vec2 Input_UV;\nLAYOUT(5) in vec4 Input_Color;\nLAYOUT(0) out lowp vec4 v_VColor;\nLAYOUT(1) out mediump vec2 v_UV1;\nLAYOUT(2) out mediump vec2 v_UV2;\nLAYOUT(3) out mediump vec4 v_WorldN_PX;\nLAYOUT(4) out mediump vec4 v_WorldB_PY;\nLAYOUT(5) out mediump vec4 v_WorldT_PZ;\nLAYOUT(6) out mediump vec4 v_PosP;\nLAYOUT(7) out mediump vec2 v_CustomData1;\nLAYOUT(8) out mediump vec2 v_CustomData2;\n#define _INSTANCE_COUNT_ 10\nLAYOUT(binding = 0) uniform sampler2D efk_texture_635;\nLAYOUT(binding = 1) uniform sampler2D efk_texture_847;\nLAYOUT(binding = 2) uniform sampler2D efk_background;\nLAYOUT(binding = 3) uniform sampler2D efk_depth;\nLAYOUT(binding = 0) layout(std140) uniform VSBlock {\n  mat4 mProjection;\n  mat4 mModel;\n  vec4 fUV;\n  vec4 fModelColor;\n  vec4 mUVInversed;\n  vec4 customData1;\n  vec4 customData2;\n};\nlayout(std140) uniform EFK_COMMON {\n  vec4 predefined_uniform;\n  vec4 cameraPosition;\n};\nlayout(std140) uniform EFK_UNIFORM_GRADIENT {\n  vec4 efk_uniform_833;\n  vec4 efk_uniform_884;\n  vec4 efk_uniform_934;\n};\n#define FLT_EPSILON 1.192092896e-07\nfloat3 PositivePow(float3 base, float3 power)\n{\n  return pow(max(abs(base), float3(FLT_EPSILON, FLT_EPSILON, FLT_EPSILON)), power);\n}\nhalf3 LinearToSRGB(half3 c)\n{\n  return max(1.055 * PositivePow(c, float3(0.416666667,0.416666667,0.416666667)) - 0.055, 0.0);\n}\nhalf4 LinearToSRGB(half4 c)\n{\n  return half4(LinearToSRGB(c.rgb), c.a);\n}\nhalf4 ConvertFromSRGBTexture(half4 c)\n{\n  if (predefined_uniform.z == 0.0)\n  {\n    return c;\n  }\n  return LinearToSRGB(c);\n}\nvec2 GetUV(vec2 uv)\n{\n  uv.y = mUVInversed.x + mUVInversed.y * uv.y;\n  return uv;\n}\nvec4 vert()\n{\n  mat4 modelMatrix = mModel;\n  vec4 uvOffset = fUV;\n  vec4 modelColor = fModelColor * Input_Color;\n  mat3 modelMatRot = mat3(modelMatrix);\n  vec3 worldPos = (modelMatrix * vec4(Input_Pos.xyz, 1.0)).xyz;\n  vec3 worldNormal = normalize(modelMatRot * Input_Normal);\n  vec3 worldBinormal = normalize(modelMatRot * Input_Binormal);\n  vec3 worldTangent = normalize(modelMatRot * Input_Tangent);\n  vec3 objectScale = vec3(1.0, 1.0, 1.0);\n  objectScale.x = length(modelMatRot * vec3(1.0, 0.0, 0.0));\n  objectScale.y = length(modelMatRot * vec3(0.0, 1.0, 0.0));\n  objectScale.z = length(modelMatRot * vec3(0.0, 0.0, 1.0));\n  vec2 uv1 = Input_UV.xy * uvOffset.zw + uvOffset.xy;\n  vec2 uv2 = Input_UV.xy;\n  vec3 pixelNormalDir = worldNormal;\n  vec4 vcolor = modelColor;\n  vec2 screenUV = vec2(0.0, 0.0);\n  float meshZ = 0.0;\n  v_CustomData1 = customData1.xy;\n  v_CustomData2 = customData2.xy;\nvec2 val0=customData2.xy;\nvec4 val1_CompMask=vec4(val0.x,val0.y, 0.0, 1.0);\nfloat val1=val1_CompMask.y;\nvec2 val2=efk_uniform_833.xy;\nvec2 val3=uv1;\nvec2 val4=(val3*val2);\nvec2 val5=floor(val4);\nvec2 val6=(val5/val2);\nvec4 val13 = ConvertFromSRGBTexture(texture(efk_texture_847,GetUV(val6)));\nfloat val9=val13.x;\nvec3 val8=val13.xyz;\nfloat val14=float(1.0)-val9;\nfloat val15=(val14+val1);\nfloat val16=(val15*float(3.0));\nfloat val17= clamp(val16,float(0.0),float(1.0));\nvec4 val18_CompMask=vec4(val0.x,val0.y, 0.0, 1.0);\nfloat val18=val18_CompMask.x;\nfloat val19=efk_uniform_884.x;\nfloat val20=customData1.x;\nfloat val21=(val20+val19);\nfloat val22 = step(val21,val9);\nfloat val23 = step(val20,val9);\nfloat val24=(val23-val22);\nfloat val25=(val24*float(0.2));\nfloat val26=(val25+val18);\nfloat val27= clamp(val26,float(0.0),float(1.0));\nfloat val28=(val27*val17);\nvec2 val29=uv1;\nvec2 val30=(val29*val2);\nvec2 val31=FRAC(val30);\nvec2 val32=(val31-float(0.5));\nvec2 val33=(val32*float(2.0));\nvec2 val34=abs(val33);\nvec4 val35_CompMask=vec4(val34.x,val34.y, 0.0, 1.0);\nfloat val35=val35_CompMask.y;\nfloat val36=(float(0.0)+val35);\nfloat val37 = step(val36,val28);\nvec4 val38_CompMask=vec4(val34.x,val34.y, 0.0, 1.0);\nfloat val38=val38_CompMask.x;\nfloat val39=(float(0.0)+val38);\nfloat val40 = step(val39,val28);\nfloat val41=(val40*val37);\nvec4 val48 = ConvertFromSRGBTexture(texture(efk_texture_635,GetUV(val6)));\nfloat val47=val48.w;\nvec3 val43=val48.xyz;\nfloat val49=(val47*val23);\nfloat val50=(val49*val41);\nvec3 val51= vcolor.xyz;\nfloat val55= vcolor.w;\nfloat val56=(val55*val50);\nvec4 val57=efk_uniform_934;\nvec4 val58= LERP(val57,val48,val22);\nvec4 val59_CompMask=val58;\nvec3 val59=val59_CompMask.xyz;\nvec3 val60=(val51*val59);\nvec3 normalDir = vec3(0.5,0.5,1.0);\nvec3 worldPositionOffset = vec3(0.0,0.0,0.0);\nvec3 baseColor = vec3(0.0,0.0,0.0);\nvec3 emissive = val60;\nfloat metallic = float(0.5);\nfloat roughness = float(0.5);\nfloat ambientOcclusion = float(1.0);\nfloat opacity = float(1.0);\nfloat opacityMask = val56;\nfloat refraction = float(0.0);\n  worldPos = worldPos + worldPositionOffset;\n  v_WorldN_PX.w = worldPos.x;\n  v_WorldB_PY.w = worldPos.y;\n  v_WorldT_PZ.w = worldPos.z;\n  v_WorldN_PX.xyz = worldNormal;\n  v_WorldB_PY.xyz = worldBinormal;\n  v_WorldT_PZ.xyz = worldTangent;\n  v_UV1 = uv1;\n  v_UV2 = uv2;\n  v_VColor = vcolor;\n  v_PosP = mProjection * vec4(worldPos, 1.0);\n  #ifdef _Y_INVERTED_\n  v_PosP.y = - v_PosP.y;\n  #endif\n  return v_PosP;\n}\nvoid main() { gl_Position = vert(); }",
        "frag": "\n  precision highp float;\n#define LAYOUT(ind)\n#define in in\n#define out out\n#define centroid\n#define MOD mod\n#define FRAC fract\n#define LERP mix\n#define float2 vec2\n#define float3 vec3\n#define float4 vec4\n#define half2 vec2\n#define half3 vec3\n#define half4 vec4\n#define int2 ivec2\n#define int3 ivec3\n#define int4 ivec4\nLAYOUT(0) in lowp vec4 v_VColor;\nLAYOUT(1) in mediump vec2 v_UV1;\nLAYOUT(2) in mediump vec2 v_UV2;\nLAYOUT(3) in mediump vec4 v_WorldN_PX;\nLAYOUT(4) in mediump vec4 v_WorldB_PY;\nLAYOUT(5) in mediump vec4 v_WorldT_PZ;\nLAYOUT(6) in mediump vec4 v_PosP;\nLAYOUT(7) in mediump vec2 v_CustomData1;\nLAYOUT(8) in mediump vec2 v_CustomData2;\n#define _INSTANCE_COUNT_ 10\nLAYOUT(binding = 0) uniform sampler2D efk_texture_635;\nLAYOUT(binding = 1) uniform sampler2D efk_texture_847;\nLAYOUT(binding = 2) uniform sampler2D efk_background;\nLAYOUT(binding = 3) uniform sampler2D efk_depth;\nLAYOUT(binding = 0) layout(std140) uniform FSBlock {\n  vec4 mUVInversedBack;\n  vec4 reconstructionParam1;\n  vec4 reconstructionParam2;\n  vec4 fLightDirection;\n  vec4 fLightColor;\n  vec4 fLightAmbient;\n};\nlayout(std140) uniform EFK_COMMON {\n  vec4 predefined_uniform;\n  vec4 cameraPosition;\n};\nlayout(std140) uniform EFK_UNIFORM_GRADIENT {\n  vec4 efk_uniform_833;\n  vec4 efk_uniform_884;\n  vec4 efk_uniform_934;\n};\n#define FLT_EPSILON 1.192092896e-07\nfloat3 PositivePow(float3 base, float3 power)\n{\n  return pow(max(abs(base), float3(FLT_EPSILON, FLT_EPSILON, FLT_EPSILON)), power);\n}\nhalf3 SRGBToLinear(half3 c)\n{\n  return min(c, c * (c * (c * 0.305306011 + 0.682171111) + 0.012522878));\n}\nhalf4 SRGBToLinear(half4 c)\n{\n  return half4(SRGBToLinear(c.rgb), c.a);\n}\nhalf3 LinearToSRGB(half3 c)\n{\n  return max(1.055 * PositivePow(c, float3(0.416666667,0.416666667,0.416666667)) - 0.055, 0.0);\n}\nhalf4 LinearToSRGB(half4 c)\n{\n  return half4(LinearToSRGB(c.rgb), c.a);\n}\nhalf4 ConvertFromSRGBTexture(half4 c)\n{\n  if (predefined_uniform.z == 0.0)\n  {\n    return c;\n  }\n  return LinearToSRGB(c);\n}\nhalf4 ConvertToScreen(half4 c)\n{\n  if (predefined_uniform.z == 0.0)\n  {\n    return c;\n  }\n  return SRGBToLinear(c);\n}\nvec2 GetUV(vec2 uv)\n{\n  uv.y = mUVInversedBack.x + mUVInversedBack.y * uv.y;\n  return uv;\n}\n#ifdef _MATERIAL_LIT_\nconst float lightScale = 3.14;\n#endif\nvec4 frag()\n{\n  vec2 uv1 = v_UV1;\n  vec2 uv2 = v_UV2;\n  vec3 worldPos = vec3(v_WorldN_PX.w, v_WorldB_PY.w, v_WorldT_PZ.w);\n  vec3 worldNormal = v_WorldN_PX.xyz;\n  vec3 worldTangent = v_WorldT_PZ.xyz;\n  vec3 worldBinormal = v_WorldB_PY.xyz;\n  vec3 pixelNormalDir = worldNormal;\n  vec4 vcolor = v_VColor;\n  vec3 objectScale = vec3(1.0, 1.0, 1.0);\n  vec2 screenUV = v_PosP.xy / v_PosP.w;\n  float meshZ =   v_PosP.z / v_PosP.w;\n  screenUV.xy = vec2(screenUV.x + 1.0, screenUV.y + 1.0) * 0.5;\n#ifdef _SCREEN_FLIPPED_\n  screenUV.y = 1.0 - screenUV.y;\n#endif\n  vec2 customData1 = v_CustomData1;\n  vec2 customData2 = v_CustomData2;\nvec2 val0=customData2.xy;\nvec4 val1_CompMask=vec4(val0.x,val0.y, 0.0, 1.0);\nfloat val1=val1_CompMask.y;\nvec2 val2=efk_uniform_833.xy;\nvec2 val3=uv1;\nvec2 val4=(val3*val2);\nvec2 val5=floor(val4);\nvec2 val6=(val5/val2);\nvec4 val13 = ConvertFromSRGBTexture(texture(efk_texture_847,GetUV(val6)));\nfloat val9=val13.x;\nvec3 val8=val13.xyz;\nfloat val14=float(1.0)-val9;\nfloat val15=(val14+val1);\nfloat val16=(val15*float(3.0));\nfloat val17= clamp(val16,float(0.0),float(1.0));\nvec4 val18_CompMask=vec4(val0.x,val0.y, 0.0, 1.0);\nfloat val18=val18_CompMask.x;\nfloat val19=efk_uniform_884.x;\nfloat val20=customData1.x;\nfloat val21=(val20+val19);\nfloat val22 = step(val21,val9);\nfloat val23 = step(val20,val9);\nfloat val24=(val23-val22);\nfloat val25=(val24*float(0.2));\nfloat val26=(val25+val18);\nfloat val27= clamp(val26,float(0.0),float(1.0));\nfloat val28=(val27*val17);\nvec2 val29=uv1;\nvec2 val30=(val29*val2);\nvec2 val31=FRAC(val30);\nvec2 val32=(val31-float(0.5));\nvec2 val33=(val32*float(2.0));\nvec2 val34=abs(val33);\nvec4 val35_CompMask=vec4(val34.x,val34.y, 0.0, 1.0);\nfloat val35=val35_CompMask.y;\nfloat val36=(float(0.0)+val35);\nfloat val37 = step(val36,val28);\nvec4 val38_CompMask=vec4(val34.x,val34.y, 0.0, 1.0);\nfloat val38=val38_CompMask.x;\nfloat val39=(float(0.0)+val38);\nfloat val40 = step(val39,val28);\nfloat val41=(val40*val37);\nvec4 val48 = ConvertFromSRGBTexture(texture(efk_texture_635,GetUV(val6)));\nfloat val47=val48.w;\nvec3 val43=val48.xyz;\nfloat val49=(val47*val23);\nfloat val50=(val49*val41);\nvec3 val51= vcolor.xyz;\nfloat val55= vcolor.w;\nfloat val56=(val55*val50);\nvec4 val57=efk_uniform_934;\nvec4 val58= LERP(val57,val48,val22);\nvec4 val59_CompMask=val58;\nvec3 val59=val59_CompMask.xyz;\nvec3 val60=(val51*val59);\nvec3 normalDir = vec3(0.5,0.5,1.0);\nvec3 worldPositionOffset = vec3(0.0,0.0,0.0);\nvec3 baseColor = vec3(0.0,0.0,0.0);\nvec3 emissive = val60;\nfloat metallic = float(0.5);\nfloat roughness = float(0.5);\nfloat ambientOcclusion = float(1.0);\nfloat opacity = float(1.0);\nfloat opacityMask = val56;\nfloat refraction = float(0.0);\n  if(opacityMask <= 0.0) discard;\n  if(opacity <= 0.0) discard;\n  return ConvertToScreen(vec4(emissive, opacity));\n}\nlayout(location = 0) out vec4 cc_FragColor;\nvoid main() { cc_FragColor = frag(); }"
      },
      "glsl1": {
        "vert": "\n  precision highp float;\n#define LAYOUT(ind)\n#define in in\n#define out out\n#define centroid\n#define MOD mod\n#define FRAC fract\n#define LERP mix\n#define float2 vec2\n#define float3 vec3\n#define float4 vec4\n#define half2 vec2\n#define half3 vec3\n#define half4 vec4\n#define int2 ivec2\n#define int3 ivec3\n#define int4 ivec4\nLAYOUT(0) attribute vec3 Input_Pos;\nLAYOUT(1) attribute vec3 Input_Normal;\nLAYOUT(2) attribute vec3 Input_Binormal;\nLAYOUT(3) attribute vec3 Input_Tangent;\nLAYOUT(4) attribute vec2 Input_UV;\nLAYOUT(5) attribute vec4 Input_Color;\nLAYOUT(0) varying lowp vec4 v_VColor;\nLAYOUT(1) varying mediump vec2 v_UV1;\nLAYOUT(2) varying mediump vec2 v_UV2;\nLAYOUT(3) varying mediump vec4 v_WorldN_PX;\nLAYOUT(4) varying mediump vec4 v_WorldB_PY;\nLAYOUT(5) varying mediump vec4 v_WorldT_PZ;\nLAYOUT(6) varying mediump vec4 v_PosP;\nLAYOUT(7) varying mediump vec2 v_CustomData1;\nLAYOUT(8) varying mediump vec2 v_CustomData2;\n#define _INSTANCE_COUNT_ 10\nLAYOUT(binding = 0) uniform sampler2D efk_texture_635;\nLAYOUT(binding = 1) uniform sampler2D efk_texture_847;\nLAYOUT(binding = 2) uniform sampler2D efk_background;\nLAYOUT(binding = 3) uniform sampler2D efk_depth;\nLAYOUT(binding = 0)   uniform mat4 mProjection;\n  uniform mat4 mModel;\n  uniform vec4 fUV;\n  uniform vec4 fModelColor;\n  uniform vec4 mUVInversed;\n  uniform vec4 customData1;\n  uniform vec4 customData2;\n    uniform vec4 predefined_uniform;\n   uniform vec4 efk_uniform_833;\n   uniform vec4 efk_uniform_884;\n   uniform vec4 efk_uniform_934;\n#define FLT_EPSILON 1.192092896e-07\nfloat3 PositivePow(float3 base, float3 power)\n{\n  return pow(max(abs(base), float3(FLT_EPSILON, FLT_EPSILON, FLT_EPSILON)), power);\n}\nhalf3 LinearToSRGB(half3 c)\n{\n  return max(1.055 * PositivePow(c, float3(0.416666667,0.416666667,0.416666667)) - 0.055, 0.0);\n}\nhalf4 LinearToSRGB(half4 c)\n{\n  return half4(LinearToSRGB(c.rgb), c.a);\n}\nhalf4 ConvertFromSRGBTexture(half4 c)\n{\n  if (predefined_uniform.z == 0.0)\n  {\n    return c;\n  }\n  return LinearToSRGB(c);\n}\nvec2 GetUV(vec2 uv)\n{\n  uv.y = mUVInversed.x + mUVInversed.y * uv.y;\n  return uv;\n}\nvec4 vert()\n{\n  mat4 modelMatrix = mModel;\n  vec4 uvOffset = fUV;\n  vec4 modelColor = fModelColor * Input_Color;\n  mat3 modelMatRot = mat3(modelMatrix);\n  vec3 worldPos = (modelMatrix * vec4(Input_Pos.xyz, 1.0)).xyz;\n  vec3 worldNormal = normalize(modelMatRot * Input_Normal);\n  vec3 worldBinormal = normalize(modelMatRot * Input_Binormal);\n  vec3 worldTangent = normalize(modelMatRot * Input_Tangent);\n  vec3 objectScale = vec3(1.0, 1.0, 1.0);\n  objectScale.x = length(modelMatRot * vec3(1.0, 0.0, 0.0));\n  objectScale.y = length(modelMatRot * vec3(0.0, 1.0, 0.0));\n  objectScale.z = length(modelMatRot * vec3(0.0, 0.0, 1.0));\n  vec2 uv1 = Input_UV.xy * uvOffset.zw + uvOffset.xy;\n  vec2 uv2 = Input_UV.xy;\n  vec3 pixelNormalDir = worldNormal;\n  vec4 vcolor = modelColor;\n  vec2 screenUV = vec2(0.0, 0.0);\n  float meshZ = 0.0;\n  v_CustomData1 = customData1.xy;\n  v_CustomData2 = customData2.xy;\nvec2 val0=customData2.xy;\nvec4 val1_CompMask=vec4(val0.x,val0.y, 0.0, 1.0);\nfloat val1=val1_CompMask.y;\nvec2 val2=efk_uniform_833.xy;\nvec2 val3=uv1;\nvec2 val4=(val3*val2);\nvec2 val5=floor(val4);\nvec2 val6=(val5/val2);\nvec4 val13 = ConvertFromSRGBTexture(texture2D(efk_texture_847,GetUV(val6)));\nfloat val9=val13.x;\nvec3 val8=val13.xyz;\nfloat val14=float(1.0)-val9;\nfloat val15=(val14+val1);\nfloat val16=(val15*float(3.0));\nfloat val17= clamp(val16,float(0.0),float(1.0));\nvec4 val18_CompMask=vec4(val0.x,val0.y, 0.0, 1.0);\nfloat val18=val18_CompMask.x;\nfloat val19=efk_uniform_884.x;\nfloat val20=customData1.x;\nfloat val21=(val20+val19);\nfloat val22 = step(val21,val9);\nfloat val23 = step(val20,val9);\nfloat val24=(val23-val22);\nfloat val25=(val24*float(0.2));\nfloat val26=(val25+val18);\nfloat val27= clamp(val26,float(0.0),float(1.0));\nfloat val28=(val27*val17);\nvec2 val29=uv1;\nvec2 val30=(val29*val2);\nvec2 val31=FRAC(val30);\nvec2 val32=(val31-float(0.5));\nvec2 val33=(val32*float(2.0));\nvec2 val34=abs(val33);\nvec4 val35_CompMask=vec4(val34.x,val34.y, 0.0, 1.0);\nfloat val35=val35_CompMask.y;\nfloat val36=(float(0.0)+val35);\nfloat val37 = step(val36,val28);\nvec4 val38_CompMask=vec4(val34.x,val34.y, 0.0, 1.0);\nfloat val38=val38_CompMask.x;\nfloat val39=(float(0.0)+val38);\nfloat val40 = step(val39,val28);\nfloat val41=(val40*val37);\nvec4 val48 = ConvertFromSRGBTexture(texture2D(efk_texture_635,GetUV(val6)));\nfloat val47=val48.w;\nvec3 val43=val48.xyz;\nfloat val49=(val47*val23);\nfloat val50=(val49*val41);\nvec3 val51= vcolor.xyz;\nfloat val55= vcolor.w;\nfloat val56=(val55*val50);\nvec4 val57=efk_uniform_934;\nvec4 val58= LERP(val57,val48,val22);\nvec4 val59_CompMask=val58;\nvec3 val59=val59_CompMask.xyz;\nvec3 val60=(val51*val59);\nvec3 normalDir = vec3(0.5,0.5,1.0);\nvec3 worldPositionOffset = vec3(0.0,0.0,0.0);\nvec3 baseColor = vec3(0.0,0.0,0.0);\nvec3 emissive = val60;\nfloat metallic = float(0.5);\nfloat roughness = float(0.5);\nfloat ambientOcclusion = float(1.0);\nfloat opacity = float(1.0);\nfloat opacityMask = val56;\nfloat refraction = float(0.0);\n  worldPos = worldPos + worldPositionOffset;\n  v_WorldN_PX.w = worldPos.x;\n  v_WorldB_PY.w = worldPos.y;\n  v_WorldT_PZ.w = worldPos.z;\n  v_WorldN_PX.xyz = worldNormal;\n  v_WorldB_PY.xyz = worldBinormal;\n  v_WorldT_PZ.xyz = worldTangent;\n  v_UV1 = uv1;\n  v_UV2 = uv2;\n  v_VColor = vcolor;\n  v_PosP = mProjection * vec4(worldPos, 1.0);\n  #ifdef _Y_INVERTED_\n  v_PosP.y = - v_PosP.y;\n  #endif\n  return v_PosP;\n}\nvoid main() { gl_Position = vert(); }",
        "frag": "\n  precision highp float;\n#define LAYOUT(ind)\n#define in in\n#define out out\n#define centroid\n#define MOD mod\n#define FRAC fract\n#define LERP mix\n#define float2 vec2\n#define float3 vec3\n#define float4 vec4\n#define half2 vec2\n#define half3 vec3\n#define half4 vec4\n#define int2 ivec2\n#define int3 ivec3\n#define int4 ivec4\nLAYOUT(0) varying lowp vec4 v_VColor;\nLAYOUT(1) varying mediump vec2 v_UV1;\nLAYOUT(2) varying mediump vec2 v_UV2;\nLAYOUT(3) varying mediump vec4 v_WorldN_PX;\nLAYOUT(4) varying mediump vec4 v_WorldB_PY;\nLAYOUT(5) varying mediump vec4 v_WorldT_PZ;\nLAYOUT(6) varying mediump vec4 v_PosP;\nLAYOUT(7) varying mediump vec2 v_CustomData1;\nLAYOUT(8) varying mediump vec2 v_CustomData2;\n#define _INSTANCE_COUNT_ 10\nLAYOUT(binding = 0) uniform sampler2D efk_texture_635;\nLAYOUT(binding = 1) uniform sampler2D efk_texture_847;\nLAYOUT(binding = 2) uniform sampler2D efk_background;\nLAYOUT(binding = 3) uniform sampler2D efk_depth;\nLAYOUT(binding = 0)   uniform vec4 mUVInversedBack;\n    uniform vec4 predefined_uniform;\n   uniform vec4 efk_uniform_833;\n   uniform vec4 efk_uniform_884;\n   uniform vec4 efk_uniform_934;\n#define FLT_EPSILON 1.192092896e-07\nfloat3 PositivePow(float3 base, float3 power)\n{\n  return pow(max(abs(base), float3(FLT_EPSILON, FLT_EPSILON, FLT_EPSILON)), power);\n}\nhalf3 SRGBToLinear(half3 c)\n{\n  return min(c, c * (c * (c * 0.305306011 + 0.682171111) + 0.012522878));\n}\nhalf4 SRGBToLinear(half4 c)\n{\n  return half4(SRGBToLinear(c.rgb), c.a);\n}\nhalf3 LinearToSRGB(half3 c)\n{\n  return max(1.055 * PositivePow(c, float3(0.416666667,0.416666667,0.416666667)) - 0.055, 0.0);\n}\nhalf4 LinearToSRGB(half4 c)\n{\n  return half4(LinearToSRGB(c.rgb), c.a);\n}\nhalf4 ConvertFromSRGBTexture(half4 c)\n{\n  if (predefined_uniform.z == 0.0)\n  {\n    return c;\n  }\n  return LinearToSRGB(c);\n}\nhalf4 ConvertToScreen(half4 c)\n{\n  if (predefined_uniform.z == 0.0)\n  {\n    return c;\n  }\n  return SRGBToLinear(c);\n}\nvec2 GetUV(vec2 uv)\n{\n  uv.y = mUVInversedBack.x + mUVInversedBack.y * uv.y;\n  return uv;\n}\n#ifdef _MATERIAL_LIT_\nconst float lightScale = 3.14;\n#endif\nvec4 frag()\n{\n  vec2 uv1 = v_UV1;\n  vec2 uv2 = v_UV2;\n  vec3 worldPos = vec3(v_WorldN_PX.w, v_WorldB_PY.w, v_WorldT_PZ.w);\n  vec3 worldNormal = v_WorldN_PX.xyz;\n  vec3 worldTangent = v_WorldT_PZ.xyz;\n  vec3 worldBinormal = v_WorldB_PY.xyz;\n  vec3 pixelNormalDir = worldNormal;\n  vec4 vcolor = v_VColor;\n  vec3 objectScale = vec3(1.0, 1.0, 1.0);\n  vec2 screenUV = v_PosP.xy / v_PosP.w;\n  float meshZ =   v_PosP.z / v_PosP.w;\n  screenUV.xy = vec2(screenUV.x + 1.0, screenUV.y + 1.0) * 0.5;\n#ifdef _SCREEN_FLIPPED_\n  screenUV.y = 1.0 - screenUV.y;\n#endif\n  vec2 customData1 = v_CustomData1;\n  vec2 customData2 = v_CustomData2;\nvec2 val0=customData2.xy;\nvec4 val1_CompMask=vec4(val0.x,val0.y, 0.0, 1.0);\nfloat val1=val1_CompMask.y;\nvec2 val2=efk_uniform_833.xy;\nvec2 val3=uv1;\nvec2 val4=(val3*val2);\nvec2 val5=floor(val4);\nvec2 val6=(val5/val2);\nvec4 val13 = ConvertFromSRGBTexture(texture2D(efk_texture_847,GetUV(val6)));\nfloat val9=val13.x;\nvec3 val8=val13.xyz;\nfloat val14=float(1.0)-val9;\nfloat val15=(val14+val1);\nfloat val16=(val15*float(3.0));\nfloat val17= clamp(val16,float(0.0),float(1.0));\nvec4 val18_CompMask=vec4(val0.x,val0.y, 0.0, 1.0);\nfloat val18=val18_CompMask.x;\nfloat val19=efk_uniform_884.x;\nfloat val20=customData1.x;\nfloat val21=(val20+val19);\nfloat val22 = step(val21,val9);\nfloat val23 = step(val20,val9);\nfloat val24=(val23-val22);\nfloat val25=(val24*float(0.2));\nfloat val26=(val25+val18);\nfloat val27= clamp(val26,float(0.0),float(1.0));\nfloat val28=(val27*val17);\nvec2 val29=uv1;\nvec2 val30=(val29*val2);\nvec2 val31=FRAC(val30);\nvec2 val32=(val31-float(0.5));\nvec2 val33=(val32*float(2.0));\nvec2 val34=abs(val33);\nvec4 val35_CompMask=vec4(val34.x,val34.y, 0.0, 1.0);\nfloat val35=val35_CompMask.y;\nfloat val36=(float(0.0)+val35);\nfloat val37 = step(val36,val28);\nvec4 val38_CompMask=vec4(val34.x,val34.y, 0.0, 1.0);\nfloat val38=val38_CompMask.x;\nfloat val39=(float(0.0)+val38);\nfloat val40 = step(val39,val28);\nfloat val41=(val40*val37);\nvec4 val48 = ConvertFromSRGBTexture(texture2D(efk_texture_635,GetUV(val6)));\nfloat val47=val48.w;\nvec3 val43=val48.xyz;\nfloat val49=(val47*val23);\nfloat val50=(val49*val41);\nvec3 val51= vcolor.xyz;\nfloat val55= vcolor.w;\nfloat val56=(val55*val50);\nvec4 val57=efk_uniform_934;\nvec4 val58= LERP(val57,val48,val22);\nvec4 val59_CompMask=val58;\nvec3 val59=val59_CompMask.xyz;\nvec3 val60=(val51*val59);\nvec3 normalDir = vec3(0.5,0.5,1.0);\nvec3 worldPositionOffset = vec3(0.0,0.0,0.0);\nvec3 baseColor = vec3(0.0,0.0,0.0);\nvec3 emissive = val60;\nfloat metallic = float(0.5);\nfloat roughness = float(0.5);\nfloat ambientOcclusion = float(1.0);\nfloat opacity = float(1.0);\nfloat opacityMask = val56;\nfloat refraction = float(0.0);\n  if(opacityMask <= 0.0) discard;\n  if(opacity <= 0.0) discard;\n  return ConvertToScreen(vec4(emissive, opacity));\n}\nvoid main() { gl_FragColor = frag(); }"
      },
      "builtins": {
        "globals": {
          "blocks": [],
          "samplerTextures": [],
          "buffers": [],
          "images": []
        },
        "locals": {
          "blocks": [],
          "samplerTextures": [],
          "buffers": [],
          "images": []
        },
        "statistics": {
          "CC_EFFECT_USED_VERTEX_UNIFORM_VECTORS": 18,
          "CC_EFFECT_USED_FRAGMENT_UNIFORM_VECTORS": 11
        }
      },
      "defines": [],
      "name": "../efk_09/Pixel_07|model_vs:vert|model_fs:frag"
    }
  ],
  "combinations": [],
  "hideInEditor": false
}