[
  {
    "__type__": "cc.AnimationClip",
    "_name": "animation",
    "_objFlags": 0,
    "__editorExtras__": {
      "embeddedPlayerGroups": [
        {
          "key": "1706857300054",
          "name": "animation-clip",
          "type": "animation-clip"
        }
      ]
    },
    "_native": "",
    "sample": 60,
    "speed": 1,
    "wrapMode": 1,
    "enableTrsBlending": false,
    "_duration": 0,
    "_hash": 500763545,
    "_tracks": [],
    "_exoticAnimation": null,
    "_events": [],
    "_embeddedPlayers": [
      {
        "__id__": 1
      }
    ],
    "_additiveSettings": {
      "__id__": 3
    },
    "_auxiliaryCurveEntries": []
  },
  {
    "__type__": "cc.animation.EmbeddedPlayer",
    "__editorExtras__": {
      "group": "1706857300054"
    },
    "begin": 0,
    "end": 0.25,
    "reconciledSpeed": false,
    "playable": {
      "__id__": 2
    }
  },
  {
    "__type__": "cc.animation.EmbeddedAnimationClipPlayable",
    "path": "/scene",
    "clip": {
      "__uuid__": "ebcf1bc8-c688-407a-b4de-69f31194bf31@73b7f",
      "__expectedType__": "cc.AnimationClip"
    }
  },
  {
    "__type__": "cc.AnimationClipAdditiveSettings",
    "enabled": false,
    "refClip": null
  }
]