{
  "13c13ba3-a988-4acc-8bca-aee3bd2a3001": {
    "assetUuid": "13c13ba3-a988-4acc-8bca-aee3bd2a3001",
    "animationUuid": "",
    "expandLevels": [
      "0",
      "0_2_1",
      "0_2_2",
      "0_5_0_0",
      "0_5_0_0_0_0",
      "0_5_0_0_0_0_0",
      "0_5_0_0_0_0_0_0",
      "0_5_0_0_0_0_0_0_0",
      "0_5_0_0_0_0_0_0_0_2",
      "0_5_0_0_0_0_0_0_0_2_0",
      "0_5_0_0_0_0_0_0_0_2_0_0",
      "0_5_0_0_0_0_0_0_0_2_0_0_0",
      "0_5_0_0_0_0_0_0_0_2_0_0_0_0",
      "0_5_2"
    ]
  },
  "f24e52f1-e2e8-4296-bcbe-5a11f33212ba": {
    "assetUuid": "f24e52f1-e2e8-4296-bcbe-5a11f33212ba",
    "animationUuid": "",
    "expandLevels": [
      "0",
      "0_2"
    ]
  }
}
