{
  "version": "1.0.0",
  "map": {
    "D:\\Test\\VIP\\XingXiang\\TestEfkCamera\\assets\\efk_09": {
      "time": 1701158061443.4224,
      "uuid": "bb2463ae-7a64-4964-b56c-373c0a1a41d4"
    },
    "D:\\Test\\VIP\\XingXiang\\TestEfkCamera\\assets\\efk_09\\Pixel_02.effect": {
      "time": 1692675324100.826,
      "uuid": "224d2af3-0138-4b54-9deb-7ebc5f544f9c"
    },
    "D:\\Test\\VIP\\XingXiang\\TestEfkCamera\\assets\\efk_09\\Pixel_06.effect": {
      "time": 1692675324184.1716,
      "uuid": "3c8481dc-09e0-4f06-b219-89a818fc6415"
    },
    "D:\\Test\\VIP\\XingXiang\\TestEfkCamera\\assets\\efk_09\\Pixel_07.effect": {
      "time": 1701153751934.7488,
      "uuid": "2e25308c-2c25-4f08-a62c-9cbaffc28366"
    },
    "D:\\Test\\VIP\\XingXiang\\TestEfkCamera\\assets\\efk_09.meta": {
      "time": 1701153220762.3425
    },
    "D:\\Test\\VIP\\XingXiang\\TestEfkCamera\\assets\\efk_09\\Pixel_07.effect.meta": {
      "time": 1692675324432.941
    },
    "D:\\Test\\VIP\\XingXiang\\TestEfkCamera\\assets\\efk_09\\Pixel_02.effect.meta": {
      "time": 1692675324310.3984
    },
    "D:\\Test\\VIP\\XingXiang\\TestEfkCamera\\assets\\efk_09\\Pixel_06.effect.meta": {
      "time": 1692675324313.3909
    },
    "D:\\Test\\VIP\\XingXiang\\TestEfkCamera\\assets\\scene.scene": {
      "time": 1701159389297.6028,
      "uuid": "13c13ba3-a988-4acc-8bca-aee3bd2a3001"
    },
    "D:\\Test\\VIP\\XingXiang\\TestEfkCamera\\assets\\efk_09\\Blocks_01.png": {
      "time": 1683680938000,
      "uuid": "d01d8225-7356-4e14-92a6-6db091b111cd"
    },
    "D:\\Test\\VIP\\XingXiang\\TestEfkCamera\\assets\\efk_09\\Blocks_wing.efkefc": {
      "time": 1685692808000,
      "uuid": "51ddd0ab-417a-4523-b538-dbf4547bab96"
    },
    "D:\\Test\\VIP\\XingXiang\\TestEfkCamera\\assets\\efk_09\\Blocks_wing.png": {
      "time": 1684101648000,
      "uuid": "ac58e217-8e64-44e2-813d-b46dff362b32"
    },
    "D:\\Test\\VIP\\XingXiang\\TestEfkCamera\\assets\\efk_09\\Blocks_wing.prefab": {
      "time": 1701153753142.3496,
      "uuid": "002f5973-63d9-42c0-ba65-7fdae64d5b4e"
    },
    "D:\\Test\\VIP\\XingXiang\\TestEfkCamera\\assets\\efk_09\\Blocks_wing_01.png": {
      "time": 1683767984000,
      "uuid": "d96be3e6-b12f-4df0-b740-77419829e5df"
    },
    "D:\\Test\\VIP\\XingXiang\\TestEfkCamera\\assets\\efk_09\\Blocks_wing_02.png": {
      "time": 1683776946000,
      "uuid": "3797aeaa-101e-4036-90f6-e56284cb5d57"
    },
    "D:\\Test\\VIP\\XingXiang\\TestEfkCamera\\assets\\efk_09\\Blocks_wing_05.png": {
      "time": 1684089908000,
      "uuid": "383de76e-0825-4210-ae89-ff1a5cb4ca1d"
    },
    "D:\\Test\\VIP\\XingXiang\\TestEfkCamera\\assets\\efk_09\\Pixel_02.efkmat": {
      "time": 1683606582000,
      "uuid": "6a04d660-deb0-4657-94ca-db19b89ff702"
    },
    "D:\\Test\\VIP\\XingXiang\\TestEfkCamera\\assets\\efk_09\\Pixel_02.mtl": {
      "time": 1692675331356.8252,
      "uuid": "b3404206-8ae6-40aa-a7c8-887951f99115"
    },
    "D:\\Test\\VIP\\XingXiang\\TestEfkCamera\\assets\\efk_09\\pixel_02.png": {
      "time": 1683596338000,
      "uuid": "39cc7859-2519-4f84-b7e7-c84c36fadb14"
    },
    "D:\\Test\\VIP\\XingXiang\\TestEfkCamera\\assets\\efk_09\\pixel_03.png": {
      "time": 1683602408000,
      "uuid": "7a578eff-954b-4a54-9334-0b7c69fb090c"
    },
    "D:\\Test\\VIP\\XingXiang\\TestEfkCamera\\assets\\efk_09\\Pixel_06.efkmat": {
      "time": 1683757858000,
      "uuid": "f4ad36f2-3030-4970-b01b-10f9629880df"
    },
    "D:\\Test\\VIP\\XingXiang\\TestEfkCamera\\assets\\efk_09\\Pixel_06.mtl": {
      "time": 1692675331461.5525,
      "uuid": "60291b76-964c-4855-83cf-c9451b18621d"
    },
    "D:\\Test\\VIP\\XingXiang\\TestEfkCamera\\assets\\efk_09\\Pixel_07.efkmat": {
      "time": 1685691736000,
      "uuid": "4ced4e73-f0ff-4f50-b20e-6bc7cafe2d82"
    },
    "D:\\Test\\VIP\\XingXiang\\TestEfkCamera\\assets\\efk_09\\Pixel_07.mtl": {
      "time": 1701153752598.608,
      "uuid": "1e882b2b-ff85-45c0-b49b-5ad0d0f63f3c"
    },
    "D:\\Test\\VIP\\XingXiang\\TestEfkCamera\\assets\\scene.scene.meta": {
      "time": 1701152989214.6738
    },
    "D:\\Test\\VIP\\XingXiang\\TestEfkCamera\\assets\\efk_09\\Blocks_wing.prefab.meta": {
      "time": 1692675331258.0906
    },
    "D:\\Test\\VIP\\XingXiang\\TestEfkCamera\\assets\\efk_09\\Blocks_wing.efkefc.meta": {
      "time": 1685086938000
    },
    "D:\\Test\\VIP\\XingXiang\\TestEfkCamera\\assets\\efk_09\\Blocks_wing.png.meta": {
      "time": 1692675331273.049
    },
    "D:\\Test\\VIP\\XingXiang\\TestEfkCamera\\assets\\efk_09\\Blocks_01.png.meta": {
      "time": 1692675331227.1726
    },
    "D:\\Test\\VIP\\XingXiang\\TestEfkCamera\\assets\\efk_09\\Pixel_02.mtl.meta": {
      "time": 1692675430598.8586
    },
    "D:\\Test\\VIP\\XingXiang\\TestEfkCamera\\assets\\efk_09\\Blocks_wing_01.png.meta": {
      "time": 1692675331336.8784
    },
    "D:\\Test\\VIP\\XingXiang\\TestEfkCamera\\assets\\efk_09\\Blocks_wing_02.png.meta": {
      "time": 1692675331357.8225
    },
    "D:\\Test\\VIP\\XingXiang\\TestEfkCamera\\assets\\efk_09\\Blocks_wing_05.png.meta": {
      "time": 1692675331359.817
    },
    "D:\\Test\\VIP\\XingXiang\\TestEfkCamera\\assets\\efk_09\\Pixel_02.efkmat.meta": {
      "time": 1685086938000
    },
    "D:\\Test\\VIP\\XingXiang\\TestEfkCamera\\assets\\efk_09\\Pixel_06.mtl.meta": {
      "time": 1692675430601.8508
    },
    "D:\\Test\\VIP\\XingXiang\\TestEfkCamera\\assets\\efk_09\\pixel_02.png.meta": {
      "time": 1692675331517.396
    },
    "D:\\Test\\VIP\\XingXiang\\TestEfkCamera\\assets\\efk_09\\Pixel_07.efkmat.meta": {
      "time": 1685086940000
    },
    "D:\\Test\\VIP\\XingXiang\\TestEfkCamera\\assets\\efk_09\\Pixel_06.efkmat.meta": {
      "time": 1685086938000
    },
    "D:\\Test\\VIP\\XingXiang\\TestEfkCamera\\assets\\efk_09\\Pixel_07.mtl.meta": {
      "time": 1692675331582.3816
    },
    "D:\\Test\\VIP\\XingXiang\\TestEfkCamera\\assets\\efk_09\\pixel_03.png.meta": {
      "time": 1692675331531.549
    }
  },
  "missing": {}
}
