{
  "bb2463ae-7a64-4964-b56c-373c0a1a41d4": {
    "url": "db://assets/efk_09",
    "value": {}
  },
  "224d2af3-0138-4b54-9deb-7ebc5f544f9c": {
    "url": "db://assets/efk_09/Pixel_02.effect",
    "value": {
      "depends": []
    }
  },
  "3c8481dc-09e0-4f06-b219-89a818fc6415": {
    "url": "db://assets/efk_09/Pixel_06.effect",
    "value": {
      "depends": []
    }
  },
  "2e25308c-2c25-4f08-a62c-9cbaffc28366": {
    "url": "db://assets/efk_09/Pixel_07.effect",
    "value": {
      "depends": []
    }
  },
  "13c13ba3-a988-4acc-8bca-aee3bd2a3001": {
    "url": "db://assets/scene.scene",
    "value": {
      "depends": [
        "13c13ba3-a988-4acc-8bca-aee3bd2a3001",
        "6b7033b8-a9a2-4026-9cef-cace182c35fb",
        "002f5973-63d9-42c0-ba65-7fdae64d5b4e",
        "d032ac98-05e1-4090-88bb-eb640dcb5fc1@b47c0",
        "6f01cf7f-81bf-4a7e-bd5d-0afc19696480@b47c0"
      ],
      "dependScripts": [
        "b3b6db90-875b-42a9-99c4-c685cf73ad59",
        "CC3eba29-7abb-723a-f7ab-ae275e2277e8"
      ]
    }
  },
  "002f5973-63d9-42c0-ba65-7fdae64d5b4e": {
    "url": "db://assets/efk_09/Blocks_wing.prefab",
    "value": {
      "depends": [
        "1e882b2b-ff85-45c0-b49b-5ad0d0f63f3c",
        "51ddd0ab-417a-4523-b538-dbf4547bab96",
        "d96be3e6-b12f-4df0-b740-77419829e5df@6c48a",
        "3797aeaa-101e-4036-90f6-e56284cb5d57@6c48a",
        "4ced4e73-f0ff-4f50-b20e-6bc7cafe2d82",
        "6b7033b8-a9a2-4026-9cef-cace182c35fb"
      ],
      "dependScripts": [
        "1d189318-a6d0-4def-81c0-9d6974d97bff"
      ]
    }
  },
  "d01d8225-7356-4e14-92a6-6db091b111cd": {
    "url": "db://assets/efk_09/Blocks_01.png",
    "value": {
      "depends": []
    }
  },
  "51ddd0ab-417a-4523-b538-dbf4547bab96": {
    "url": "db://assets/efk_09/Blocks_wing.efkefc",
    "value": {
      "depends": []
    }
  },
  "ac58e217-8e64-44e2-813d-b46dff362b32": {
    "url": "db://assets/efk_09/Blocks_wing.png",
    "value": {
      "depends": []
    }
  },
  "d96be3e6-b12f-4df0-b740-77419829e5df": {
    "url": "db://assets/efk_09/Blocks_wing_01.png",
    "value": {
      "depends": []
    }
  },
  "3797aeaa-101e-4036-90f6-e56284cb5d57": {
    "url": "db://assets/efk_09/Blocks_wing_02.png",
    "value": {
      "depends": []
    }
  },
  "383de76e-0825-4210-ae89-ff1a5cb4ca1d": {
    "url": "db://assets/efk_09/Blocks_wing_05.png",
    "value": {
      "depends": []
    }
  },
  "ac58e217-8e64-44e2-813d-b46dff362b32@6c48a": {
    "url": "db://assets/efk_09/Blocks_wing.png@6c48a",
    "value": {
      "depends": [
        "ac58e217-8e64-44e2-813d-b46dff362b32"
      ]
    }
  },
  "6a04d660-deb0-4657-94ca-db19b89ff702": {
    "url": "db://assets/efk_09/Pixel_02.efkmat",
    "value": {
      "depends": []
    }
  },
  "d01d8225-7356-4e14-92a6-6db091b111cd@6c48a": {
    "url": "db://assets/efk_09/Blocks_01.png@6c48a",
    "value": {
      "depends": [
        "d01d8225-7356-4e14-92a6-6db091b111cd"
      ]
    }
  },
  "b3404206-8ae6-40aa-a7c8-887951f99115": {
    "url": "db://assets/efk_09/Pixel_02.mtl",
    "value": {
      "depends": [
        "224d2af3-0138-4b54-9deb-7ebc5f544f9c"
      ]
    }
  },
  "39cc7859-2519-4f84-b7e7-c84c36fadb14": {
    "url": "db://assets/efk_09/pixel_02.png",
    "value": {
      "depends": []
    }
  },
  "d96be3e6-b12f-4df0-b740-77419829e5df@6c48a": {
    "url": "db://assets/efk_09/Blocks_wing_01.png@6c48a",
    "value": {
      "depends": [
        "d96be3e6-b12f-4df0-b740-77419829e5df"
      ]
    }
  },
  "7a578eff-954b-4a54-9334-0b7c69fb090c": {
    "url": "db://assets/efk_09/pixel_03.png",
    "value": {
      "depends": []
    }
  },
  "3797aeaa-101e-4036-90f6-e56284cb5d57@6c48a": {
    "url": "db://assets/efk_09/Blocks_wing_02.png@6c48a",
    "value": {
      "depends": [
        "3797aeaa-101e-4036-90f6-e56284cb5d57"
      ]
    }
  },
  "f4ad36f2-3030-4970-b01b-10f9629880df": {
    "url": "db://assets/efk_09/Pixel_06.efkmat",
    "value": {
      "depends": []
    }
  },
  "383de76e-0825-4210-ae89-ff1a5cb4ca1d@6c48a": {
    "url": "db://assets/efk_09/Blocks_wing_05.png@6c48a",
    "value": {
      "depends": [
        "383de76e-0825-4210-ae89-ff1a5cb4ca1d"
      ]
    }
  },
  "60291b76-964c-4855-83cf-c9451b18621d": {
    "url": "db://assets/efk_09/Pixel_06.mtl",
    "value": {
      "depends": [
        "3c8481dc-09e0-4f06-b219-89a818fc6415"
      ]
    }
  },
  "4ced4e73-f0ff-4f50-b20e-6bc7cafe2d82": {
    "url": "db://assets/efk_09/Pixel_07.efkmat",
    "value": {
      "depends": []
    }
  },
  "1e882b2b-ff85-45c0-b49b-5ad0d0f63f3c": {
    "url": "db://assets/efk_09/Pixel_07.mtl",
    "value": {
      "depends": [
        "2e25308c-2c25-4f08-a62c-9cbaffc28366"
      ]
    }
  },
  "39cc7859-2519-4f84-b7e7-c84c36fadb14@6c48a": {
    "url": "db://assets/efk_09/pixel_02.png@6c48a",
    "value": {
      "depends": [
        "39cc7859-2519-4f84-b7e7-c84c36fadb14"
      ]
    }
  },
  "7a578eff-954b-4a54-9334-0b7c69fb090c@6c48a": {
    "url": "db://assets/efk_09/pixel_03.png@6c48a",
    "value": {
      "depends": [
        "7a578eff-954b-4a54-9334-0b7c69fb090c"
      ]
    }
  }
}
