{
  "version": "1.0.0",
  "map": {
    "D:\\Test\\VIP\\XingXiang\\TestEfkCamera\\extensions\\effekseer\\assets\\@types": {
      "time": 1701158061498.328,
      "uuid": "a0893394-1765-449a-8e85-80c9bbd0936b"
    },
    "D:\\Test\\VIP\\XingXiang\\TestEfkCamera\\extensions\\effekseer\\assets\\framework": {
      "time": 1701158061503.321,
      "uuid": "68265520-3a5c-49ef-bb7d-5a3b227954e1"
    },
    "D:\\Test\\VIP\\XingXiang\\TestEfkCamera\\extensions\\effekseer\\assets\\material": {
      "time": 1701158061525.454,
      "uuid": "4f11a784-24cc-403f-830f-90598f1c62f7"
    },
    "D:\\Test\\VIP\\XingXiang\\TestEfkCamera\\extensions\\effekseer\\assets\\prefab": {
      "time": 1701158061534.4607,
      "uuid": "ae92f4b9-8525-4939-99c1-ac4b8d74ceb7"
    },
    "D:\\Test\\VIP\\XingXiang\\TestEfkCamera\\extensions\\effekseer\\assets\\wasm": {
      "time": 1701158061541.461,
      "uuid": "c7810266-e4f2-400b-8cc5-b3e0882fc4d6"
    },
    "D:\\Test\\VIP\\XingXiang\\TestEfkCamera\\extensions\\effekseer\\assets\\material\\chunk": {
      "time": 1701158061516.455,
      "uuid": "2059017c-8922-42fb-b6c4-c3ccfd59b47d"
    },
    "D:\\Test\\VIP\\XingXiang\\TestEfkCamera\\extensions\\effekseer\\assets\\material\\model": {
      "time": 1701158061524.461,
      "uuid": "21579b2b-02f4-4dab-bc9c-ac426e7c451f"
    },
    "D:\\Test\\VIP\\XingXiang\\TestEfkCamera\\extensions\\effekseer\\assets\\material\\sprite": {
      "time": 1701158061533.4607,
      "uuid": "888b9dcb-9f5e-4ef8-a2c3-adfe37561235"
    },
    "D:\\Test\\VIP\\XingXiang\\TestEfkCamera\\extensions\\effekseer\\assets\\material\\chunk\\ad_model_distortion_ps.chunk": {
      "time": 1699514252119.046,
      "uuid": "e4c54a95-96bd-47fa-8200-c025fbd52e15"
    },
    "D:\\Test\\VIP\\XingXiang\\TestEfkCamera\\extensions\\effekseer\\assets\\material\\chunk\\ad_model_distortion_vs.chunk": {
      "time": 1699514252119.046,
      "uuid": "0039cf81-2f52-46a6-8dc8-20026df509a7"
    },
    "D:\\Test\\VIP\\XingXiang\\TestEfkCamera\\extensions\\effekseer\\assets\\material\\chunk\\ad_model_lit_ps.chunk": {
      "time": 1699514252119.046,
      "uuid": "9b553a0c-77f3-43b3-aa0d-afc19f41ca4a"
    },
    "D:\\Test\\VIP\\XingXiang\\TestEfkCamera\\extensions\\effekseer\\assets\\material\\chunk\\ad_model_lit_vs.chunk": {
      "time": 1699514252119.046,
      "uuid": "6fb30220-abf4-4c54-a810-7f2f96f9acb2"
    },
    "D:\\Test\\VIP\\XingXiang\\TestEfkCamera\\extensions\\effekseer\\assets\\material\\chunk\\ad_model_unlit_ps.chunk": {
      "time": 1699514252119.046,
      "uuid": "40323142-248d-4520-9e1b-b887d1b69656"
    },
    "D:\\Test\\VIP\\XingXiang\\TestEfkCamera\\extensions\\effekseer\\assets\\material\\chunk\\ad_model_unlit_vs.chunk": {
      "time": 1699514252119.046,
      "uuid": "56e4d1d4-f3e3-4c73-814d-20228ebe99e1"
    },
    "D:\\Test\\VIP\\XingXiang\\TestEfkCamera\\extensions\\effekseer\\assets\\material\\chunk\\ad_sprite_distortion_vs.chunk": {
      "time": 1699514252119.046,
      "uuid": "926bdb1b-d85f-4612-8075-bf02483b6691"
    },
    "D:\\Test\\VIP\\XingXiang\\TestEfkCamera\\extensions\\effekseer\\assets\\material\\chunk\\ad_sprite_lit_vs.chunk": {
      "time": 1699514252119.046,
      "uuid": "e23faa8d-7dab-46f3-b519-fc6b10935902"
    },
    "D:\\Test\\VIP\\XingXiang\\TestEfkCamera\\extensions\\effekseer\\assets\\material\\chunk\\ad_sprite_unlit_vs.chunk": {
      "time": 1699514252119.046,
      "uuid": "164f6778-69eb-4ff4-be23-e213b103561c"
    },
    "D:\\Test\\VIP\\XingXiang\\TestEfkCamera\\extensions\\effekseer\\assets\\material\\chunk\\model_distortion_ps.chunk": {
      "time": 1699514252119.046,
      "uuid": "d3f40099-539f-4c56-944b-0db36204b202"
    },
    "D:\\Test\\VIP\\XingXiang\\TestEfkCamera\\extensions\\effekseer\\assets\\material\\chunk\\model_distortion_vs.chunk": {
      "time": 1699514252119.046,
      "uuid": "a7698b54-7afb-4f20-aed1-cebfb6687001"
    },
    "D:\\Test\\VIP\\XingXiang\\TestEfkCamera\\extensions\\effekseer\\assets\\material\\chunk\\model_lit_ps.chunk": {
      "time": 1699514252119.046,
      "uuid": "5064867f-2486-43ff-bd58-341070dbb8c8"
    },
    "D:\\Test\\VIP\\XingXiang\\TestEfkCamera\\extensions\\effekseer\\assets\\material\\chunk\\model_lit_vs.chunk": {
      "time": 1699514252119.046,
      "uuid": "80ef7183-431d-4404-be3c-d6d102ae385e"
    },
    "D:\\Test\\VIP\\XingXiang\\TestEfkCamera\\extensions\\effekseer\\assets\\material\\chunk\\model_unlit_ps.chunk": {
      "time": 1699514252119.046,
      "uuid": "c997d9d1-87e1-4696-be6e-bc13ed885c3c"
    },
    "D:\\Test\\VIP\\XingXiang\\TestEfkCamera\\extensions\\effekseer\\assets\\material\\chunk\\model_unlit_vs.chunk": {
      "time": 1699514252119.046,
      "uuid": "f5bf5a04-faba-48cc-be85-395214163d6e"
    },
    "D:\\Test\\VIP\\XingXiang\\TestEfkCamera\\extensions\\effekseer\\assets\\material\\chunk\\sprite_distortion_vs.chunk": {
      "time": 1699514252119.046,
      "uuid": "568709cf-8862-4aaa-ab2e-470fd980e60d"
    },
    "D:\\Test\\VIP\\XingXiang\\TestEfkCamera\\extensions\\effekseer\\assets\\material\\chunk\\sprite_lit_vs.chunk": {
      "time": 1699514252119.046,
      "uuid": "5e409554-1117-4765-82b2-257a35ae6d30"
    },
    "D:\\Test\\VIP\\XingXiang\\TestEfkCamera\\extensions\\effekseer\\assets\\material\\chunk\\sprite_unlit_vs.chunk": {
      "time": 1699514252119.046,
      "uuid": "0c683bd9-c6ec-403c-8e91-13722eccfac9"
    },
    "D:\\Test\\VIP\\XingXiang\\TestEfkCamera\\extensions\\effekseer\\assets\\material\\model\\efk_model_ad_distortion.effect": {
      "time": 1699514252119.046,
      "uuid": "cb4b504f-889b-4d09-9f31-9dae5e006bdb"
    },
    "D:\\Test\\VIP\\XingXiang\\TestEfkCamera\\extensions\\effekseer\\assets\\material\\model\\efk_model_ad_lit.effect": {
      "time": 1699514252119.046,
      "uuid": "54c4728d-22a2-4b3b-a217-7e870f2debc8"
    },
    "D:\\Test\\VIP\\XingXiang\\TestEfkCamera\\extensions\\effekseer\\assets\\material\\model\\efk_model_ad_unlit.effect": {
      "time": 1699514252119.046,
      "uuid": "ab8ec6f1-b5cc-46ed-a29b-59f5cc4b6b9a"
    },
    "D:\\Test\\VIP\\XingXiang\\TestEfkCamera\\extensions\\effekseer\\assets\\material\\model\\efk_model_distortion.effect": {
      "time": 1699514252119.046,
      "uuid": "c8dd158a-e816-41cf-9175-b83686bf18b0"
    },
    "D:\\Test\\VIP\\XingXiang\\TestEfkCamera\\extensions\\effekseer\\assets\\material\\model\\efk_model_lit.effect": {
      "time": 1699514252119.046,
      "uuid": "253ffb65-415b-4fae-ad65-f8c029cc7015"
    },
    "D:\\Test\\VIP\\XingXiang\\TestEfkCamera\\extensions\\effekseer\\assets\\material\\model\\efk_model_unlit.effect": {
      "time": 1699514252119.046,
      "uuid": "22a3e75e-d8f2-4870-88e3-e8123ad7177e"
    },
    "D:\\Test\\VIP\\XingXiang\\TestEfkCamera\\extensions\\effekseer\\assets\\material\\sprite\\efk_sprite_ad_distortion.effect": {
      "time": 1699514252119.046,
      "uuid": "e6b0915d-8cb7-4942-8bdd-fdf87f70f776"
    },
    "D:\\Test\\VIP\\XingXiang\\TestEfkCamera\\extensions\\effekseer\\assets\\material\\sprite\\efk_sprite_ad_lit.effect": {
      "time": 1699514252119.046,
      "uuid": "10040fb6-fe0b-4701-b4a3-992a4027e1bf"
    },
    "D:\\Test\\VIP\\XingXiang\\TestEfkCamera\\extensions\\effekseer\\assets\\material\\sprite\\efk_sprite_ad_unlit.effect": {
      "time": 1699514252119.046,
      "uuid": "b22cf380-3619-4ad6-b3b8-744b47b4ac62"
    },
    "D:\\Test\\VIP\\XingXiang\\TestEfkCamera\\extensions\\effekseer\\assets\\material\\sprite\\efk_sprite_distortion.effect": {
      "time": 1699514252119.046,
      "uuid": "4e626557-568f-48f6-bf23-f50df589b09f"
    },
    "D:\\Test\\VIP\\XingXiang\\TestEfkCamera\\extensions\\effekseer\\assets\\material\\sprite\\efk_sprite_lit.effect": {
      "time": 1699514252119.046,
      "uuid": "d01667d8-ca9a-4898-82ed-54c0a2b893aa"
    },
    "D:\\Test\\VIP\\XingXiang\\TestEfkCamera\\extensions\\effekseer\\assets\\material\\sprite\\efk_sprite_unlit.effect": {
      "time": 1699514252119.046,
      "uuid": "ba3373e0-3846-4978-b625-8e8845ee7799"
    },
    "D:\\Test\\VIP\\XingXiang\\TestEfkCamera\\extensions\\effekseer\\assets\\@types\\effekseer.d.ts": {
      "time": 1699514252119.046,
      "uuid": "8b429c46-8f04-496b-a71f-29eaf71b7201"
    },
    "D:\\Test\\VIP\\XingXiang\\TestEfkCamera\\extensions\\effekseer\\assets\\framework\\efk_camera.ts": {
      "time": 1701158404734.0781,
      "uuid": "b3b6db90-875b-42a9-99c4-c685cf73ad59"
    },
    "D:\\Test\\VIP\\XingXiang\\TestEfkCamera\\extensions\\effekseer\\assets\\framework\\efk_component.ts": {
      "time": 1699514252119.046,
      "uuid": "1d189318-a6d0-4def-81c0-9d6974d97bff"
    },
    "D:\\Test\\VIP\\XingXiang\\TestEfkCamera\\extensions\\effekseer\\assets\\framework\\efk_config.ts": {
      "time": 1699514252119.046,
      "uuid": "ed149d00-158a-44ca-8a32-a7da97e1da14"
    },
    "D:\\Test\\VIP\\XingXiang\\TestEfkCamera\\extensions\\effekseer\\assets\\framework\\efk_material.ts": {
      "time": 1701158956191.0664,
      "uuid": "4e77d228-2a13-4024-9e7f-f8903a9c507c"
    },
    "D:\\Test\\VIP\\XingXiang\\TestEfkCamera\\extensions\\effekseer\\assets\\framework\\efk_model.ts": {
      "time": 1699514252119.046,
      "uuid": "06350b4e-baa3-40dd-9724-e07576535375"
    },
    "D:\\Test\\VIP\\XingXiang\\TestEfkCamera\\extensions\\effekseer\\assets\\framework\\efk_render.ts": {
      "time": 1701159381409.8257,
      "uuid": "8b7dcf25-750b-4617-a290-bade429e6842"
    },
    "D:\\Test\\VIP\\XingXiang\\TestEfkCamera\\extensions\\effekseer\\assets\\prefab\\efk_config.prefab": {
      "time": 1699514252119.046,
      "uuid": "6b7033b8-a9a2-4026-9cef-cace182c35fb"
    },
    "D:\\Test\\VIP\\XingXiang\\TestEfkCamera\\extensions\\effekseer\\assets\\wasm\\effekseer.efkwasm": {
      "time": 1699514252119.046,
      "uuid": "1fc9a16f-7845-4b42-98c5-acb51255f97d"
    },
    "D:\\Test\\VIP\\XingXiang\\TestEfkCamera\\extensions\\effekseer\\assets\\wasm\\effekseer.js": {
      "time": 1699514252119.046,
      "uuid": "db4a0529-6f94-4efc-98e1-a21a6c0b240c"
    },
    "D:\\Test\\VIP\\XingXiang\\TestEfkCamera\\extensions\\effekseer\\assets\\wasm\\efk_inject.js": {
      "time": 1699514252119.046,
      "uuid": "341dc6d8-a071-4966-9946-cb43e1497592"
    },
    "D:\\Test\\VIP\\XingXiang\\TestEfkCamera\\extensions\\effekseer\\assets\\material\\model\\efk_model_ad_distortion.mtl": {
      "time": 1699514252119.046,
      "uuid": "4eb03d66-ba07-4d7b-bc7a-fa199dfd9054"
    },
    "D:\\Test\\VIP\\XingXiang\\TestEfkCamera\\extensions\\effekseer\\assets\\material\\model\\efk_model_ad_lit.mtl": {
      "time": 1699514252119.046,
      "uuid": "4a424034-f1d2-4868-8c0d-b7de9693c536"
    },
    "D:\\Test\\VIP\\XingXiang\\TestEfkCamera\\extensions\\effekseer\\assets\\material\\model\\efk_model_ad_unlit.mtl": {
      "time": 1699514252119.046,
      "uuid": "5f9e42f0-710c-4ec5-9431-7b4c6efac4b3"
    },
    "D:\\Test\\VIP\\XingXiang\\TestEfkCamera\\extensions\\effekseer\\assets\\material\\model\\efk_model_distortion.mtl": {
      "time": 1699514252119.046,
      "uuid": "e311e00b-3652-4469-96f8-146be358ae2f"
    },
    "D:\\Test\\VIP\\XingXiang\\TestEfkCamera\\extensions\\effekseer\\assets\\material\\model\\efk_model_lit.mtl": {
      "time": 1699514252119.046,
      "uuid": "8e0a5cd3-3203-470e-82f9-002975eba7ee"
    },
    "D:\\Test\\VIP\\XingXiang\\TestEfkCamera\\extensions\\effekseer\\assets\\material\\model\\efk_model_unlit.mtl": {
      "time": 1699514252119.046,
      "uuid": "b5f41084-51a2-49d5-9dfe-69fa430f3b2f"
    },
    "D:\\Test\\VIP\\XingXiang\\TestEfkCamera\\extensions\\effekseer\\assets\\material\\sprite\\efk_sprite_ad_distortion.mtl": {
      "time": 1699514252119.046,
      "uuid": "9d7e9221-e739-4ef8-a4f1-8ee9fbc86617"
    },
    "D:\\Test\\VIP\\XingXiang\\TestEfkCamera\\extensions\\effekseer\\assets\\material\\sprite\\efk_sprite_ad_lit.mtl": {
      "time": 1699514252119.046,
      "uuid": "def08d72-8aac-49de-bc2e-a1a7bd6399d0"
    },
    "D:\\Test\\VIP\\XingXiang\\TestEfkCamera\\extensions\\effekseer\\assets\\material\\sprite\\efk_sprite_ad_unlit.mtl": {
      "time": 1699514252119.046,
      "uuid": "2885e84a-a5ac-4bb3-9eff-c9a4dd2be7f0"
    },
    "D:\\Test\\VIP\\XingXiang\\TestEfkCamera\\extensions\\effekseer\\assets\\material\\sprite\\efk_sprite_distortion.mtl": {
      "time": 1699514252119.046,
      "uuid": "aaf71cd4-e062-42d5-8d90-9f27aa527303"
    },
    "D:\\Test\\VIP\\XingXiang\\TestEfkCamera\\extensions\\effekseer\\assets\\material\\sprite\\efk_sprite_lit.mtl": {
      "time": 1699514252119.046,
      "uuid": "b1149193-7026-4473-9b03-2366f0337c3c"
    },
    "D:\\Test\\VIP\\XingXiang\\TestEfkCamera\\extensions\\effekseer\\assets\\material\\sprite\\efk_sprite_unlit.mtl": {
      "time": 1699514252119.046,
      "uuid": "306564f5-6b4a-4891-aacd-ded21792ffe3"
    },
    "D:\\Test\\VIP\\XingXiang\\TestEfkCamera\\extensions\\effekseer\\assets\\@types.meta": {
      "time": 1700642844939.693
    },
    "D:\\Test\\VIP\\XingXiang\\TestEfkCamera\\extensions\\effekseer\\assets\\framework.meta": {
      "time": 1700642844939.693
    },
    "D:\\Test\\VIP\\XingXiang\\TestEfkCamera\\extensions\\effekseer\\assets\\material.meta": {
      "time": 1700642844939.693
    },
    "D:\\Test\\VIP\\XingXiang\\TestEfkCamera\\extensions\\effekseer\\assets\\prefab.meta": {
      "time": 1700642844939.693
    },
    "D:\\Test\\VIP\\XingXiang\\TestEfkCamera\\extensions\\effekseer\\assets\\wasm.meta": {
      "time": 1700642844939.693
    },
    "D:\\Test\\VIP\\XingXiang\\TestEfkCamera\\extensions\\effekseer\\assets\\material\\chunk.meta": {
      "time": 1700642844939.693
    },
    "D:\\Test\\VIP\\XingXiang\\TestEfkCamera\\extensions\\effekseer\\assets\\material\\model.meta": {
      "time": 1700642844939.693
    },
    "D:\\Test\\VIP\\XingXiang\\TestEfkCamera\\extensions\\effekseer\\assets\\material\\sprite.meta": {
      "time": 1700642844939.693
    },
    "D:\\Test\\VIP\\XingXiang\\TestEfkCamera\\extensions\\effekseer\\assets\\material\\chunk\\ad_model_distortion_ps.chunk.meta": {
      "time": 1699514252119.046
    },
    "D:\\Test\\VIP\\XingXiang\\TestEfkCamera\\extensions\\effekseer\\assets\\material\\chunk\\ad_model_distortion_vs.chunk.meta": {
      "time": 1699514252119.046
    },
    "D:\\Test\\VIP\\XingXiang\\TestEfkCamera\\extensions\\effekseer\\assets\\material\\chunk\\ad_model_lit_ps.chunk.meta": {
      "time": 1699514252119.046
    },
    "D:\\Test\\VIP\\XingXiang\\TestEfkCamera\\extensions\\effekseer\\assets\\material\\chunk\\ad_model_lit_vs.chunk.meta": {
      "time": 1699514252119.046
    },
    "D:\\Test\\VIP\\XingXiang\\TestEfkCamera\\extensions\\effekseer\\assets\\material\\chunk\\ad_model_unlit_ps.chunk.meta": {
      "time": 1699514252119.046
    },
    "D:\\Test\\VIP\\XingXiang\\TestEfkCamera\\extensions\\effekseer\\assets\\material\\chunk\\ad_model_unlit_vs.chunk.meta": {
      "time": 1699514252119.046
    },
    "D:\\Test\\VIP\\XingXiang\\TestEfkCamera\\extensions\\effekseer\\assets\\material\\chunk\\ad_sprite_distortion_vs.chunk.meta": {
      "time": 1699514252119.046
    },
    "D:\\Test\\VIP\\XingXiang\\TestEfkCamera\\extensions\\effekseer\\assets\\material\\chunk\\ad_sprite_lit_vs.chunk.meta": {
      "time": 1699514252119.046
    },
    "D:\\Test\\VIP\\XingXiang\\TestEfkCamera\\extensions\\effekseer\\assets\\material\\chunk\\ad_sprite_unlit_vs.chunk.meta": {
      "time": 1699514252119.046
    },
    "D:\\Test\\VIP\\XingXiang\\TestEfkCamera\\extensions\\effekseer\\assets\\material\\chunk\\model_distortion_ps.chunk.meta": {
      "time": 1699514252119.046
    },
    "D:\\Test\\VIP\\XingXiang\\TestEfkCamera\\extensions\\effekseer\\assets\\material\\chunk\\model_distortion_vs.chunk.meta": {
      "time": 1699514252119.046
    },
    "D:\\Test\\VIP\\XingXiang\\TestEfkCamera\\extensions\\effekseer\\assets\\material\\chunk\\model_lit_ps.chunk.meta": {
      "time": 1699514252119.046
    },
    "D:\\Test\\VIP\\XingXiang\\TestEfkCamera\\extensions\\effekseer\\assets\\material\\chunk\\model_lit_vs.chunk.meta": {
      "time": 1699514252119.046
    },
    "D:\\Test\\VIP\\XingXiang\\TestEfkCamera\\extensions\\effekseer\\assets\\material\\chunk\\model_unlit_ps.chunk.meta": {
      "time": 1699514252119.046
    },
    "D:\\Test\\VIP\\XingXiang\\TestEfkCamera\\extensions\\effekseer\\assets\\material\\chunk\\model_unlit_vs.chunk.meta": {
      "time": 1699514252119.046
    },
    "D:\\Test\\VIP\\XingXiang\\TestEfkCamera\\extensions\\effekseer\\assets\\material\\chunk\\sprite_distortion_vs.chunk.meta": {
      "time": 1699514252119.046
    },
    "D:\\Test\\VIP\\XingXiang\\TestEfkCamera\\extensions\\effekseer\\assets\\material\\chunk\\sprite_lit_vs.chunk.meta": {
      "time": 1699514252119.046
    },
    "D:\\Test\\VIP\\XingXiang\\TestEfkCamera\\extensions\\effekseer\\assets\\material\\chunk\\sprite_unlit_vs.chunk.meta": {
      "time": 1699514252119.046
    },
    "D:\\Test\\VIP\\XingXiang\\TestEfkCamera\\extensions\\effekseer\\assets\\material\\model\\efk_model_distortion.effect.meta": {
      "time": 1700642844939.693
    },
    "D:\\Test\\VIP\\XingXiang\\TestEfkCamera\\extensions\\effekseer\\assets\\material\\model\\efk_model_ad_distortion.effect.meta": {
      "time": 1700642844939.693
    },
    "D:\\Test\\VIP\\XingXiang\\TestEfkCamera\\extensions\\effekseer\\assets\\material\\model\\efk_model_ad_unlit.effect.meta": {
      "time": 1700642844939.693
    },
    "D:\\Test\\VIP\\XingXiang\\TestEfkCamera\\extensions\\effekseer\\assets\\material\\model\\efk_model_ad_lit.effect.meta": {
      "time": 1700642844939.693
    },
    "D:\\Test\\VIP\\XingXiang\\TestEfkCamera\\extensions\\effekseer\\assets\\material\\model\\efk_model_lit.effect.meta": {
      "time": 1700642844939.693
    },
    "D:\\Test\\VIP\\XingXiang\\TestEfkCamera\\extensions\\effekseer\\assets\\material\\model\\efk_model_unlit.effect.meta": {
      "time": 1700642844939.693
    },
    "D:\\Test\\VIP\\XingXiang\\TestEfkCamera\\extensions\\effekseer\\assets\\material\\sprite\\efk_sprite_ad_unlit.effect.meta": {
      "time": 1700642844939.693
    },
    "D:\\Test\\VIP\\XingXiang\\TestEfkCamera\\extensions\\effekseer\\assets\\material\\sprite\\efk_sprite_ad_distortion.effect.meta": {
      "time": 1700642844939.693
    },
    "D:\\Test\\VIP\\XingXiang\\TestEfkCamera\\extensions\\effekseer\\assets\\material\\sprite\\efk_sprite_ad_lit.effect.meta": {
      "time": 1700642844939.693
    },
    "D:\\Test\\VIP\\XingXiang\\TestEfkCamera\\extensions\\effekseer\\assets\\@types\\effekseer.d.ts.meta": {
      "time": 1699514252119.046
    },
    "D:\\Test\\VIP\\XingXiang\\TestEfkCamera\\extensions\\effekseer\\assets\\material\\sprite\\efk_sprite_distortion.effect.meta": {
      "time": 1700642844939.693
    },
    "D:\\Test\\VIP\\XingXiang\\TestEfkCamera\\extensions\\effekseer\\assets\\framework\\efk_camera.ts.meta": {
      "time": 1699514252119.046
    },
    "D:\\Test\\VIP\\XingXiang\\TestEfkCamera\\extensions\\effekseer\\assets\\framework\\efk_component.ts.meta": {
      "time": 1699514252119.046
    },
    "D:\\Test\\VIP\\XingXiang\\TestEfkCamera\\extensions\\effekseer\\assets\\material\\sprite\\efk_sprite_lit.effect.meta": {
      "time": 1700642844939.693
    },
    "D:\\Test\\VIP\\XingXiang\\TestEfkCamera\\extensions\\effekseer\\assets\\framework\\efk_config.ts.meta": {
      "time": 1699514252119.046
    },
    "D:\\Test\\VIP\\XingXiang\\TestEfkCamera\\extensions\\effekseer\\assets\\framework\\efk_material.ts.meta": {
      "time": 1699514252119.046
    },
    "D:\\Test\\VIP\\XingXiang\\TestEfkCamera\\extensions\\effekseer\\assets\\material\\sprite\\efk_sprite_unlit.effect.meta": {
      "time": 1700642844939.693
    },
    "D:\\Test\\VIP\\XingXiang\\TestEfkCamera\\extensions\\effekseer\\assets\\framework\\efk_model.ts.meta": {
      "time": 1699514252119.046
    },
    "D:\\Test\\VIP\\XingXiang\\TestEfkCamera\\extensions\\effekseer\\assets\\framework\\efk_render.ts.meta": {
      "time": 1699514252119.046
    },
    "D:\\Test\\VIP\\XingXiang\\TestEfkCamera\\extensions\\effekseer\\assets\\material\\model\\efk_model_ad_distortion.mtl.meta": {
      "time": 1700642844939.693
    },
    "D:\\Test\\VIP\\XingXiang\\TestEfkCamera\\extensions\\effekseer\\assets\\material\\model\\efk_model_ad_lit.mtl.meta": {
      "time": 1700642844939.693
    },
    "D:\\Test\\VIP\\XingXiang\\TestEfkCamera\\extensions\\effekseer\\assets\\prefab\\efk_config.prefab.meta": {
      "time": 1700642844939.693
    },
    "D:\\Test\\VIP\\XingXiang\\TestEfkCamera\\extensions\\effekseer\\assets\\wasm\\effekseer.efkwasm.meta": {
      "time": 1699514252119.046
    },
    "D:\\Test\\VIP\\XingXiang\\TestEfkCamera\\extensions\\effekseer\\assets\\wasm\\effekseer.js.meta": {
      "time": 1699514252119.046
    },
    "D:\\Test\\VIP\\XingXiang\\TestEfkCamera\\extensions\\effekseer\\assets\\material\\model\\efk_model_distortion.mtl.meta": {
      "time": 1700642844939.693
    },
    "D:\\Test\\VIP\\XingXiang\\TestEfkCamera\\extensions\\effekseer\\assets\\wasm\\efk_inject.js.meta": {
      "time": 1699514252119.046
    },
    "D:\\Test\\VIP\\XingXiang\\TestEfkCamera\\extensions\\effekseer\\assets\\material\\model\\efk_model_ad_unlit.mtl.meta": {
      "time": 1700642844939.693
    },
    "D:\\Test\\VIP\\XingXiang\\TestEfkCamera\\extensions\\effekseer\\assets\\material\\model\\efk_model_unlit.mtl.meta": {
      "time": 1700642844939.693
    },
    "D:\\Test\\VIP\\XingXiang\\TestEfkCamera\\extensions\\effekseer\\assets\\material\\model\\efk_model_lit.mtl.meta": {
      "time": 1700642844939.693
    },
    "D:\\Test\\VIP\\XingXiang\\TestEfkCamera\\extensions\\effekseer\\assets\\material\\sprite\\efk_sprite_ad_lit.mtl.meta": {
      "time": 1700642844939.693
    },
    "D:\\Test\\VIP\\XingXiang\\TestEfkCamera\\extensions\\effekseer\\assets\\material\\sprite\\efk_sprite_ad_distortion.mtl.meta": {
      "time": 1700642844939.693
    },
    "D:\\Test\\VIP\\XingXiang\\TestEfkCamera\\extensions\\effekseer\\assets\\material\\sprite\\efk_sprite_distortion.mtl.meta": {
      "time": 1700642844939.693
    },
    "D:\\Test\\VIP\\XingXiang\\TestEfkCamera\\extensions\\effekseer\\assets\\material\\sprite\\efk_sprite_ad_unlit.mtl.meta": {
      "time": 1700642844939.693
    },
    "D:\\Test\\VIP\\XingXiang\\TestEfkCamera\\extensions\\effekseer\\assets\\material\\sprite\\efk_sprite_lit.mtl.meta": {
      "time": 1700642844939.693
    },
    "D:\\Test\\VIP\\XingXiang\\TestEfkCamera\\extensions\\effekseer\\assets\\material\\sprite\\efk_sprite_unlit.mtl.meta": {
      "time": 1700642844939.693
    }
  },
  "missing": {}
}
