{
  "a0893394-1765-449a-8e85-80c9bbd0936b": {
    "url": "db://effekseer/@types",
    "value": {}
  },
  "68265520-3a5c-49ef-bb7d-5a3b227954e1": {
    "url": "db://effekseer/framework",
    "value": {}
  },
  "4f11a784-24cc-403f-830f-90598f1c62f7": {
    "url": "db://effekseer/material",
    "value": {}
  },
  "ae92f4b9-8525-4939-99c1-ac4b8d74ceb7": {
    "url": "db://effekseer/prefab",
    "value": {}
  },
  "c7810266-e4f2-400b-8cc5-b3e0882fc4d6": {
    "url": "db://effekseer/wasm",
    "value": {}
  },
  "2059017c-8922-42fb-b6c4-c3ccfd59b47d": {
    "url": "db://effekseer/material/chunk",
    "value": {}
  },
  "21579b2b-02f4-4dab-bc9c-ac426e7c451f": {
    "url": "db://effekseer/material/model",
    "value": {}
  },
  "888b9dcb-9f5e-4ef8-a2c3-adfe37561235": {
    "url": "db://effekseer/material/sprite",
    "value": {}
  },
  "e4c54a95-96bd-47fa-8200-c025fbd52e15": {
    "url": "db://effekseer/material/chunk/ad_model_distortion_ps.chunk",
    "value": {}
  },
  "0039cf81-2f52-46a6-8dc8-20026df509a7": {
    "url": "db://effekseer/material/chunk/ad_model_distortion_vs.chunk",
    "value": {}
  },
  "9b553a0c-77f3-43b3-aa0d-afc19f41ca4a": {
    "url": "db://effekseer/material/chunk/ad_model_lit_ps.chunk",
    "value": {}
  },
  "6fb30220-abf4-4c54-a810-7f2f96f9acb2": {
    "url": "db://effekseer/material/chunk/ad_model_lit_vs.chunk",
    "value": {}
  },
  "40323142-248d-4520-9e1b-b887d1b69656": {
    "url": "db://effekseer/material/chunk/ad_model_unlit_ps.chunk",
    "value": {}
  },
  "56e4d1d4-f3e3-4c73-814d-20228ebe99e1": {
    "url": "db://effekseer/material/chunk/ad_model_unlit_vs.chunk",
    "value": {}
  },
  "926bdb1b-d85f-4612-8075-bf02483b6691": {
    "url": "db://effekseer/material/chunk/ad_sprite_distortion_vs.chunk",
    "value": {}
  },
  "e23faa8d-7dab-46f3-b519-fc6b10935902": {
    "url": "db://effekseer/material/chunk/ad_sprite_lit_vs.chunk",
    "value": {}
  },
  "164f6778-69eb-4ff4-be23-e213b103561c": {
    "url": "db://effekseer/material/chunk/ad_sprite_unlit_vs.chunk",
    "value": {}
  },
  "d3f40099-539f-4c56-944b-0db36204b202": {
    "url": "db://effekseer/material/chunk/model_distortion_ps.chunk",
    "value": {}
  },
  "a7698b54-7afb-4f20-aed1-cebfb6687001": {
    "url": "db://effekseer/material/chunk/model_distortion_vs.chunk",
    "value": {}
  },
  "5064867f-2486-43ff-bd58-341070dbb8c8": {
    "url": "db://effekseer/material/chunk/model_lit_ps.chunk",
    "value": {}
  },
  "80ef7183-431d-4404-be3c-d6d102ae385e": {
    "url": "db://effekseer/material/chunk/model_lit_vs.chunk",
    "value": {}
  },
  "c997d9d1-87e1-4696-be6e-bc13ed885c3c": {
    "url": "db://effekseer/material/chunk/model_unlit_ps.chunk",
    "value": {}
  },
  "f5bf5a04-faba-48cc-be85-395214163d6e": {
    "url": "db://effekseer/material/chunk/model_unlit_vs.chunk",
    "value": {}
  },
  "568709cf-8862-4aaa-ab2e-470fd980e60d": {
    "url": "db://effekseer/material/chunk/sprite_distortion_vs.chunk",
    "value": {}
  },
  "5e409554-1117-4765-82b2-257a35ae6d30": {
    "url": "db://effekseer/material/chunk/sprite_lit_vs.chunk",
    "value": {}
  },
  "0c683bd9-c6ec-403c-8e91-13722eccfac9": {
    "url": "db://effekseer/material/chunk/sprite_unlit_vs.chunk",
    "value": {}
  },
  "cb4b504f-889b-4d09-9f31-9dae5e006bdb": {
    "url": "db://effekseer/material/model/efk_model_ad_distortion.effect",
    "value": {
      "depends": []
    }
  },
  "54c4728d-22a2-4b3b-a217-7e870f2debc8": {
    "url": "db://effekseer/material/model/efk_model_ad_lit.effect",
    "value": {
      "depends": []
    }
  },
  "ab8ec6f1-b5cc-46ed-a29b-59f5cc4b6b9a": {
    "url": "db://effekseer/material/model/efk_model_ad_unlit.effect",
    "value": {
      "depends": []
    }
  },
  "c8dd158a-e816-41cf-9175-b83686bf18b0": {
    "url": "db://effekseer/material/model/efk_model_distortion.effect",
    "value": {
      "depends": []
    }
  },
  "253ffb65-415b-4fae-ad65-f8c029cc7015": {
    "url": "db://effekseer/material/model/efk_model_lit.effect",
    "value": {
      "depends": []
    }
  },
  "22a3e75e-d8f2-4870-88e3-e8123ad7177e": {
    "url": "db://effekseer/material/model/efk_model_unlit.effect",
    "value": {
      "depends": []
    }
  },
  "e6b0915d-8cb7-4942-8bdd-fdf87f70f776": {
    "url": "db://effekseer/material/sprite/efk_sprite_ad_distortion.effect",
    "value": {
      "depends": []
    }
  },
  "10040fb6-fe0b-4701-b4a3-992a4027e1bf": {
    "url": "db://effekseer/material/sprite/efk_sprite_ad_lit.effect",
    "value": {
      "depends": []
    }
  },
  "b22cf380-3619-4ad6-b3b8-744b47b4ac62": {
    "url": "db://effekseer/material/sprite/efk_sprite_ad_unlit.effect",
    "value": {
      "depends": []
    }
  },
  "4e626557-568f-48f6-bf23-f50df589b09f": {
    "url": "db://effekseer/material/sprite/efk_sprite_distortion.effect",
    "value": {
      "depends": []
    }
  },
  "d01667d8-ca9a-4898-82ed-54c0a2b893aa": {
    "url": "db://effekseer/material/sprite/efk_sprite_lit.effect",
    "value": {
      "depends": []
    }
  },
  "ba3373e0-3846-4978-b625-8e8845ee7799": {
    "url": "db://effekseer/material/sprite/efk_sprite_unlit.effect",
    "value": {
      "depends": []
    }
  },
  "8b429c46-8f04-496b-a71f-29eaf71b7201": {
    "url": "db://effekseer/@types/effekseer.d.ts",
    "value": {}
  },
  "b3b6db90-875b-42a9-99c4-c685cf73ad59": {
    "url": "db://effekseer/framework/efk_camera.ts",
    "value": {}
  },
  "1d189318-a6d0-4def-81c0-9d6974d97bff": {
    "url": "db://effekseer/framework/efk_component.ts",
    "value": {}
  },
  "ed149d00-158a-44ca-8a32-a7da97e1da14": {
    "url": "db://effekseer/framework/efk_config.ts",
    "value": {}
  },
  "4e77d228-2a13-4024-9e7f-f8903a9c507c": {
    "url": "db://effekseer/framework/efk_material.ts",
    "value": {}
  },
  "06350b4e-baa3-40dd-9724-e07576535375": {
    "url": "db://effekseer/framework/efk_model.ts",
    "value": {}
  },
  "8b7dcf25-750b-4617-a290-bade429e6842": {
    "url": "db://effekseer/framework/efk_render.ts",
    "value": {}
  },
  "6b7033b8-a9a2-4026-9cef-cace182c35fb": {
    "url": "db://effekseer/prefab/efk_config.prefab",
    "value": {
      "depends": [
        "306564f5-6b4a-4891-aacd-ded21792ffe3",
        "b1149193-7026-4473-9b03-2366f0337c3c",
        "aaf71cd4-e062-42d5-8d90-9f27aa527303",
        "2885e84a-a5ac-4bb3-9eff-c9a4dd2be7f0",
        "def08d72-8aac-49de-bc2e-a1a7bd6399d0",
        "9d7e9221-e739-4ef8-a4f1-8ee9fbc86617",
        "b5f41084-51a2-49d5-9dfe-69fa430f3b2f",
        "8e0a5cd3-3203-470e-82f9-002975eba7ee",
        "e311e00b-3652-4469-96f8-146be358ae2f",
        "5f9e42f0-710c-4ec5-9431-7b4c6efac4b3",
        "4a424034-f1d2-4868-8c0d-b7de9693c536",
        "4eb03d66-ba07-4d7b-bc7a-fa199dfd9054",
        "1fc9a16f-7845-4b42-98c5-acb51255f97d"
      ],
      "dependScripts": [
        "ed149d00-158a-44ca-8a32-a7da97e1da14"
      ]
    }
  },
  "1fc9a16f-7845-4b42-98c5-acb51255f97d": {
    "url": "db://effekseer/wasm/effekseer.efkwasm",
    "value": {
      "depends": []
    }
  },
  "db4a0529-6f94-4efc-98e1-a21a6c0b240c": {
    "url": "db://effekseer/wasm/effekseer.js",
    "value": {}
  },
  "341dc6d8-a071-4966-9946-cb43e1497592": {
    "url": "db://effekseer/wasm/efk_inject.js",
    "value": {}
  },
  "4eb03d66-ba07-4d7b-bc7a-fa199dfd9054": {
    "url": "db://effekseer/material/model/efk_model_ad_distortion.mtl",
    "value": {
      "depends": [
        "e6b0915d-8cb7-4942-8bdd-fdf87f70f776"
      ]
    }
  },
  "4a424034-f1d2-4868-8c0d-b7de9693c536": {
    "url": "db://effekseer/material/model/efk_model_ad_lit.mtl",
    "value": {
      "depends": [
        "10040fb6-fe0b-4701-b4a3-992a4027e1bf"
      ]
    }
  },
  "5f9e42f0-710c-4ec5-9431-7b4c6efac4b3": {
    "url": "db://effekseer/material/model/efk_model_ad_unlit.mtl",
    "value": {
      "depends": [
        "b22cf380-3619-4ad6-b3b8-744b47b4ac62"
      ]
    }
  },
  "e311e00b-3652-4469-96f8-146be358ae2f": {
    "url": "db://effekseer/material/model/efk_model_distortion.mtl",
    "value": {
      "depends": [
        "4e626557-568f-48f6-bf23-f50df589b09f"
      ]
    }
  },
  "8e0a5cd3-3203-470e-82f9-002975eba7ee": {
    "url": "db://effekseer/material/model/efk_model_lit.mtl",
    "value": {
      "depends": [
        "253ffb65-415b-4fae-ad65-f8c029cc7015"
      ]
    }
  },
  "b5f41084-51a2-49d5-9dfe-69fa430f3b2f": {
    "url": "db://effekseer/material/model/efk_model_unlit.mtl",
    "value": {
      "depends": [
        "22a3e75e-d8f2-4870-88e3-e8123ad7177e"
      ]
    }
  },
  "9d7e9221-e739-4ef8-a4f1-8ee9fbc86617": {
    "url": "db://effekseer/material/sprite/efk_sprite_ad_distortion.mtl",
    "value": {
      "depends": [
        "e6b0915d-8cb7-4942-8bdd-fdf87f70f776"
      ]
    }
  },
  "def08d72-8aac-49de-bc2e-a1a7bd6399d0": {
    "url": "db://effekseer/material/sprite/efk_sprite_ad_lit.mtl",
    "value": {
      "depends": [
        "10040fb6-fe0b-4701-b4a3-992a4027e1bf"
      ]
    }
  },
  "2885e84a-a5ac-4bb3-9eff-c9a4dd2be7f0": {
    "url": "db://effekseer/material/sprite/efk_sprite_ad_unlit.mtl",
    "value": {
      "depends": [
        "b22cf380-3619-4ad6-b3b8-744b47b4ac62"
      ]
    }
  },
  "aaf71cd4-e062-42d5-8d90-9f27aa527303": {
    "url": "db://effekseer/material/sprite/efk_sprite_distortion.mtl",
    "value": {
      "depends": [
        "4e626557-568f-48f6-bf23-f50df589b09f"
      ]
    }
  },
  "b1149193-7026-4473-9b03-2366f0337c3c": {
    "url": "db://effekseer/material/sprite/efk_sprite_lit.mtl",
    "value": {
      "depends": [
        "d01667d8-ca9a-4898-82ed-54c0a2b893aa"
      ]
    }
  },
  "306564f5-6b4a-4891-aacd-ded21792ffe3": {
    "url": "db://effekseer/material/sprite/efk_sprite_unlit.mtl",
    "value": {
      "depends": [
        "ba3373e0-3846-4978-b625-8e8845ee7799"
      ]
    }
  }
}
