{
  "__type__": "cc.EffectAsset",
  "_name": "../material/sprite/efk_sprite_distortion",
  "_objFlags": 0,
  "__editorExtras__": {},
  "_native": "",
  "techniques": [
    {
      "name": "opaque",
      "passes": [
        {
          "program": "../material/sprite/efk_sprite_distortion|sprite_distortion_vs:vert|model_distortion_ps:frag",
          "properties": {
            "g_scale": {
              "editor": {
                "visible": false
              },
              "type": 16
            },
            "mCameraProj": {
              "editor": {
                "visible": false
              },
              "type": 25
            }
          }
        }
      ]
    },
    {
      "name": "transparent",
      "passes": [
        {
          "blendState": {
            "targets": [
              {
                "blend": true,
                "blendSrc": 2,
                "blendDst": 4,
                "blendSrcAlpha": 2,
                "blendDstAlpha": 4
              }
            ]
          },
          "program": "../material/sprite/efk_sprite_distortion|sprite_distortion_vs:vert|model_distortion_ps:frag",
          "properties": {
            "g_scale": {
              "editor": {
                "visible": false
              },
              "type": 16
            },
            "mCameraProj": {
              "editor": {
                "visible": false
              },
              "type": 25
            }
          }
        }
      ]
    }
  ],
  "shaders": [
    {
      "blocks": [
        {
          "name": "VS_ConstantBuffer",
          "members": [
            {
              "name": "mCamera",
              "type": 25,
              "count": 1
            },
            {
              "name": "mCameraProj",
              "type": 25,
              "count": 1
            },
            {
              "name": "mUVInversed",
              "type": 16,
              "count": 1
            },
            {
              "name": "mflipbookParameter",
              "type": 16,
              "count": 1
            }
          ],
          "defines": [],
          "stageFlags": 1,
          "binding": 0
        },
        {
          "name": "PS_ConstanBuffer",
          "members": [
            {
              "name": "g_scale",
              "type": 16,
              "count": 1
            },
            {
              "name": "mUVInversedBack",
              "type": 16,
              "count": 1
            },
            {
              "name": "fFlipbookParameter",
              "type": 16,
              "count": 1
            },
            {
              "name": "fUVDistortionParameter",
              "type": 16,
              "count": 1
            },
            {
              "name": "fBlendTextureParameter",
              "type": 16,
              "count": 1
            },
            {
              "name": "softParticleParam",
              "type": 16,
              "count": 1
            },
            {
              "name": "reconstructionParam1",
              "type": 16,
              "count": 1
            },
            {
              "name": "reconstructionParam2",
              "type": 16,
              "count": 1
            }
          ],
          "defines": [],
          "stageFlags": 16,
          "binding": 1
        }
      ],
      "samplerTextures": [
        {
          "name": "Sampler_sampler_colorTex",
          "type": 28,
          "count": 1,
          "defines": [],
          "stageFlags": 16,
          "binding": 2
        },
        {
          "name": "Sampler_sampler_backTex",
          "type": 28,
          "count": 1,
          "defines": [],
          "stageFlags": 16,
          "binding": 3
        }
      ],
      "samplers": [],
      "textures": [],
      "buffers": [],
      "images": [],
      "subpassInputs": [],
      "attributes": [
        {
          "name": "Input_Pos",
          "defines": [],
          "format": 32,
          "location": 0
        },
        {
          "name": "Input_Color",
          "defines": [],
          "format": 44,
          "location": 1
        },
        {
          "name": "Input_Normal",
          "defines": [],
          "format": 32,
          "location": 2
        },
        {
          "name": "Input_Tangent",
          "defines": [],
          "format": 32,
          "location": 3
        },
        {
          "name": "Input_UV1",
          "defines": [],
          "format": 21,
          "location": 4
        },
        {
          "name": "Input_UV2",
          "defines": [],
          "format": 21,
          "location": 5
        }
      ],
      "varyings": [
        {
          "name": "_VSPS_UV",
          "type": 14,
          "count": 1,
          "defines": [],
          "stageFlags": 17,
          "location": 0
        },
        {
          "name": "_VSPS_ProjBinormal",
          "type": 16,
          "count": 1,
          "defines": [],
          "stageFlags": 17,
          "location": 1
        },
        {
          "name": "_VSPS_ProjTangent",
          "type": 16,
          "count": 1,
          "defines": [],
          "stageFlags": 17,
          "location": 2
        },
        {
          "name": "_VSPS_PosP",
          "type": 16,
          "count": 1,
          "defines": [],
          "stageFlags": 17,
          "location": 3
        },
        {
          "name": "_VSPS_Color",
          "type": 16,
          "count": 1,
          "defines": [],
          "stageFlags": 17,
          "location": 4
        }
      ],
      "fragColors": [
        {
          "name": "cc_FragColor",
          "typename": "vec4",
          "type": 16,
          "count": 1,
          "defines": [],
          "stageFlags": 16,
          "location": 0
        }
      ],
      "descriptors": [
        {
          "rate": 0,
          "blocks": [],
          "samplerTextures": [],
          "samplers": [],
          "textures": [],
          "buffers": [],
          "images": [],
          "subpassInputs": []
        },
        {
          "rate": 1,
          "blocks": [
            {
              "name": "VS_ConstantBuffer",
              "members": [
                {
                  "name": "mCamera",
                  "type": 25,
                  "count": 1
                },
                {
                  "name": "mCameraProj",
                  "type": 25,
                  "count": 1
                },
                {
                  "name": "mUVInversed",
                  "type": 16,
                  "count": 1
                },
                {
                  "name": "mflipbookParameter",
                  "type": 16,
                  "count": 1
                }
              ],
              "defines": [],
              "stageFlags": 1,
              "binding": 0
            },
            {
              "name": "PS_ConstanBuffer",
              "members": [
                {
                  "name": "g_scale",
                  "type": 16,
                  "count": 1
                },
                {
                  "name": "mUVInversedBack",
                  "type": 16,
                  "count": 1
                },
                {
                  "name": "fFlipbookParameter",
                  "type": 16,
                  "count": 1
                },
                {
                  "name": "fUVDistortionParameter",
                  "type": 16,
                  "count": 1
                },
                {
                  "name": "fBlendTextureParameter",
                  "type": 16,
                  "count": 1
                },
                {
                  "name": "softParticleParam",
                  "type": 16,
                  "count": 1
                },
                {
                  "name": "reconstructionParam1",
                  "type": 16,
                  "count": 1
                },
                {
                  "name": "reconstructionParam2",
                  "type": 16,
                  "count": 1
                }
              ],
              "defines": [],
              "stageFlags": 16,
              "binding": 1
            }
          ],
          "samplerTextures": [
            {
              "name": "Sampler_sampler_colorTex",
              "type": 28,
              "count": 1,
              "defines": [],
              "stageFlags": 16,
              "binding": 2
            },
            {
              "name": "Sampler_sampler_backTex",
              "type": 28,
              "count": 1,
              "defines": [],
              "stageFlags": 16,
              "binding": 3
            }
          ],
          "samplers": [],
          "textures": [],
          "buffers": [],
          "images": [],
          "subpassInputs": []
        },
        {
          "rate": 2,
          "blocks": [],
          "samplerTextures": [],
          "samplers": [],
          "textures": [],
          "buffers": [],
          "images": [],
          "subpassInputs": []
        },
        {
          "rate": 3,
          "blocks": [],
          "samplerTextures": [],
          "samplers": [],
          "textures": [],
          "buffers": [],
          "images": [],
          "subpassInputs": []
        }
      ],
      "hash": 1573674074,
      "glsl4": {
        "vert": "\nprecision highp float;\nstruct VS_Input\n{\n    vec3 Pos;\n    vec4 Color;\n    vec3 Normal;\n    vec3 Tangent;\n    vec2 UV1;\n    vec2 UV2;\n};\nstruct VS_Output\n{\n    vec4 PosVS;\n    vec2 UV;\n    vec4 ProjBinormal;\n    vec4 ProjTangent;\n    vec4 PosP;\n    vec4 Color;\n};\nlayout(set = 1, binding = 0) uniform VS_ConstantBuffer\n{\n    mat4 mCamera;\n    mat4 mCameraProj;\n    vec4 mUVInversed;\n    vec4 mflipbookParameter;\n};\nlayout(location = 0) in vec3 Input_Pos;\nlayout(location = 1) in vec4 Input_Color;\nlayout(location = 2) in vec3 Input_Normal;\nlayout(location = 3) in vec3 Input_Tangent;\nlayout(location = 4) in vec2 Input_UV1;\nlayout(location = 5) in vec2 Input_UV2;\nlayout(location = 0) out vec2 _VSPS_UV;\nlayout(location = 1) out vec4 _VSPS_ProjBinormal;\nlayout(location = 2) out vec4 _VSPS_ProjTangent;\nlayout(location = 3) out vec4 _VSPS_PosP;\nlayout(location = 4) out vec4 _VSPS_Color;\nVS_Output _main(VS_Input Input)\n{\n    VS_Output Output = VS_Output(vec4(0.0), vec2(0.0), vec4(0.0), vec4(0.0), vec4(0.0), vec4(0.0));\n    vec4 worldNormal = vec4((Input.Normal.xyz - vec3(0.5)) * 2.0, 0.0);\n    vec4 worldTangent = vec4((Input.Tangent.xyz - vec3(0.5)) * 2.0, 0.0);\n    vec4 worldBinormal = vec4(cross(worldNormal.xyz, worldTangent.xyz), 0.0);\n    vec4 worldPos = vec4(Input.Pos.x, Input.Pos.y, Input.Pos.z, 1.0);\n    Output.PosVS = mCameraProj * worldPos;\n    Output.Color = Input.Color;\n    vec2 uv1 = Input.UV1;\n    uv1.y = mUVInversed.x + (mUVInversed.y * uv1.y);\n    Output.UV = uv1;\n    Output.ProjTangent = mCameraProj * (worldPos + worldTangent);\n    Output.ProjBinormal = mCameraProj * (worldPos + worldBinormal);\n    Output.PosP = Output.PosVS;\n    return Output;\n}\nvec4 vert()\n{\n    VS_Input Input;\n    Input.Pos = Input_Pos;\n    Input.Color = Input_Color;\n    Input.Normal = Input_Normal;\n    Input.Tangent = Input_Tangent;\n    Input.UV1 = Input_UV1;\n    Input.UV2 = Input_UV2;\n    VS_Output flattenTemp = _main(Input);\n    _VSPS_UV = flattenTemp.UV;\n    _VSPS_ProjBinormal = flattenTemp.ProjBinormal;\n    _VSPS_ProjTangent = flattenTemp.ProjTangent;\n    _VSPS_PosP = flattenTemp.PosP;\n    _VSPS_Color = flattenTemp.Color;\n    return flattenTemp.PosVS;\n}\nvoid main() { gl_Position = vert(); }",
        "frag": "\nprecision highp float;\nstruct PS_Input\n{\n    vec4 PosVS;\n    vec2 UV;\n    vec4 ProjBinormal;\n    vec4 ProjTangent;\n    vec4 PosP;\n    vec4 Color;\n};\nlayout(set = 1, binding = 1) uniform PS_ConstanBuffer\n{\n    vec4 g_scale;\n    vec4 mUVInversedBack;\n    vec4 fFlipbookParameter;\n    vec4 fUVDistortionParameter;\n    vec4 fBlendTextureParameter;\n    vec4 softParticleParam;\n    vec4 reconstructionParam1;\n    vec4 reconstructionParam2;\n};\nlayout(set = 1, binding = 2) uniform sampler2D Sampler_sampler_colorTex;\nlayout(set = 1, binding = 3) uniform sampler2D Sampler_sampler_backTex;\nlayout(location = 0) in vec2 _VSPS_UV;\nlayout(location = 1) in vec4 _VSPS_ProjBinormal;\nlayout(location = 2) in vec4 _VSPS_ProjTangent;\nlayout(location = 3) in vec4 _VSPS_PosP;\nlayout(location = 4) in vec4 _VSPS_Color;\nvec4 _main(PS_Input Input)\n{\n    vec4 Output = texture(Sampler_sampler_colorTex, Input.UV);\n    Output.w *= Input.Color.w;\n    vec2 pos = Input.PosP.xy / vec2(Input.PosP.w);\n    vec2 posR = Input.ProjTangent.xy / vec2(Input.ProjTangent.w);\n    vec2 posU = Input.ProjBinormal.xy / vec2(Input.ProjBinormal.w);\n    float xscale = (((Output.x * 2.0) - 1.0) * Input.Color.x) * g_scale.x;\n    float yscale = (((Output.y * 2.0) - 1.0) * Input.Color.y) * g_scale.x;\n    vec2 uv = (pos + ((posR - pos) * xscale)) + ((posU - pos) * yscale);\n    uv.x = (uv.x + 1.0) * 0.5;\n    uv.y = 1.0 - ((uv.y + 1.0) * 0.5);\n    uv.y = mUVInversedBack.x + (mUVInversedBack.y * uv.y);\n    uv.y = 1.0 - uv.y;\n    vec3 color = vec3(texture(Sampler_sampler_backTex, uv).xyz);\n    Output = vec4(color.x, color.y, color.z, Output.w);\n    if (Output.w == 0.0)\n    {\n        discard;\n    }\n    return Output;\n}\nvec4 frag()\n{\n    PS_Input Input;\n    Input.PosVS = gl_FragCoord;\n    Input.UV = _VSPS_UV;\n    Input.ProjBinormal = _VSPS_ProjBinormal;\n    Input.ProjTangent = _VSPS_ProjTangent;\n    Input.PosP = _VSPS_PosP;\n    Input.Color = _VSPS_Color;\n    return _main(Input);\n}\nlayout(location = 0) out vec4 cc_FragColor;\nvoid main() { cc_FragColor = frag(); }"
      },
      "glsl3": {
        "vert": "\nprecision highp float;\nstruct VS_Input\n{\n    vec3 Pos;\n    vec4 Color;\n    vec3 Normal;\n    vec3 Tangent;\n    vec2 UV1;\n    vec2 UV2;\n};\nstruct VS_Output\n{\n    vec4 PosVS;\n    vec2 UV;\n    vec4 ProjBinormal;\n    vec4 ProjTangent;\n    vec4 PosP;\n    vec4 Color;\n};\nlayout(std140) uniform VS_ConstantBuffer\n{\n    mat4 mCamera;\n    mat4 mCameraProj;\n    vec4 mUVInversed;\n    vec4 mflipbookParameter;\n};\nin vec3 Input_Pos;\nin vec4 Input_Color;\nin vec3 Input_Normal;\nin vec3 Input_Tangent;\nin vec2 Input_UV1;\nin vec2 Input_UV2;\nout vec2 _VSPS_UV;\nout vec4 _VSPS_ProjBinormal;\nout vec4 _VSPS_ProjTangent;\nout vec4 _VSPS_PosP;\nout vec4 _VSPS_Color;\nVS_Output _main(VS_Input Input)\n{\n    VS_Output Output = VS_Output(vec4(0.0), vec2(0.0), vec4(0.0), vec4(0.0), vec4(0.0), vec4(0.0));\n    vec4 worldNormal = vec4((Input.Normal.xyz - vec3(0.5)) * 2.0, 0.0);\n    vec4 worldTangent = vec4((Input.Tangent.xyz - vec3(0.5)) * 2.0, 0.0);\n    vec4 worldBinormal = vec4(cross(worldNormal.xyz, worldTangent.xyz), 0.0);\n    vec4 worldPos = vec4(Input.Pos.x, Input.Pos.y, Input.Pos.z, 1.0);\n    Output.PosVS = mCameraProj * worldPos;\n    Output.Color = Input.Color;\n    vec2 uv1 = Input.UV1;\n    uv1.y = mUVInversed.x + (mUVInversed.y * uv1.y);\n    Output.UV = uv1;\n    Output.ProjTangent = mCameraProj * (worldPos + worldTangent);\n    Output.ProjBinormal = mCameraProj * (worldPos + worldBinormal);\n    Output.PosP = Output.PosVS;\n    return Output;\n}\nvec4 vert()\n{\n    VS_Input Input;\n    Input.Pos = Input_Pos;\n    Input.Color = Input_Color;\n    Input.Normal = Input_Normal;\n    Input.Tangent = Input_Tangent;\n    Input.UV1 = Input_UV1;\n    Input.UV2 = Input_UV2;\n    VS_Output flattenTemp = _main(Input);\n    _VSPS_UV = flattenTemp.UV;\n    _VSPS_ProjBinormal = flattenTemp.ProjBinormal;\n    _VSPS_ProjTangent = flattenTemp.ProjTangent;\n    _VSPS_PosP = flattenTemp.PosP;\n    _VSPS_Color = flattenTemp.Color;\n    return flattenTemp.PosVS;\n}\nvoid main() { gl_Position = vert(); }",
        "frag": "\nprecision highp float;\nstruct PS_Input\n{\n    vec4 PosVS;\n    vec2 UV;\n    vec4 ProjBinormal;\n    vec4 ProjTangent;\n    vec4 PosP;\n    vec4 Color;\n};\nlayout(std140) uniform PS_ConstanBuffer\n{\n    vec4 g_scale;\n    vec4 mUVInversedBack;\n    vec4 fFlipbookParameter;\n    vec4 fUVDistortionParameter;\n    vec4 fBlendTextureParameter;\n    vec4 softParticleParam;\n    vec4 reconstructionParam1;\n    vec4 reconstructionParam2;\n};\nuniform sampler2D Sampler_sampler_colorTex;\nuniform sampler2D Sampler_sampler_backTex;\nin vec2 _VSPS_UV;\nin vec4 _VSPS_ProjBinormal;\nin vec4 _VSPS_ProjTangent;\nin vec4 _VSPS_PosP;\nin vec4 _VSPS_Color;\nvec4 _main(PS_Input Input)\n{\n    vec4 Output = texture(Sampler_sampler_colorTex, Input.UV);\n    Output.w *= Input.Color.w;\n    vec2 pos = Input.PosP.xy / vec2(Input.PosP.w);\n    vec2 posR = Input.ProjTangent.xy / vec2(Input.ProjTangent.w);\n    vec2 posU = Input.ProjBinormal.xy / vec2(Input.ProjBinormal.w);\n    float xscale = (((Output.x * 2.0) - 1.0) * Input.Color.x) * g_scale.x;\n    float yscale = (((Output.y * 2.0) - 1.0) * Input.Color.y) * g_scale.x;\n    vec2 uv = (pos + ((posR - pos) * xscale)) + ((posU - pos) * yscale);\n    uv.x = (uv.x + 1.0) * 0.5;\n    uv.y = 1.0 - ((uv.y + 1.0) * 0.5);\n    uv.y = mUVInversedBack.x + (mUVInversedBack.y * uv.y);\n    uv.y = 1.0 - uv.y;\n    vec3 color = vec3(texture(Sampler_sampler_backTex, uv).xyz);\n    Output = vec4(color.x, color.y, color.z, Output.w);\n    if (Output.w == 0.0)\n    {\n        discard;\n    }\n    return Output;\n}\nvec4 frag()\n{\n    PS_Input Input;\n    Input.PosVS = gl_FragCoord;\n    Input.UV = _VSPS_UV;\n    Input.ProjBinormal = _VSPS_ProjBinormal;\n    Input.ProjTangent = _VSPS_ProjTangent;\n    Input.PosP = _VSPS_PosP;\n    Input.Color = _VSPS_Color;\n    return _main(Input);\n}\nlayout(location = 0) out vec4 cc_FragColor;\nvoid main() { cc_FragColor = frag(); }"
      },
      "glsl1": {
        "vert": "\nprecision highp float;\nstruct VS_Input\n{\n    vec3 Pos;\n    vec4 Color;\n    vec3 Normal;\n    vec3 Tangent;\n    vec2 UV1;\n    vec2 UV2;\n};\nstruct VS_Output\n{\n    vec4 PosVS;\n    vec2 UV;\n    vec4 ProjBinormal;\n    vec4 ProjTangent;\n    vec4 PosP;\n    vec4 Color;\n};\n   uniform mat4 mCameraProj;\n   uniform vec4 mUVInversed;\nattribute vec3 Input_Pos;\nattribute vec4 Input_Color;\nattribute vec3 Input_Normal;\nattribute vec3 Input_Tangent;\nattribute vec2 Input_UV1;\nattribute vec2 Input_UV2;\nvarying vec2 _VSPS_UV;\nvarying vec4 _VSPS_ProjBinormal;\nvarying vec4 _VSPS_ProjTangent;\nvarying vec4 _VSPS_PosP;\nvarying vec4 _VSPS_Color;\nVS_Output _main(VS_Input Input)\n{\n    VS_Output Output = VS_Output(vec4(0.0), vec2(0.0), vec4(0.0), vec4(0.0), vec4(0.0), vec4(0.0));\n    vec4 worldNormal = vec4((Input.Normal.xyz - vec3(0.5)) * 2.0, 0.0);\n    vec4 worldTangent = vec4((Input.Tangent.xyz - vec3(0.5)) * 2.0, 0.0);\n    vec4 worldBinormal = vec4(cross(worldNormal.xyz, worldTangent.xyz), 0.0);\n    vec4 worldPos = vec4(Input.Pos.x, Input.Pos.y, Input.Pos.z, 1.0);\n    Output.PosVS = mCameraProj * worldPos;\n    Output.Color = Input.Color;\n    vec2 uv1 = Input.UV1;\n    uv1.y = mUVInversed.x + (mUVInversed.y * uv1.y);\n    Output.UV = uv1;\n    Output.ProjTangent = mCameraProj * (worldPos + worldTangent);\n    Output.ProjBinormal = mCameraProj * (worldPos + worldBinormal);\n    Output.PosP = Output.PosVS;\n    return Output;\n}\nvec4 vert()\n{\n    VS_Input Input;\n    Input.Pos = Input_Pos;\n    Input.Color = Input_Color;\n    Input.Normal = Input_Normal;\n    Input.Tangent = Input_Tangent;\n    Input.UV1 = Input_UV1;\n    Input.UV2 = Input_UV2;\n    VS_Output flattenTemp = _main(Input);\n    _VSPS_UV = flattenTemp.UV;\n    _VSPS_ProjBinormal = flattenTemp.ProjBinormal;\n    _VSPS_ProjTangent = flattenTemp.ProjTangent;\n    _VSPS_PosP = flattenTemp.PosP;\n    _VSPS_Color = flattenTemp.Color;\n    return flattenTemp.PosVS;\n}\nvoid main() { gl_Position = vert(); }",
        "frag": "\nprecision highp float;\nstruct PS_Input\n{\n    vec4 PosVS;\n    vec2 UV;\n    vec4 ProjBinormal;\n    vec4 ProjTangent;\n    vec4 PosP;\n    vec4 Color;\n};\n   uniform vec4 g_scale;\n   uniform vec4 mUVInversedBack;\nuniform sampler2D Sampler_sampler_colorTex;\nuniform sampler2D Sampler_sampler_backTex;\nvarying vec2 _VSPS_UV;\nvarying vec4 _VSPS_ProjBinormal;\nvarying vec4 _VSPS_ProjTangent;\nvarying vec4 _VSPS_PosP;\nvarying vec4 _VSPS_Color;\nvec4 _main(PS_Input Input)\n{\n    vec4 Output = texture2D(Sampler_sampler_colorTex, Input.UV);\n    Output.w *= Input.Color.w;\n    vec2 pos = Input.PosP.xy / vec2(Input.PosP.w);\n    vec2 posR = Input.ProjTangent.xy / vec2(Input.ProjTangent.w);\n    vec2 posU = Input.ProjBinormal.xy / vec2(Input.ProjBinormal.w);\n    float xscale = (((Output.x * 2.0) - 1.0) * Input.Color.x) * g_scale.x;\n    float yscale = (((Output.y * 2.0) - 1.0) * Input.Color.y) * g_scale.x;\n    vec2 uv = (pos + ((posR - pos) * xscale)) + ((posU - pos) * yscale);\n    uv.x = (uv.x + 1.0) * 0.5;\n    uv.y = 1.0 - ((uv.y + 1.0) * 0.5);\n    uv.y = mUVInversedBack.x + (mUVInversedBack.y * uv.y);\n    uv.y = 1.0 - uv.y;\n    vec3 color = vec3(texture2D(Sampler_sampler_backTex, uv).xyz);\n    Output = vec4(color.x, color.y, color.z, Output.w);\n    if (Output.w == 0.0)\n    {\n        discard;\n    }\n    return Output;\n}\nvec4 frag()\n{\n    PS_Input Input;\n    Input.PosVS = gl_FragCoord;\n    Input.UV = _VSPS_UV;\n    Input.ProjBinormal = _VSPS_ProjBinormal;\n    Input.ProjTangent = _VSPS_ProjTangent;\n    Input.PosP = _VSPS_PosP;\n    Input.Color = _VSPS_Color;\n    return _main(Input);\n}\nvoid main() { gl_FragColor = frag(); }"
      },
      "builtins": {
        "globals": {
          "blocks": [],
          "samplerTextures": [],
          "buffers": [],
          "images": []
        },
        "locals": {
          "blocks": [],
          "samplerTextures": [],
          "buffers": [],
          "images": []
        },
        "statistics": {
          "CC_EFFECT_USED_VERTEX_UNIFORM_VECTORS": 10,
          "CC_EFFECT_USED_FRAGMENT_UNIFORM_VECTORS": 8
        }
      },
      "defines": [],
      "name": "../material/sprite/efk_sprite_distortion|sprite_distortion_vs:vert|model_distortion_ps:frag"
    }
  ],
  "combinations": [],
  "hideInEditor": false
}