{
"skeleton": { "hash": "GNeaPxYRvrKChRI+APdxuukQw/Q", "spine": "3.8.99", "x": -2050, "y": -187, "width": 900, "height": 444.5 },
"bones": [
	{ "name": "root" },
	{ "name": "Actor", "parent": "root", "x": -1600 },
	{ "name": "Main", "parent": "Actor", "y": 28 },
	{ "name": "HP_NUM1", "parent": "Main", "y": -25 },
	{ "name": "HP_TEXT1", "parent": "Main", "y": 186 },
	{ "name": "HP_TEXT2", "parent": "Main", "y": 80 },
	{ "name": "HP_TEXT3", "parent": "Main", "y": -135 },
	{ "name": "HP_NUM2", "parent": "HP_TEXT3", "x": -120 }
],
"slots": [
	{ "name": "FG_Compliment/Panel", "bone": "Main", "attachment": "FG_Compliment/Panel" },
	{ "name": "HP_NUM_BACKGROUND", "bone": "HP_NUM1", "color": "ffffff00", "attachment": "FG_Compliment/Num_Background" },
	{ "name": "HP_TEXT1", "bone": "HP_TEXT1", "color": "ffffff00" },
	{ "name": "HP_TEXT2", "bone": "HP_TEXT2", "color": "ffffff00" },
	{ "name": "HP_NUM1", "bone": "HP_NUM1", "color": "ffffff00", "attachment": "FG_Compliment/_FNT_FG_Compliment_Num_1" },
	{ "name": "HP_TEXT3", "bone": "HP_TEXT3", "color": "ffffff00", "attachment": "FG_Compliment/FG_Compliment_Text_3" },
	{ "name": "HP_TEXT4", "bone": "HP_TEXT3", "color": "ffffff00", "attachment": "FG_Compliment/FG_Compliment_Text_4" },
	{ "name": "HP_NUM2", "bone": "HP_NUM2", "color": "ffffff00" },
	{ "name": "FG_Compliment/_Misc", "bone": "HP_TEXT3", "attachment": "FG_Compliment/_Misc" }
],
"skins": [
	{
		"name": "default",
		"attachments": {
			"FG_Compliment/Panel": {
				"FG_Compliment/Panel": { "width": 900, "height": 430 }
			},
			"FG_Compliment/_Misc": {
				"FG_Compliment/_Misc": { "x": 250, "width": 10, "height": 10 }
			},
			"HP_NUM1": {
				"FG_Compliment/_FNT_FG_Compliment_Num_1": { "width": 696, "height": 101 }
			},
			"HP_NUM_BACKGROUND": {
				"FG_Compliment/Num_Background": { "y": 7, "width": 477, "height": 122 }
			},
			"HP_TEXT3": {
				"FG_Compliment/FG_Compliment_Text_3": { "x": -200, "width": 52, "height": 46 }
			},
			"HP_TEXT4": {
				"FG_Compliment/FG_Compliment_Text_4": { "x": 80, "width": 281, "height": 47 }
			}
		}
	}
],
"events": {
	"ScoreStop": {}
},
"animations": {
	"End": {
		"slots": {
			"FG_Compliment/Panel": {
				"color": [
					{ "time": 0.3333, "color": "ffffffff", "curve": 0.25, "c3": 0.75 },
					{ "time": 0.6667, "color": "ffffff00" }
				]
			},
			"HP_NUM1": {
				"color": [
					{ "color": "ffffffff", "curve": "stepped" },
					{ "time": 0.1667, "color": "ffffffff" },
					{ "time": 0.4333, "color": "ffffff00" }
				]
			},
			"HP_NUM2": {
				"color": [
					{ "color": "ffffffff", "curve": "stepped" },
					{ "time": 0.1667, "color": "ffffffff" },
					{ "time": 0.4333, "color": "ffffff00" }
				]
			},
			"HP_NUM_BACKGROUND": {
				"color": [
					{ "color": "ffffffff", "curve": "stepped" },
					{ "time": 0.1667, "color": "ffffffff" },
					{ "time": 0.4333, "color": "ffffff00" }
				]
			},
			"HP_TEXT1": {
				"color": [
					{ "color": "ffffffff", "curve": "stepped" },
					{ "time": 0.1667, "color": "ffffffff" },
					{ "time": 0.4333, "color": "ffffff00" }
				]
			},
			"HP_TEXT2": {
				"color": [
					{ "color": "ffffffff", "curve": "stepped" },
					{ "time": 0.1667, "color": "ffffffff" },
					{ "time": 0.4333, "color": "ffffff00" }
				]
			},
			"HP_TEXT3": {
				"color": [
					{ "color": "ffffffff", "curve": "stepped" },
					{ "time": 0.1667, "color": "ffffffff" },
					{ "time": 0.4333, "color": "ffffff00" }
				]
			},
			"HP_TEXT4": {
				"color": [
					{ "color": "ffffffff", "curve": "stepped" },
					{ "time": 0.1667, "color": "ffffffff" },
					{ "time": 0.4333, "color": "ffffff00" }
				]
			}
		},
		"bones": {
			"Main": {
				"translate": [
					{ "x": 1600 }
				],
				"scale": [
					{ "curve": 0.121, "c2": 0.12, "c3": 0.75 },
					{ "time": 0.1667, "x": 0.9, "y": 0.9, "curve": 0.25, "c3": 0.823, "c4": 0.84 },
					{ "time": 0.6667, "x": 1.7, "y": 1.7 }
				]
			}
		}
	},
	"Loop": {
		"slots": {
			"HP_NUM1": {
				"color": [
					{ "color": "ffffffff" }
				]
			},
			"HP_NUM2": {
				"color": [
					{ "color": "ffffffff" }
				]
			},
			"HP_NUM_BACKGROUND": {
				"color": [
					{ "color": "ffffffff" }
				]
			},
			"HP_TEXT1": {
				"color": [
					{ "color": "ffffffff" }
				]
			},
			"HP_TEXT2": {
				"color": [
					{ "color": "ffffffff" }
				]
			},
			"HP_TEXT3": {
				"color": [
					{ "color": "ffffffff" }
				]
			},
			"HP_TEXT4": {
				"color": [
					{ "color": "ffffffff" }
				]
			}
		},
		"bones": {
			"Main": {
				"translate": [
					{ "x": 1600 }
				],
				"scale": [
					{ "curve": 0.25, "c3": 0.75 },
					{ "time": 1, "x": 1.03, "y": 1.03, "curve": 0.25, "c3": 0.75 },
					{ "time": 2.3333 }
				]
			}
		}
	},
	"SetSlotTexture": {
		"slots": {
			"HP_NUM1": {
				"color": [
					{ "color": "ffffffff" }
				]
			},
			"HP_NUM2": {
				"color": [
					{ "color": "ffffffff" }
				]
			},
			"HP_NUM_BACKGROUND": {
				"color": [
					{ "color": "ffffffff" }
				]
			},
			"HP_TEXT1": {
				"color": [
					{ "color": "ffffff5c" },
					{ "time": 1, "color": "ffffffff" },
					{ "time": 2.3333, "color": "ffffff5c" }
				]
			},
			"HP_TEXT2": {
				"color": [
					{ "color": "ffffff5c" },
					{ "time": 1, "color": "ffffffff" },
					{ "time": 2.3333, "color": "ffffff5c" }
				]
			},
			"HP_TEXT3": {
				"color": [
					{ "color": "ffffffff" }
				]
			},
			"HP_TEXT4": {
				"color": [
					{ "color": "ffffffff" }
				]
			}
		},
		"bones": {
			"Main": {
				"translate": [
					{ "x": 1600 }
				],
				"scale": [
					{ "curve": 0.25, "c3": 0.75 },
					{ "time": 1, "x": 1.1, "y": 1.1, "curve": 0.25, "c3": 0.75 },
					{ "time": 2.3333 }
				]
			},
			"HP_TEXT1": {
				"rotate": [
					{},
					{ "time": 1, "angle": 10 },
					{ "time": 2.3333 }
				],
				"translate": [
					{},
					{ "time": 1, "y": 44.78 },
					{ "time": 2.3333 }
				]
			},
			"HP_TEXT2": {
				"rotate": [
					{},
					{ "time": 1, "angle": 10 },
					{ "time": 2.3333 }
				],
				"translate": [
					{},
					{ "time": 1, "y": -51.67 },
					{ "time": 2.3333 }
				]
			}
		}
	},
	"Start": {
		"slots": {
			"HP_NUM1": {
				"color": [
					{ "color": "ffffff00" },
					{ "time": 0.0833, "color": "ffffffff" }
				]
			},
			"HP_NUM2": {
				"color": [
					{ "color": "ffffff00" },
					{ "time": 0.0833, "color": "ffffffff" }
				]
			},
			"HP_NUM_BACKGROUND": {
				"color": [
					{ "color": "ffffff00" },
					{ "time": 0.0833, "color": "ffffffff" }
				]
			},
			"HP_TEXT1": {
				"color": [
					{ "color": "ffffff00" },
					{ "time": 0.0833, "color": "ffffffff" }
				]
			},
			"HP_TEXT2": {
				"color": [
					{ "color": "ffffff00" },
					{ "time": 0.0833, "color": "ffffffff" }
				]
			},
			"HP_TEXT3": {
				"color": [
					{ "color": "ffffff00" },
					{ "time": 0.0833, "color": "ffffffff" }
				]
			},
			"HP_TEXT4": {
				"color": [
					{ "color": "ffffff00" },
					{ "time": 0.0833, "color": "ffffffff" }
				]
			}
		},
		"bones": {
			"Main": {
				"scale": [
					{ "x": 0.01, "y": 0.01 },
					{ "time": 0.0167, "x": 0.5, "y": 0.5 },
					{ "time": 0.1667, "x": 0.9, "y": 0.9 },
					{ "time": 4 },
					{ "time": 4.0333, "x": 0.9, "y": 0.9 },
					{ "time": 4.1, "x": 1.15, "y": 1.15 },
					{ "time": 4.1833, "x": 1.2, "y": 1.2 },
					{ "time": 4.3333, "x": 0.95, "y": 0.95 },
					{ "time": 4.5333, "x": 1.01, "y": 1.01 },
					{ "time": 4.6667 }
				]
			},
			"Actor": {
				"translate": [
					{ "x": 1600 }
				]
			}
		},
		"events": [
			{ "time": 4, "name": "ScoreStop" }
		]
	}
}
}