{
  "__version__": "1.3.7",
  "log": {
    "level": 4
  },
  "common": {
    "polyfills": {
      "asyncFunctions": true
    },
    "buildPath": "project://build",
    "outputName": "ios",
    "mainBundleCompressionType": "merge_dep",
    "platform": "ios",
    "debug": true,
    "skipCompressTexture": true,
    "md5Cache": true,
    "scenes": [
      {
        "url": "db://assets/scene-001.scene",
        "uuid": "f24e52f1-e2e8-4296-bcbe-5a11f33212ba"
      },
      {
        "url": "db://assets/bundleB/sceneB.scene",
        "uuid": "9d8a7a6b-c90e-416e-b292-0631897642bf",
        "bundle": "db://assets/bundleB"
      },
      {
        "url": "db://assets/bundleB/sceneB2.scene",
        "uuid": "9ae0fc7a-3837-43ed-8bd6-8bbc980755c7",
        "bundle": "db://assets/bundleB"
      },
      {
        "url": "db://assets/bundleC/sceneC.scene",
        "uuid": "bb537f86-66fd-4bdc-a509-6e10eb3d3926",
        "bundle": "db://assets/bundleC"
      }
    ],
    "startScene": "f24e52f1-e2e8-4296-bcbe-5a11f33212ba",
    "sourceMaps": false
  },
  "BuildTaskManager": {
    "taskMap": {
      "1708605958036": {
        "type": "build",
        "id": "1708605958036",
        "progress": 1,
        "state": "success",
        "stage": "build",
        "message": "2024-2-26 14:29:40 build success in 48982 ms!",
        "options": {
          "name": "NewProject_6",
          "server": "",
          "platform": "web-mobile",
          "buildPath": "project://build",
          "debug": true,
          "md5Cache": true,
          "skipCompressTexture": true,
          "sourceMaps": false,
          "polyfills": {
            "asyncFunctions": true
          },
          "experimentalEraseModules": false,
          "startSceneAssetBundle": false,
          "bundleConfigs": [],
          "useBuiltinServer": false,
          "mainBundleIsRemote": false,
          "mainBundleCompressionType": "merge_dep",
          "useSplashScreen": true,
          "bundleCommonChunk": false,
          "packAutoAtlas": true,
          "startScene": "7f9ed6c4-ec6c-4262-9051-f32caa01346c",
          "outputName": "web-mobile",
          "taskName": "web-mobile",
          "scenes": [
            {
              "url": "db://assets/sceneA.scene",
              "uuid": "7f9ed6c4-ec6c-4262-9051-f32caa01346c"
            },
            {
              "url": "db://assets/bundleB/sceneB.scene",
              "uuid": "9d8a7a6b-c90e-416e-b292-0631897642bf",
              "bundle": "db://assets/bundleB"
            },
            {
              "url": "db://assets/bundleB/sceneB2.scene",
              "uuid": "9ae0fc7a-3837-43ed-8bd6-8bbc980755c7",
              "bundle": "db://assets/bundleB"
            },
            {
              "url": "db://assets/bundleC/sceneC.scene",
              "uuid": "bb537f86-66fd-4bdc-a509-6e10eb3d3926",
              "bundle": "db://assets/bundleC"
            }
          ],
          "packages": {},
          "__version__": "1.3.7",
          "buildMode": "normal",
          "logDest": "project://temp/builder/log/web-mobile2-22-2024 20-45.log"
        },
        "time": "2-26-2024 14:28:51",
        "dirty": false
      },
      "1709719741525": {
        "type": "build",
        "id": "1709719741525",
        "progress": 1,
        "state": "success",
        "stage": "build",
        "message": "2024-3-6 18:19:37 build success in 39700 ms!",
        "options": {
          "name": "NewProject_6",
          "server": "",
          "platform": "ios",
          "buildPath": "project://build",
          "debug": true,
          "md5Cache": true,
          "skipCompressTexture": true,
          "sourceMaps": false,
          "polyfills": {
            "asyncFunctions": false
          },
          "experimentalEraseModules": false,
          "startSceneAssetBundle": false,
          "bundleConfigs": [],
          "useBuiltinServer": false,
          "mainBundleIsRemote": false,
          "mainBundleCompressionType": "merge_dep",
          "useSplashScreen": true,
          "bundleCommonChunk": false,
          "packAutoAtlas": true,
          "startScene": "f24e52f1-e2e8-4296-bcbe-5a11f33212ba",
          "outputName": "ios",
          "taskName": "ios",
          "scenes": [
            {
              "url": "db://assets/scene-001.scene",
              "uuid": "f24e52f1-e2e8-4296-bcbe-5a11f33212ba"
            },
            {
              "url": "db://assets/bundleB/sceneB.scene",
              "uuid": "9d8a7a6b-c90e-416e-b292-0631897642bf",
              "bundle": "db://assets/bundleB"
            },
            {
              "url": "db://assets/bundleB/sceneB2.scene",
              "uuid": "9ae0fc7a-3837-43ed-8bd6-8bbc980755c7",
              "bundle": "db://assets/bundleB"
            },
            {
              "url": "db://assets/bundleC/sceneC.scene",
              "uuid": "bb537f86-66fd-4bdc-a509-6e10eb3d3926",
              "bundle": "db://assets/bundleC"
            }
          ],
          "packages": {},
          "__version__": "1.3.7",
          "buildMode": "normal",
          "logDest": "project://temp/builder/log/ios3-6-2024 18-09.log"
        },
        "time": "3-6-2024 18:18:57",
        "dirty": false
      }
    }
  }
}
