{
  "__version__": "3.0.7",
  "builder": {
    "options": {
      "web-desktop": {
        "configID": "0cb927",
        "services": []
      },
      "web-mobile": {
        "configID": "0cb927",
        "services": []
      },
      "ios": {
        "configID": "0cb927",
        "services": []
      }
    },
    "taskOptionsMap": {
      "1708605958036": {
        "configID": "0cb927",
        "services": []
      },
      "1708606028324": {
        "configID": "0cb927",
        "services": []
      },
      "1709719741525": {
        "configID": "0cb927",
        "services": [],
        "__version__": "3.0.7"
      }
    },
    "__version__": "1.3.7"
  },
  "builder-options": {
    "configID": "0cb927",
    "services": [],
    "__version__": "3.0.7"
  }
}
