{
  "__version__": "1.0.1",
  "builder": {
    "common": {
      "buildPath": "project://build",
      "outputName": "ios",
      "mainBundleCompressionType": "merge_dep",
      "platform": "ios",
      "md5Cache": true,
      "debug": true,
      "skipCompressTexture": true,
      "scenes": [
        {
          "url": "db://assets/scene-001.scene",
          "uuid": "f24e52f1-e2e8-4296-bcbe-5a11f33212ba"
        },
        {
          "url": "db://assets/bundleB/sceneB.scene",
          "uuid": "9d8a7a6b-c90e-416e-b292-0631897642bf",
          "bundle": "db://assets/bundleB"
        },
        {
          "url": "db://assets/bundleB/sceneB2.scene",
          "uuid": "9ae0fc7a-3837-43ed-8bd6-8bbc980755c7",
          "bundle": "db://assets/bundleB"
        },
        {
          "url": "db://assets/bundleC/sceneC.scene",
          "uuid": "bb537f86-66fd-4bdc-a509-6e10eb3d3926",
          "bundle": "db://assets/bundleC"
        }
      ],
      "startScene": "f24e52f1-e2e8-4296-bcbe-5a11f33212ba",
      "sourceMaps": false
    },
    "options": {
      "ios": {
        "executableName": "",
        "packageName": "com.igs.cmj",
        "renderBackEnd": {
          "metal": true
        },
        "skipUpdateXcodeProject": false,
        "orientation": {
          "portrait": false,
          "upsideDown": false,
          "landscapeRight": true,
          "landscapeLeft": true
        },
        "osTarget": {
          "iphoneos": true,
          "simulator": false
        },
        "targetVersion": "12.0",
        "__version__": "1.0.1",
        "developerTeam": "VNA26XS9HF"
      }
    },
    "taskOptionsMap": {
      "1708606028324": {
        "executableName": "",
        "packageName": "com.igs.cmj",
        "renderBackEnd": {
          "metal": true
        },
        "skipUpdateXcodeProject": false,
        "orientation": {
          "portrait": false,
          "upsideDown": false,
          "landscapeRight": true,
          "landscapeLeft": true
        },
        "osTarget": {
          "iphoneos": false,
          "simulator": true
        },
        "targetVersion": "12.0",
        "__version__": "1.0.1",
        "developerTeam": "VNA26XS9HF"
      },
      "1709719741525": {
        "executableName": "",
        "packageName": "com.igs.cmj",
        "renderBackEnd": {
          "metal": true
        },
        "skipUpdateXcodeProject": false,
        "orientation": {
          "portrait": false,
          "upsideDown": false,
          "landscapeRight": true,
          "landscapeLeft": true
        },
        "osTarget": {
          "iphoneos": true,
          "simulator": false
        },
        "targetVersion": "12.0",
        "__version__": "1.0.1",
        "developerTeam": "VNA26XS9HF"
      }
    },
    "__version__": "1.3.7"
  }
}
