{
  "__version__": "1.0.0",
  "builder": {
    "taskOptionsMap": {},
    "__version__": "1.3.7"
  },
  "gizmos-infos": {
    "is2D": false,
    "is3DIcon": false,
    "iconSize": 2,
    "gridVisible": true,
    "gridColor": [
      166,
      166,
      166,
      255
    ],
    "transformToolName": "position",
    "pivot": "pivot",
    "coordinate": "local",
    "toolsVisibility3d": true
  },
  "snap-configs": {
    "position": {
      "x": 1,
      "y": 1,
      "z": 1
    },
    "rotation": 1,
    "scale": 1,
    "isPositionSnapEnabled": false,
    "isRotationSnapEnabled": false,
    "isScaleSnapEnabled": false
  },
  "rect-snap-configs": {
    "enableSnapping": true,
    "snapThreshold": 4
  },
  "": {
    "sculpt_brush_rotate": 0
  },
  "float-window": {
    "position": {
      "cc": {
        "Camera": {
          "dock": false,
          "top": null,
          "bottom": 10,
          "left": null,
          "right": 10
        }
      }
    }
  },
  "camera-infos": {
    "7f9ed6c4-ec6c-4262-9051-f32caa01346c": {
      "position": {
        "x": 5196.152422706633,
        "y": 5196.152422706632,
        "z": 5196.15242270663
      },
      "rotation": {
        "x": -0.27984814233312133,
        "y": 0.3647051996310009,
        "z": 0.11591689595929512,
        "w": 0.8804762392171493
      },
      "viewCenter": {
        "x": 0,
        "y": 0,
        "z": 0
      },
      "contentRect": {
        "x": 0,
        "y": 0,
        "width": 300,
        "height": 150
      },
      "scale": 1
    },
    "8cd1ad20-e90c-4073-8b06-df228de0149c": {
      "position": {
        "x": 0.03188617489649914,
        "y": 0.03188617489649914,
        "z": 0.03188617489649914
      },
      "rotation": {
        "x": -0.27984814233312133,
        "y": 0.3647051996310009,
        "z": 0.11591689595929512,
        "w": 0.8804762392171493
      },
      "viewCenter": {
        "x": 0,
        "y": 0,
        "z": 0
      },
      "contentRect": {
        "x": 420.8418169332187,
        "y": 115.09968466810936,
        "width": 300,
        "height": 150
      },
      "scale": 0.20589775431689297
    },
    "b81a170b-b383-4632-a6df-bbb935dd3bf6": {
      "position": {
        "x": 962.8803200484576,
        "y": 576.144141746175,
        "z": 5000
      },
      "rotation": {
        "x": 0,
        "y": 0,
        "z": 0,
        "w": 1
      },
      "viewCenter": {
        "x": 681.1927248699458,
        "y": 342.97507379465003,
        "z": -30.567410886934105
      },
      "contentRect": {
        "x": 962.8803200484576,
        "y": 576.144141746175,
        "width": 0,
        "height": 0
      },
      "scale": 1.6471820345351451
    },
    "d78c917a-85b3-4f2a-a9c6-4ebef04d8a24": {
      "position": {
        "x": 640,
        "y": 360,
        "z": 5000
      },
      "rotation": {
        "x": 0,
        "y": 0,
        "z": 0,
        "w": 1
      },
      "viewCenter": {
        "x": 681.1927248699458,
        "y": 342.97507379465003,
        "z": -30.567410886934105
      },
      "contentRect": {
        "x": 640,
        "y": 360,
        "width": 100,
        "height": 100
      },
      "scale": 1
    },
    "60c4aad2-776f-403a-acd4-bbf1d00c44e4": {
      "position": {
        "x": 1370.1666666666665,
        "y": 792.30303030303,
        "z": 5000
      },
      "rotation": {
        "x": 0,
        "y": 0,
        "z": 0,
        "w": 1
      },
      "viewCenter": {
        "x": 681.1927248699458,
        "y": 342.97507379465003,
        "z": -30.567410886934105
      },
      "contentRect": {
        "x": 1370.1666666666667,
        "y": 792.3030303030303,
        "width": 695.9117647058823,
        "height": 330
      },
      "scale": 0.9705882352941176
    },
    "1c2673a3-1dca-430c-8d88-dbbe5605e928": {
      "position": {
        "x": -2720.447984111917,
        "y": -1839.0052879902323,
        "z": 5000
      },
      "rotation": {
        "x": 0,
        "y": 0,
        "z": 0,
        "w": 1
      },
      "viewCenter": {
        "x": 681.1927248699458,
        "y": 342.97507379465003,
        "z": -30.567410886934105
      },
      "contentRect": {
        "x": -2720.4479841119164,
        "y": -1839.0052879902323,
        "width": 0,
        "height": 0
      },
      "scale": 0.1476240826786912
    },
    "9d8a7a6b-c90e-416e-b292-0631897642bf": {
      "position": {
        "x": 3093.15531253478,
        "y": 1335.471827257388,
        "z": 5000
      },
      "rotation": {
        "x": 0,
        "y": 0,
        "z": 0,
        "w": 1
      },
      "viewCenter": {
        "x": 0,
        "y": 0,
        "z": 0
      },
      "contentRect": {
        "x": -693.0289485060083,
        "y": -290.2835270815957,
        "width": 847.7112299465241,
        "height": 364
      },
      "scale": 0.11194796284340053
    },
    "f46876e4-e81b-4931-b493-6d367be385e7": {
      "position": {
        "x": 0,
        "y": 0,
        "z": 5000
      },
      "rotation": {
        "x": 0,
        "y": 0,
        "z": 0,
        "w": 1
      },
      "viewCenter": {
        "x": 0,
        "y": 0,
        "z": 0
      },
      "contentRect": {
        "x": 0,
        "y": 0,
        "width": 0,
        "height": 0
      },
      "scale": 1
    },
    "f24e52f1-e2e8-4296-bcbe-5a11f33212ba": {
      "position": {
        "x": 1011.8717857571213,
        "y": 348.23374598322147,
        "z": 598.3325018324057
      },
      "rotation": {
        "x": -0.016240547084948292,
        "y": 0.37199741120683666,
        "z": 0.006509691018305272,
        "w": 0.9280688522995691
      },
      "viewCenter": {
        "x": 758.4265165040316,
        "y": 335.3872533279724,
        "z": 332.97574028215064
      },
      "contentRect": {
        "x": -40.75,
        "y": -75.75,
        "width": 1280,
        "height": 720
      },
      "scale": 1
    }
  },
  "camera-uuids": [
    "7f9ed6c4-ec6c-4262-9051-f32caa01346c",
    "8cd1ad20-e90c-4073-8b06-df228de0149c",
    "b81a170b-b383-4632-a6df-bbb935dd3bf6",
    "d78c917a-85b3-4f2a-a9c6-4ebef04d8a24",
    "60c4aad2-776f-403a-acd4-bbf1d00c44e4",
    "1c2673a3-1dca-430c-8d88-dbbe5605e928",
    "9d8a7a6b-c90e-416e-b292-0631897642bf",
    "f46876e4-e81b-4931-b493-6d367be385e7",
    "f24e52f1-e2e8-4296-bcbe-5a11f33212ba"
  ],
  "camera": {
    "color": [
      48,
      48,
      48,
      255
    ],
    "fov": 45,
    "far": 10000,
    "near": 0.01,
    "wheelSpeed": 0.01,
    "wanderSpeed": 10,
    "enableAcceleration": true,
    "size": "__default_design__",
    "far2D": 10000,
    "near2D": 1,
    "wheelSpeed2D": 6,
    "iso": 0,
    "aperture": 19,
    "shutter": 7
  }
}
