{
  "__version__": "1.0.1",
  "builder": {
    "common": {
      "polyfills": {
        "asyncFunctions": true
      },
      "buildPath": "project://build",
      "outputName": "web-mobile",
      "mainBundleCompressionType": "merge_dep",
      "platform": "web-mobile",
      "debug": true,
      "skipCompressTexture": true,
      "md5Cache": true
    },
    "taskOptionsMap": {
      "1708605958036": {
        "orientation": "auto",
        "embedWebDebugger": false,
        "cullEngineAsmJsModule": false,
        "__version__": "1.0.1"
      }
    },
    "__version__": "1.3.7"
  }
}
