{
  "imports": {
    "cce:/internal/x/cc": "./chunks/93/93ba276ea7b26ffcdc433fab14afc1ed6f05647b.js",
    "cce:/internal/x/prerequisite-imports": "./chunks/6d/6d8fd2b0177941b032ddc0733af48a561fb60657.js",
    "file:///D:/Test/VIP/XingXiang/20240515003/%E9%9C%80%E6%B1%8206/NewProject/extensions/effekseer/assets/framework/efk_camera.ts": "./chunks/33/33d9d81c0f475295793bab05eadbaf29a7e82604.js",
    "file:///D:/Test/VIP/XingXiang/20240515003/%E9%9C%80%E6%B1%8206/NewProject/extensions/effekseer/assets/framework/efk_component.ts": "./chunks/1a/1a09def6cd702109af303658e0fd4ed7673d0b9c.js",
    "file:///D:/Test/VIP/XingXiang/20240515003/%E9%9C%80%E6%B1%8206/NewProject/extensions/effekseer/assets/framework/efk_config.ts": "./chunks/1f/1ffedb63bdf153862ffb4871eac674c17e8f5973.js",
    "file:///D:/Test/VIP/XingXiang/20240515003/%E9%9C%80%E6%B1%8206/NewProject/extensions/effekseer/assets/framework/efk_material.ts": "./chunks/2d/2dcae76ac70b486647928f3779ef557ac48ddff4.js",
    "file:///D:/Test/VIP/XingXiang/20240515003/%E9%9C%80%E6%B1%8206/NewProject/extensions/effekseer/assets/framework/efk_model.ts": "./chunks/60/60bfa6c933913e4ab42b64747fb56a307826a6df.js",
    "file:///D:/Test/VIP/XingXiang/20240515003/%E9%9C%80%E6%B1%8206/NewProject/extensions/effekseer/assets/framework/efk_render.ts": "./chunks/06/06f15fcd72cbe44c13d0ea343a0ad1fd597b4e0d.js",
    "file:///D:/git/zhefeng-engine/editor/assets/tools/debug-view-runtime-control.ts": "./chunks/d2/d200d91708421cdc5a07c6925b8b702161793f06.js"
  },
  "scopes": {
    "./chunks/93/93ba276ea7b26ffcdc433fab14afc1ed6f05647b.js": {
      "__unresolved_0": "cce:/internal/x/cc-fu/base",
      "__unresolved_1": "cce:/internal/x/cc-fu/gfx-webgl",
      "__unresolved_10": "cce:/internal/x/cc-fu/particle",
      "__unresolved_11": "cce:/internal/x/cc-fu/particle-2d",
      "__unresolved_12": "cce:/internal/x/cc-fu/physics-framework",
      "__unresolved_13": "cce:/internal/x/cc-fu/physics-2d-framework",
      "__unresolved_14": "cce:/internal/x/cc-fu/physics-2d-box2d-wasm",
      "__unresolved_15": "cce:/internal/x/cc-fu/intersection-2d",
      "__unresolved_16": "cce:/internal/x/cc-fu/primitive",
      "__unresolved_17": "cce:/internal/x/cc-fu/profiler",
      "__unresolved_18": "cce:/internal/x/cc-fu/geometry-renderer",
      "__unresolved_19": "cce:/internal/x/cc-fu/audio",
      "__unresolved_2": "cce:/internal/x/cc-fu/gfx-webgl2",
      "__unresolved_20": "cce:/internal/x/cc-fu/video",
      "__unresolved_21": "cce:/internal/x/cc-fu/xr",
      "__unresolved_22": "cce:/internal/x/cc-fu/light-probe",
      "__unresolved_23": "cce:/internal/x/cc-fu/terrain",
      "__unresolved_24": "cce:/internal/x/cc-fu/webview",
      "__unresolved_25": "cce:/internal/x/cc-fu/tween",
      "__unresolved_26": "cce:/internal/x/cc-fu/tiled-map",
      "__unresolved_27": "cce:/internal/x/cc-fu/spine",
      "__unresolved_28": "cce:/internal/x/cc-fu/dragon-bones",
      "__unresolved_29": "cce:/internal/x/cc-fu/custom-pipeline",
      "__unresolved_3": "cce:/internal/x/cc-fu/gfx-empty",
      "__unresolved_4": "cce:/internal/x/cc-fu/3d",
      "__unresolved_5": "cce:/internal/x/cc-fu/animation",
      "__unresolved_6": "cce:/internal/x/cc-fu/skeletal-animation",
      "__unresolved_7": "cce:/internal/x/cc-fu/2d",
      "__unresolved_8": "cce:/internal/x/cc-fu/sorting",
      "__unresolved_9": "cce:/internal/x/cc-fu/ui"
    },
    "./chunks/6d/6d8fd2b0177941b032ddc0733af48a561fb60657.js": {
      "__unresolved_0": "./chunks/33/33d9d81c0f475295793bab05eadbaf29a7e82604.js",
      "__unresolved_1": "./chunks/1a/1a09def6cd702109af303658e0fd4ed7673d0b9c.js",
      "__unresolved_2": "./chunks/1f/1ffedb63bdf153862ffb4871eac674c17e8f5973.js",
      "__unresolved_3": "./chunks/2d/2dcae76ac70b486647928f3779ef557ac48ddff4.js",
      "__unresolved_4": "./chunks/60/60bfa6c933913e4ab42b64747fb56a307826a6df.js",
      "__unresolved_5": "./chunks/06/06f15fcd72cbe44c13d0ea343a0ad1fd597b4e0d.js",
      "__unresolved_6": "./chunks/d2/d200d91708421cdc5a07c6925b8b702161793f06.js"
    },
    "./chunks/d2/d200d91708421cdc5a07c6925b8b702161793f06.js": {
      "cc": "./chunks/93/93ba276ea7b26ffcdc433fab14afc1ed6f05647b.js"
    },
    "./chunks/06/06f15fcd72cbe44c13d0ea343a0ad1fd597b4e0d.js": {
      "__unresolved_0": "./chunks/6a/6a5019a719a9014c047e67aa1cf34453ab8392ce.js",
      "__unresolved_1": "./chunks/60/60bfa6c933913e4ab42b64747fb56a307826a6df.js",
      "__unresolved_2": "./chunks/2d/2dcae76ac70b486647928f3779ef557ac48ddff4.js",
      "cc": "./chunks/93/93ba276ea7b26ffcdc433fab14afc1ed6f05647b.js"
    },
    "./chunks/2d/2dcae76ac70b486647928f3779ef557ac48ddff4.js": {
      "cc": "./chunks/93/93ba276ea7b26ffcdc433fab14afc1ed6f05647b.js"
    },
    "./chunks/60/60bfa6c933913e4ab42b64747fb56a307826a6df.js": {
      "cc": "./chunks/93/93ba276ea7b26ffcdc433fab14afc1ed6f05647b.js"
    },
    "./chunks/1f/1ffedb63bdf153862ffb4871eac674c17e8f5973.js": {
      "__unresolved_0": "./chunks/6a/6a5019a719a9014c047e67aa1cf34453ab8392ce.js",
      "__unresolved_1": "./chunks/06/06f15fcd72cbe44c13d0ea343a0ad1fd597b4e0d.js",
      "cc": "./chunks/93/93ba276ea7b26ffcdc433fab14afc1ed6f05647b.js"
    },
    "./chunks/1a/1a09def6cd702109af303658e0fd4ed7673d0b9c.js": {
      "__unresolved_0": "./chunks/6a/6a5019a719a9014c047e67aa1cf34453ab8392ce.js",
      "__unresolved_1": "./chunks/06/06f15fcd72cbe44c13d0ea343a0ad1fd597b4e0d.js",
      "cc": "./chunks/93/93ba276ea7b26ffcdc433fab14afc1ed6f05647b.js"
    },
    "./chunks/33/33d9d81c0f475295793bab05eadbaf29a7e82604.js": {
      "__unresolved_0": "./chunks/6a/6a5019a719a9014c047e67aa1cf34453ab8392ce.js",
      "__unresolved_1": "./chunks/06/06f15fcd72cbe44c13d0ea343a0ad1fd597b4e0d.js",
      "cc": "./chunks/93/93ba276ea7b26ffcdc433fab14afc1ed6f05647b.js"
    }
  }
}
