{
  "__type__": "cc.EffectAsset",
  "_name": "../material/model/efk_model_ad_lit",
  "_objFlags": 0,
  "__editorExtras__": {},
  "_native": "",
  "techniques": [
    {
      "name": "opaque",
      "passes": [
        {
          "properties": null,
          "program": "../material/model/efk_model_ad_lit|ad_model_lit_vs:vert|ad_model_lit_ps:frag"
        }
      ]
    },
    {
      "name": "transparent",
      "passes": [
        {
          "blendState": {
            "targets": [
              {
                "blend": true,
                "blendSrc": 2,
                "blendDst": 4,
                "blendSrcAlpha": 2,
                "blendDstAlpha": 4
              }
            ]
          },
          "properties": null,
          "program": "../material/model/efk_model_ad_lit|ad_model_lit_vs:vert|ad_model_lit_ps:frag"
        }
      ]
    }
  ],
  "shaders": [
    {
      "blocks": [
        {
          "name": "VS_ConstantBuffer",
          "members": [
            {
              "name": "mCameraProj",
              "type": 25,
              "count": 1
            },
            {
              "name": "mModel",
              "type": 25,
              "count": 1
            },
            {
              "name": "fUV",
              "type": 16,
              "count": 1
            },
            {
              "name": "fAlphaUV",
              "type": 16,
              "count": 1
            },
            {
              "name": "fUVDistortionUV",
              "type": 16,
              "count": 1
            },
            {
              "name": "fBlendUV",
              "type": 16,
              "count": 1
            },
            {
              "name": "fBlendAlphaUV",
              "type": 16,
              "count": 1
            },
            {
              "name": "fBlendUVDistortionUV",
              "type": 16,
              "count": 1
            },
            {
              "name": "flipbookParameter1",
              "type": 16,
              "count": 1
            },
            {
              "name": "flipbookParameter2",
              "type": 16,
              "count": 1
            },
            {
              "name": "fFlipbookIndexAndNextRate",
              "type": 16,
              "count": 1
            },
            {
              "name": "fModelAlphaThreshold",
              "type": 16,
              "count": 1
            },
            {
              "name": "fModelColor",
              "type": 16,
              "count": 1
            },
            {
              "name": "fLightDirection",
              "type": 16,
              "count": 1
            },
            {
              "name": "fLightColor",
              "type": 16,
              "count": 1
            },
            {
              "name": "fLightAmbient",
              "type": 16,
              "count": 1
            },
            {
              "name": "mUVInversed",
              "type": 16,
              "count": 1
            }
          ],
          "defines": [],
          "stageFlags": 1,
          "binding": 0
        },
        {
          "name": "PS_ConstanBuffer",
          "members": [
            {
              "name": "fLightDirection",
              "type": 16,
              "count": 1
            },
            {
              "name": "fLightColor",
              "type": 16,
              "count": 1
            },
            {
              "name": "fLightAmbient",
              "type": 16,
              "count": 1
            },
            {
              "name": "fFlipbookParameter",
              "type": 16,
              "count": 1
            },
            {
              "name": "fUVDistortionParameter",
              "type": 16,
              "count": 1
            },
            {
              "name": "fBlendTextureParameter",
              "type": 16,
              "count": 1
            },
            {
              "name": "fCameraFrontDirection",
              "type": 16,
              "count": 1
            },
            {
              "name": "fFalloffParameter",
              "type": 16,
              "count": 1
            },
            {
              "name": "fFalloffBeginColor",
              "type": 16,
              "count": 1
            },
            {
              "name": "fFalloffEndColor",
              "type": 16,
              "count": 1
            },
            {
              "name": "fEmissiveScaling",
              "type": 16,
              "count": 1
            },
            {
              "name": "fEdgeColor",
              "type": 16,
              "count": 1
            },
            {
              "name": "fEdgeParameter",
              "type": 16,
              "count": 1
            },
            {
              "name": "softParticleParam",
              "type": 16,
              "count": 1
            },
            {
              "name": "reconstructionParam1",
              "type": 16,
              "count": 1
            },
            {
              "name": "reconstructionParam2",
              "type": 16,
              "count": 1
            },
            {
              "name": "mUVInversedBack",
              "type": 16,
              "count": 1
            },
            {
              "name": "miscFlags",
              "type": 16,
              "count": 1
            }
          ],
          "defines": [],
          "stageFlags": 16,
          "binding": 1
        }
      ],
      "samplerTextures": [
        {
          "name": "Sampler_sampler_uvDistortionTex",
          "type": 28,
          "count": 1,
          "defines": [],
          "stageFlags": 16,
          "binding": 2
        },
        {
          "name": "Sampler_sampler_colorTex",
          "type": 28,
          "count": 1,
          "defines": [],
          "stageFlags": 16,
          "binding": 3
        },
        {
          "name": "Sampler_sampler_normalTex",
          "type": 28,
          "count": 1,
          "defines": [],
          "stageFlags": 16,
          "binding": 4
        },
        {
          "name": "Sampler_sampler_alphaTex",
          "type": 28,
          "count": 1,
          "defines": [],
          "stageFlags": 16,
          "binding": 5
        },
        {
          "name": "Sampler_sampler_blendUVDistortionTex",
          "type": 28,
          "count": 1,
          "defines": [],
          "stageFlags": 16,
          "binding": 6
        },
        {
          "name": "Sampler_sampler_blendTex",
          "type": 28,
          "count": 1,
          "defines": [],
          "stageFlags": 16,
          "binding": 7
        },
        {
          "name": "Sampler_sampler_blendAlphaTex",
          "type": 28,
          "count": 1,
          "defines": [],
          "stageFlags": 16,
          "binding": 8
        }
      ],
      "samplers": [],
      "textures": [],
      "buffers": [],
      "images": [],
      "subpassInputs": [],
      "attributes": [
        {
          "name": "Input_Pos",
          "defines": [],
          "format": 32,
          "location": 0
        },
        {
          "name": "Input_Normal",
          "defines": [],
          "format": 32,
          "location": 1
        },
        {
          "name": "Input_Binormal",
          "defines": [],
          "format": 32,
          "location": 2
        },
        {
          "name": "Input_Tangent",
          "defines": [],
          "format": 32,
          "location": 3
        },
        {
          "name": "Input_UV",
          "defines": [],
          "format": 21,
          "location": 4
        },
        {
          "name": "Input_Color",
          "defines": [],
          "format": 44,
          "location": 5
        }
      ],
      "varyings": [
        {
          "name": "_VSPS_Color",
          "type": 16,
          "count": 1,
          "defines": [],
          "stageFlags": 17,
          "location": 0
        },
        {
          "name": "_VSPS_UV_Others",
          "type": 16,
          "count": 1,
          "defines": [],
          "stageFlags": 17,
          "location": 1
        },
        {
          "name": "_VSPS_WorldN",
          "type": 15,
          "count": 1,
          "defines": [],
          "stageFlags": 17,
          "location": 2
        },
        {
          "name": "_VSPS_WorldB",
          "type": 15,
          "count": 1,
          "defines": [],
          "stageFlags": 17,
          "location": 3
        },
        {
          "name": "_VSPS_WorldT",
          "type": 15,
          "count": 1,
          "defines": [],
          "stageFlags": 17,
          "location": 4
        },
        {
          "name": "_VSPS_Alpha_Dist_UV",
          "type": 16,
          "count": 1,
          "defines": [],
          "stageFlags": 17,
          "location": 5
        },
        {
          "name": "_VSPS_Blend_Alpha_Dist_UV",
          "type": 16,
          "count": 1,
          "defines": [],
          "stageFlags": 17,
          "location": 6
        },
        {
          "name": "_VSPS_Blend_FBNextIndex_UV",
          "type": 16,
          "count": 1,
          "defines": [],
          "stageFlags": 17,
          "location": 7
        }
      ],
      "fragColors": [
        {
          "name": "cc_FragColor",
          "typename": "vec4",
          "type": 16,
          "count": 1,
          "defines": [],
          "stageFlags": 16,
          "location": 0
        }
      ],
      "descriptors": [
        {
          "rate": 0,
          "blocks": [],
          "samplerTextures": [],
          "samplers": [],
          "textures": [],
          "buffers": [],
          "images": [],
          "subpassInputs": []
        },
        {
          "rate": 1,
          "blocks": [
            {
              "name": "VS_ConstantBuffer",
              "members": [
                {
                  "name": "mCameraProj",
                  "type": 25,
                  "count": 1
                },
                {
                  "name": "mModel",
                  "type": 25,
                  "count": 1
                },
                {
                  "name": "fUV",
                  "type": 16,
                  "count": 1
                },
                {
                  "name": "fAlphaUV",
                  "type": 16,
                  "count": 1
                },
                {
                  "name": "fUVDistortionUV",
                  "type": 16,
                  "count": 1
                },
                {
                  "name": "fBlendUV",
                  "type": 16,
                  "count": 1
                },
                {
                  "name": "fBlendAlphaUV",
                  "type": 16,
                  "count": 1
                },
                {
                  "name": "fBlendUVDistortionUV",
                  "type": 16,
                  "count": 1
                },
                {
                  "name": "flipbookParameter1",
                  "type": 16,
                  "count": 1
                },
                {
                  "name": "flipbookParameter2",
                  "type": 16,
                  "count": 1
                },
                {
                  "name": "fFlipbookIndexAndNextRate",
                  "type": 16,
                  "count": 1
                },
                {
                  "name": "fModelAlphaThreshold",
                  "type": 16,
                  "count": 1
                },
                {
                  "name": "fModelColor",
                  "type": 16,
                  "count": 1
                },
                {
                  "name": "fLightDirection",
                  "type": 16,
                  "count": 1
                },
                {
                  "name": "fLightColor",
                  "type": 16,
                  "count": 1
                },
                {
                  "name": "fLightAmbient",
                  "type": 16,
                  "count": 1
                },
                {
                  "name": "mUVInversed",
                  "type": 16,
                  "count": 1
                }
              ],
              "defines": [],
              "stageFlags": 1,
              "binding": 0
            },
            {
              "name": "PS_ConstanBuffer",
              "members": [
                {
                  "name": "fLightDirection",
                  "type": 16,
                  "count": 1
                },
                {
                  "name": "fLightColor",
                  "type": 16,
                  "count": 1
                },
                {
                  "name": "fLightAmbient",
                  "type": 16,
                  "count": 1
                },
                {
                  "name": "fFlipbookParameter",
                  "type": 16,
                  "count": 1
                },
                {
                  "name": "fUVDistortionParameter",
                  "type": 16,
                  "count": 1
                },
                {
                  "name": "fBlendTextureParameter",
                  "type": 16,
                  "count": 1
                },
                {
                  "name": "fCameraFrontDirection",
                  "type": 16,
                  "count": 1
                },
                {
                  "name": "fFalloffParameter",
                  "type": 16,
                  "count": 1
                },
                {
                  "name": "fFalloffBeginColor",
                  "type": 16,
                  "count": 1
                },
                {
                  "name": "fFalloffEndColor",
                  "type": 16,
                  "count": 1
                },
                {
                  "name": "fEmissiveScaling",
                  "type": 16,
                  "count": 1
                },
                {
                  "name": "fEdgeColor",
                  "type": 16,
                  "count": 1
                },
                {
                  "name": "fEdgeParameter",
                  "type": 16,
                  "count": 1
                },
                {
                  "name": "softParticleParam",
                  "type": 16,
                  "count": 1
                },
                {
                  "name": "reconstructionParam1",
                  "type": 16,
                  "count": 1
                },
                {
                  "name": "reconstructionParam2",
                  "type": 16,
                  "count": 1
                },
                {
                  "name": "mUVInversedBack",
                  "type": 16,
                  "count": 1
                },
                {
                  "name": "miscFlags",
                  "type": 16,
                  "count": 1
                }
              ],
              "defines": [],
              "stageFlags": 16,
              "binding": 1
            }
          ],
          "samplerTextures": [
            {
              "name": "Sampler_sampler_uvDistortionTex",
              "type": 28,
              "count": 1,
              "defines": [],
              "stageFlags": 16,
              "binding": 2
            },
            {
              "name": "Sampler_sampler_colorTex",
              "type": 28,
              "count": 1,
              "defines": [],
              "stageFlags": 16,
              "binding": 3
            },
            {
              "name": "Sampler_sampler_normalTex",
              "type": 28,
              "count": 1,
              "defines": [],
              "stageFlags": 16,
              "binding": 4
            },
            {
              "name": "Sampler_sampler_alphaTex",
              "type": 28,
              "count": 1,
              "defines": [],
              "stageFlags": 16,
              "binding": 5
            },
            {
              "name": "Sampler_sampler_blendUVDistortionTex",
              "type": 28,
              "count": 1,
              "defines": [],
              "stageFlags": 16,
              "binding": 6
            },
            {
              "name": "Sampler_sampler_blendTex",
              "type": 28,
              "count": 1,
              "defines": [],
              "stageFlags": 16,
              "binding": 7
            },
            {
              "name": "Sampler_sampler_blendAlphaTex",
              "type": 28,
              "count": 1,
              "defines": [],
              "stageFlags": 16,
              "binding": 8
            }
          ],
          "samplers": [],
          "textures": [],
          "buffers": [],
          "images": [],
          "subpassInputs": []
        },
        {
          "rate": 2,
          "blocks": [],
          "samplerTextures": [],
          "samplers": [],
          "textures": [],
          "buffers": [],
          "images": [],
          "subpassInputs": []
        },
        {
          "rate": 3,
          "blocks": [],
          "samplerTextures": [],
          "samplers": [],
          "textures": [],
          "buffers": [],
          "images": [],
          "subpassInputs": []
        }
      ],
      "hash": 1423861766,
      "glsl4": {
        "vert": "\nprecision highp float;\nstruct VS_Output\n{\n    vec4 PosVS;\n    vec4 Color;\n    vec4 UV_Others;\n    vec3 WorldN;\n    vec3 WorldB;\n    vec3 WorldT;\n    vec4 Alpha_Dist_UV;\n    vec4 Blend_Alpha_Dist_UV;\n    vec4 Blend_FBNextIndex_UV;\n};\nstruct VS_Input\n{\n    vec3 Pos;\n    vec3 Normal;\n    vec3 Binormal;\n    vec3 Tangent;\n    vec2 UV;\n    vec4 Color;\n};\nlayout(set = 1, binding = 0) uniform VS_ConstantBuffer\n{\n    mat4 mCameraProj;\n    mat4 mModel;\n    vec4 fUV;\n    vec4 fAlphaUV;\n    vec4 fUVDistortionUV;\n    vec4 fBlendUV;\n    vec4 fBlendAlphaUV;\n    vec4 fBlendUVDistortionUV;\n    vec4 flipbookParameter1;\n    vec4 flipbookParameter2;\n    vec4 fFlipbookIndexAndNextRate;\n    vec4 fModelAlphaThreshold;\n    vec4 fModelColor;\n    vec4 fLightDirection;\n    vec4 fLightColor;\n    vec4 fLightAmbient;\n    vec4 mUVInversed;\n};\nlayout(location = 0) in vec3 Input_Pos;\nlayout(location = 1) in vec3 Input_Normal;\nlayout(location = 2) in vec3 Input_Binormal;\nlayout(location = 3) in vec3 Input_Tangent;\nlayout(location = 4) in vec2 Input_UV;\nlayout(location = 5) in vec4 Input_Color;\nlayout(location = 0) out vec4 _VSPS_Color;\nlayout(location = 1) out vec4 _VSPS_UV_Others;\nlayout(location = 2) out vec3 _VSPS_WorldN;\nlayout(location = 3) out vec3 _VSPS_WorldB;\nlayout(location = 4) out vec3 _VSPS_WorldT;\nlayout(location = 5) out vec4 _VSPS_Alpha_Dist_UV;\nlayout(location = 6) out vec4 _VSPS_Blend_Alpha_Dist_UV;\nlayout(location = 7) out vec4 _VSPS_Blend_FBNextIndex_UV;\nfloat IntMod(float x, float y)\n{\n    return floor(mod(x, y));\n}\nvec2 GetFlipbookOriginUV(vec2 FlipbookUV, float FlipbookIndex, float DivideX, vec2 flipbookOneSize, vec2 flipbookOffset)\n{\n    float param = FlipbookIndex;\n    float param_1 = DivideX;\n    vec2 DivideIndex;\n    DivideIndex.x = IntMod(param, param_1);\n    DivideIndex.y = float(int(FlipbookIndex) / int(DivideX));\n    vec2 UVOffset = (DivideIndex * flipbookOneSize) + flipbookOffset;\n    return FlipbookUV - UVOffset;\n}\nvec2 GetFlipbookUVForIndex(vec2 OriginUV, float Index, float DivideX, vec2 flipbookOneSize, vec2 flipbookOffset)\n{\n    float param = Index;\n    float param_1 = DivideX;\n    vec2 DivideIndex;\n    DivideIndex.x = IntMod(param, param_1);\n    DivideIndex.y = float(int(Index) / int(DivideX));\n    return (OriginUV + (DivideIndex * flipbookOneSize)) + flipbookOffset;\n}\nvoid ApplyFlipbookVS(inout float flipbookRate, inout vec2 flipbookUV, vec4 flipbookParameter1, vec4 flipbookParameter2, float flipbookIndex, vec2 uv, vec2 uvInversed)\n{\n    float flipbookEnabled = flipbookParameter1.x;\n    float flipbookLoopType = flipbookParameter1.y;\n    float divideX = flipbookParameter1.z;\n    float divideY = flipbookParameter1.w;\n    vec2 flipbookOneSize = flipbookParameter2.xy;\n    vec2 flipbookOffset = flipbookParameter2.zw;\n    if (flipbookEnabled > 0.0)\n    {\n        flipbookRate = fract(flipbookIndex);\n        float Index = floor(flipbookIndex);\n        float IndexOffset = 1.0;\n        float NextIndex = Index + IndexOffset;\n        float FlipbookMaxCount = divideX * divideY;\n        if (flipbookLoopType == 0.0)\n        {\n            if (NextIndex >= FlipbookMaxCount)\n            {\n                NextIndex = FlipbookMaxCount - 1.0;\n                Index = FlipbookMaxCount - 1.0;\n            }\n        }\n        else\n        {\n            if (flipbookLoopType == 1.0)\n            {\n                Index = mod(Index, FlipbookMaxCount);\n                NextIndex = mod(NextIndex, FlipbookMaxCount);\n            }\n            else\n            {\n                if (flipbookLoopType == 2.0)\n                {\n                    bool Reverse = mod(floor(Index / FlipbookMaxCount), 2.0) == 1.0;\n                    Index = mod(Index, FlipbookMaxCount);\n                    if (Reverse)\n                    {\n                        Index = (FlipbookMaxCount - 1.0) - floor(Index);\n                    }\n                    Reverse = mod(floor(NextIndex / FlipbookMaxCount), 2.0) == 1.0;\n                    NextIndex = mod(NextIndex, FlipbookMaxCount);\n                    if (Reverse)\n                    {\n                        NextIndex = (FlipbookMaxCount - 1.0) - floor(NextIndex);\n                    }\n                }\n            }\n        }\n        vec2 notInversedUV = uv;\n        notInversedUV.y = uvInversed.x + (uvInversed.y * notInversedUV.y);\n        vec2 param = notInversedUV;\n        float param_1 = Index;\n        float param_2 = divideX;\n        vec2 param_3 = flipbookOneSize;\n        vec2 param_4 = flipbookOffset;\n        vec2 OriginUV = GetFlipbookOriginUV(param, param_1, param_2, param_3, param_4);\n        vec2 param_5 = OriginUV;\n        float param_6 = NextIndex;\n        float param_7 = divideX;\n        vec2 param_8 = flipbookOneSize;\n        vec2 param_9 = flipbookOffset;\n        flipbookUV = GetFlipbookUVForIndex(param_5, param_6, param_7, param_8, param_9);\n        flipbookUV.y = uvInversed.x + (uvInversed.y * flipbookUV.y);\n    }\n}\nvoid CalculateAndStoreAdvancedParameter(vec2 uv, vec2 uv1, vec4 alphaUV, vec4 uvDistortionUV, vec4 blendUV, vec4 blendAlphaUV, vec4 blendUVDistortionUV, float flipbookIndexAndNextRate, float modelAlphaThreshold, inout VS_Output vsoutput)\n{\n    vsoutput.Alpha_Dist_UV.x = (uv.x * alphaUV.z) + alphaUV.x;\n    vsoutput.Alpha_Dist_UV.y = (uv.y * alphaUV.w) + alphaUV.y;\n    vsoutput.Alpha_Dist_UV.z = (uv.x * uvDistortionUV.z) + uvDistortionUV.x;\n    vsoutput.Alpha_Dist_UV.w = (uv.y * uvDistortionUV.w) + uvDistortionUV.y;\n    vsoutput.Blend_FBNextIndex_UV.x = (uv.x * blendUV.z) + blendUV.x;\n    vsoutput.Blend_FBNextIndex_UV.y = (uv.y * blendUV.w) + blendUV.y;\n    vsoutput.Blend_Alpha_Dist_UV.x = (uv.x * blendAlphaUV.z) + blendAlphaUV.x;\n    vsoutput.Blend_Alpha_Dist_UV.y = (uv.y * blendAlphaUV.w) + blendAlphaUV.y;\n    vsoutput.Blend_Alpha_Dist_UV.z = (uv.x * blendUVDistortionUV.z) + blendUVDistortionUV.x;\n    vsoutput.Blend_Alpha_Dist_UV.w = (uv.y * blendUVDistortionUV.w) + blendUVDistortionUV.y;\n    float flipbookRate = 0.0;\n    vec2 flipbookNextIndexUV = vec2(0.0);\n    float param = flipbookRate;\n    vec2 param_1 = flipbookNextIndexUV;\n    vec4 param_2 = flipbookParameter1;\n    vec4 param_3 = flipbookParameter2;\n    float param_4 = flipbookIndexAndNextRate;\n    vec2 param_5 = uv1;\n    vec2 param_6 = vec2(mUVInversed.xy);\n    ApplyFlipbookVS(param, param_1, param_2, param_3, param_4, param_5, param_6);\n    flipbookRate = param;\n    flipbookNextIndexUV = param_1;\n    vsoutput.Blend_FBNextIndex_UV = vec4(vsoutput.Blend_FBNextIndex_UV.x, vsoutput.Blend_FBNextIndex_UV.y, flipbookNextIndexUV.x, flipbookNextIndexUV.y);\n    vsoutput.UV_Others.z = flipbookRate;\n    vsoutput.UV_Others.w = modelAlphaThreshold;\n    vsoutput.Alpha_Dist_UV.y = mUVInversed.x + (mUVInversed.y * vsoutput.Alpha_Dist_UV.y);\n    vsoutput.Alpha_Dist_UV.w = mUVInversed.x + (mUVInversed.y * vsoutput.Alpha_Dist_UV.w);\n    vsoutput.Blend_FBNextIndex_UV.y = mUVInversed.x + (mUVInversed.y * vsoutput.Blend_FBNextIndex_UV.y);\n    vsoutput.Blend_Alpha_Dist_UV.y = mUVInversed.x + (mUVInversed.y * vsoutput.Blend_Alpha_Dist_UV.y);\n    vsoutput.Blend_Alpha_Dist_UV.w = mUVInversed.x + (mUVInversed.y * vsoutput.Blend_Alpha_Dist_UV.w);\n}\nVS_Output _main(VS_Input Input)\n{\n    vec4 uv = fUV;\n    vec4 alphaUV = fAlphaUV;\n    vec4 uvDistortionUV = fUVDistortionUV;\n    vec4 blendUV = fBlendUV;\n    vec4 blendAlphaUV = fBlendAlphaUV;\n    vec4 blendUVDistortionUV = fBlendUVDistortionUV;\n    vec4 modelColor = fModelColor * Input.Color;\n    float flipbookIndexAndNextRate = fFlipbookIndexAndNextRate.x;\n    float modelAlphaThreshold = fModelAlphaThreshold.x;\n    VS_Output Output = VS_Output(vec4(0.0), vec4(0.0), vec4(0.0), vec3(0.0), vec3(0.0), vec3(0.0), vec4(0.0), vec4(0.0), vec4(0.0));\n    vec4 localPosition = vec4(Input.Pos.x, Input.Pos.y, Input.Pos.z, 1.0);\n    vec4 worldPos = mModel * localPosition;\n    Output.PosVS = mCameraProj * worldPos;\n    vec2 outputUV = Input.UV;\n    outputUV.x = (outputUV.x * uv.z) + uv.x;\n    outputUV.y = (outputUV.y * uv.w) + uv.y;\n    outputUV.y = mUVInversed.x + (mUVInversed.y * outputUV.y);\n    Output.UV_Others = vec4(outputUV.x, outputUV.y, Output.UV_Others.z, Output.UV_Others.w);\n    vec4 localNormal = vec4(Input.Normal.x, Input.Normal.y, Input.Normal.z, 0.0);\n    vec4 localBinormal = vec4(Input.Binormal.x, Input.Binormal.y, Input.Binormal.z, 0.0);\n    vec4 localTangent = vec4(Input.Tangent.x, Input.Tangent.y, Input.Tangent.z, 0.0);\n    vec4 worldNormal = mModel * localNormal;\n    vec4 worldBinormal = mModel * localBinormal;\n    vec4 worldTangent = mModel * localTangent;\n    worldNormal = normalize(worldNormal);\n    worldBinormal = normalize(worldBinormal);\n    worldTangent = normalize(worldTangent);\n    Output.WorldN = worldNormal.xyz;\n    Output.WorldB = worldBinormal.xyz;\n    Output.WorldT = worldTangent.xyz;\n    Output.Color = modelColor;\n    vec2 param = Input.UV;\n    vec2 param_1 = Output.UV_Others.xy;\n    vec4 param_2 = alphaUV;\n    vec4 param_3 = uvDistortionUV;\n    vec4 param_4 = blendUV;\n    vec4 param_5 = blendAlphaUV;\n    vec4 param_6 = blendUVDistortionUV;\n    float param_7 = flipbookIndexAndNextRate;\n    float param_8 = modelAlphaThreshold;\n    VS_Output param_9 = Output;\n    CalculateAndStoreAdvancedParameter(param, param_1, param_2, param_3, param_4, param_5, param_6, param_7, param_8, param_9);\n    Output = param_9;\n    return Output;\n}\nvec4 vert()\n{\n    VS_Input Input;\n    Input.Pos = Input_Pos;\n    Input.Normal = Input_Normal;\n    Input.Binormal = Input_Binormal;\n    Input.Tangent = Input_Tangent;\n    Input.UV = Input_UV;\n    Input.Color = Input_Color;\n    VS_Output flattenTemp = _main(Input);\n    _VSPS_Color = flattenTemp.Color;\n    _VSPS_UV_Others = flattenTemp.UV_Others;\n    _VSPS_WorldN = flattenTemp.WorldN;\n    _VSPS_WorldB = flattenTemp.WorldB;\n    _VSPS_WorldT = flattenTemp.WorldT;\n    _VSPS_Alpha_Dist_UV = flattenTemp.Alpha_Dist_UV;\n    _VSPS_Blend_Alpha_Dist_UV = flattenTemp.Blend_Alpha_Dist_UV;\n    _VSPS_Blend_FBNextIndex_UV = flattenTemp.Blend_FBNextIndex_UV;\n    return flattenTemp.PosVS;\n}\nvoid main() { gl_Position = vert(); }",
        "frag": "\nprecision highp float;\nstruct PS_Input\n{\n    vec4 PosVS;\n    vec4 Color;\n    vec4 UV_Others;\n    vec3 WorldN;\n    vec3 WorldB;\n    vec3 WorldT;\n    vec4 Alpha_Dist_UV;\n    vec4 Blend_Alpha_Dist_UV;\n    vec4 Blend_FBNextIndex_UV;\n};\nstruct AdvancedParameter\n{\n    vec2 AlphaUV;\n    vec2 UVDistortionUV;\n    vec2 BlendUV;\n    vec2 BlendAlphaUV;\n    vec2 BlendUVDistortionUV;\n    vec2 FlipbookNextIndexUV;\n    float FlipbookRate;\n    float AlphaThreshold;\n};\nlayout(set = 1, binding = 1) uniform PS_ConstanBuffer\n{\n    vec4 fLightDirection;\n    vec4 fLightColor;\n    vec4 fLightAmbient;\n    vec4 fFlipbookParameter;\n    vec4 fUVDistortionParameter;\n    vec4 fBlendTextureParameter;\n    vec4 fCameraFrontDirection;\n    vec4 fFalloffParameter;\n    vec4 fFalloffBeginColor;\n    vec4 fFalloffEndColor;\n    vec4 fEmissiveScaling;\n    vec4 fEdgeColor;\n    vec4 fEdgeParameter;\n    vec4 softParticleParam;\n    vec4 reconstructionParam1;\n    vec4 reconstructionParam2;\n    vec4 mUVInversedBack;\n    vec4 miscFlags;\n};\nlayout(set = 1, binding = 2) uniform sampler2D Sampler_sampler_uvDistortionTex;\nlayout(set = 1, binding = 3) uniform sampler2D Sampler_sampler_colorTex;\nlayout(set = 1, binding = 4) uniform sampler2D Sampler_sampler_normalTex;\nlayout(set = 1, binding = 5) uniform sampler2D Sampler_sampler_alphaTex;\nlayout(set = 1, binding = 6) uniform sampler2D Sampler_sampler_blendUVDistortionTex;\nlayout(set = 1, binding = 7) uniform sampler2D Sampler_sampler_blendTex;\nlayout(set = 1, binding = 8) uniform sampler2D Sampler_sampler_blendAlphaTex;\nlayout(location = 0) in vec4 _VSPS_Color;\nlayout(location = 1) in vec4 _VSPS_UV_Others;\nlayout(location = 2) in vec3 _VSPS_WorldN;\nlayout(location = 3) in vec3 _VSPS_WorldB;\nlayout(location = 4) in vec3 _VSPS_WorldT;\nlayout(location = 5) in vec4 _VSPS_Alpha_Dist_UV;\nlayout(location = 6) in vec4 _VSPS_Blend_Alpha_Dist_UV;\nlayout(location = 7) in vec4 _VSPS_Blend_FBNextIndex_UV;\nAdvancedParameter DisolveAdvancedParameter(PS_Input psinput)\n{\n    AdvancedParameter ret;\n    ret.AlphaUV = psinput.Alpha_Dist_UV.xy;\n    ret.UVDistortionUV = psinput.Alpha_Dist_UV.zw;\n    ret.BlendUV = psinput.Blend_FBNextIndex_UV.xy;\n    ret.BlendAlphaUV = psinput.Blend_Alpha_Dist_UV.xy;\n    ret.BlendUVDistortionUV = psinput.Blend_Alpha_Dist_UV.zw;\n    ret.FlipbookNextIndexUV = psinput.Blend_FBNextIndex_UV.zw;\n    ret.FlipbookRate = psinput.UV_Others.z;\n    ret.AlphaThreshold = psinput.UV_Others.w;\n    return ret;\n}\nvec3 PositivePow(vec3 base, vec3 power)\n{\n    return pow(max(abs(base), vec3(1.1920928955078125e-07)), power);\n}\nvec3 LinearToSRGB(vec3 c)\n{\n    vec3 param = c;\n    vec3 param_1 = vec3(0.4166666567325592041015625);\n    return max((PositivePow(param, param_1) * 1.05499994754791259765625) - vec3(0.054999999701976776123046875), vec3(0.0));\n}\nvec4 LinearToSRGB(vec4 c)\n{\n    vec3 param = c.xyz;\n    return vec4(LinearToSRGB(param), c.w);\n}\nvec4 ConvertFromSRGBTexture(vec4 c, bool isValid)\n{\n    if (!isValid)\n    {\n        return c;\n    }\n    vec4 param = c;\n    return LinearToSRGB(param);\n}\nvec2 UVDistortionOffset(vec2 uv, vec2 uvInversed, bool convertFromSRGB, sampler2D SPIRV_Cross_Combinedts)\n{\n    vec4 sampledColor = texture(SPIRV_Cross_Combinedts, uv);\n    if (convertFromSRGB)\n    {\n        vec4 param = sampledColor;\n        bool param_1 = convertFromSRGB;\n        sampledColor = ConvertFromSRGBTexture(param, param_1);\n    }\n    vec2 UVOffset = (sampledColor.xy * 2.0) - vec2(1.0);\n    UVOffset.y *= (-1.0);\n    UVOffset.y = uvInversed.x + (uvInversed.y * UVOffset.y);\n    return UVOffset;\n}\nvoid ApplyFlipbook(inout vec4 dst, vec4 flipbookParameter, vec4 vcolor, vec2 nextUV, float flipbookRate, bool convertFromSRGB, sampler2D SPIRV_Cross_Combinedts)\n{\n    if (flipbookParameter.x > 0.0)\n    {\n        vec4 sampledColor = texture(SPIRV_Cross_Combinedts, nextUV);\n        if (convertFromSRGB)\n        {\n            vec4 param = sampledColor;\n            bool param_1 = convertFromSRGB;\n            sampledColor = ConvertFromSRGBTexture(param, param_1);\n        }\n        vec4 NextPixelColor = sampledColor * vcolor;\n        if (flipbookParameter.y == 1.0)\n        {\n            dst = mix(dst, NextPixelColor, vec4(flipbookRate));\n        }\n    }\n}\nvoid ApplyTextureBlending(inout vec4 dstColor, vec4 blendColor, float blendType)\n{\n    if (blendType == 0.0)\n    {\n        vec3 _214 = (blendColor.xyz * blendColor.w) + (dstColor.xyz * (1.0 - blendColor.w));\n        dstColor = vec4(_214.x, _214.y, _214.z, dstColor.w);\n    }\n    else\n    {\n        if (blendType == 1.0)\n        {\n            vec3 _226 = dstColor.xyz + (blendColor.xyz * blendColor.w);\n            dstColor = vec4(_226.x, _226.y, _226.z, dstColor.w);\n        }\n        else\n        {\n            if (blendType == 2.0)\n            {\n                vec3 _239 = dstColor.xyz - (blendColor.xyz * blendColor.w);\n                dstColor = vec4(_239.x, _239.y, _239.z, dstColor.w);\n            }\n            else\n            {\n                if (blendType == 3.0)\n                {\n                    vec3 _252 = dstColor.xyz * (blendColor.xyz * blendColor.w);\n                    dstColor = vec4(_252.x, _252.y, _252.z, dstColor.w);\n                }\n            }\n        }\n    }\n}\nvec3 SRGBToLinear(vec3 c)\n{\n    return min(c, c * ((c * ((c * 0.305306017398834228515625) + vec3(0.6821711063385009765625))) + vec3(0.01252287812530994415283203125)));\n}\nvec4 SRGBToLinear(vec4 c)\n{\n    vec3 param = c.xyz;\n    return vec4(SRGBToLinear(param), c.w);\n}\nvec4 ConvertToScreen(vec4 c, bool isValid)\n{\n    if (!isValid)\n    {\n        return c;\n    }\n    vec4 param = c;\n    return SRGBToLinear(param);\n}\nvec4 _main(PS_Input Input)\n{\n    bool convertColorSpace = !(miscFlags.x == 0.0);\n    PS_Input param = Input;\n    AdvancedParameter advancedParam = DisolveAdvancedParameter(param);\n    vec2 param_1 = advancedParam.UVDistortionUV;\n    vec2 param_2 = fUVDistortionParameter.zw;\n    bool param_3 = convertColorSpace;\n    vec2 UVOffset = UVDistortionOffset(param_1, param_2, param_3, Sampler_sampler_uvDistortionTex);\n    UVOffset *= fUVDistortionParameter.x;\n    vec4 param_4 = texture(Sampler_sampler_colorTex, Input.UV_Others.xy + UVOffset);\n    bool param_5 = convertColorSpace;\n    vec4 Output = ConvertFromSRGBTexture(param_4, param_5) * Input.Color;\n    vec3 texNormal = (texture(Sampler_sampler_normalTex, Input.UV_Others.xy + UVOffset).xyz - vec3(0.5)) * 2.0;\n    vec3 localNormal = normalize(mat3(vec3(Input.WorldT), vec3(Input.WorldB), vec3(Input.WorldN)) * texNormal);\n    vec4 param_6 = Output;\n    float param_7 = advancedParam.FlipbookRate;\n    bool param_8 = convertColorSpace;\n    ApplyFlipbook(param_6, fFlipbookParameter, Input.Color, advancedParam.FlipbookNextIndexUV + UVOffset, param_7, param_8, Sampler_sampler_colorTex);\n    Output = param_6;\n    vec4 param_9 = texture(Sampler_sampler_alphaTex, advancedParam.AlphaUV + UVOffset);\n    bool param_10 = convertColorSpace;\n    vec4 AlphaTexColor = ConvertFromSRGBTexture(param_9, param_10);\n    Output.w *= (AlphaTexColor.x * AlphaTexColor.w);\n    vec2 param_11 = advancedParam.BlendUVDistortionUV;\n    vec2 param_12 = fUVDistortionParameter.zw;\n    bool param_13 = convertColorSpace;\n    vec2 BlendUVOffset = UVDistortionOffset(param_11, param_12, param_13, Sampler_sampler_blendUVDistortionTex);\n    BlendUVOffset *= fUVDistortionParameter.y;\n    vec4 param_14 = texture(Sampler_sampler_blendTex, advancedParam.BlendUV + BlendUVOffset);\n    bool param_15 = convertColorSpace;\n    vec4 BlendTextureColor = ConvertFromSRGBTexture(param_14, param_15);\n    vec4 param_16 = texture(Sampler_sampler_blendAlphaTex, advancedParam.BlendAlphaUV + BlendUVOffset);\n    bool param_17 = convertColorSpace;\n    vec4 BlendAlphaTextureColor = ConvertFromSRGBTexture(param_16, param_17);\n    BlendTextureColor.w *= (BlendAlphaTextureColor.x * BlendAlphaTextureColor.w);\n    vec4 param_18 = Output;\n    ApplyTextureBlending(param_18, BlendTextureColor, fBlendTextureParameter.x);\n    Output = param_18;\n    float diffuse = max(dot(fLightDirection.xyz, localNormal), 0.0);\n    vec3 _549 = Output.xyz * ((fLightColor.xyz * diffuse) + fLightAmbient.xyz);\n    Output = vec4(_549.x, _549.y, _549.z, Output.w);\n    if (fFalloffParameter.x == 1.0)\n    {\n        vec3 cameraVec = normalize(-fCameraFrontDirection.xyz);\n        float CdotN = clamp(dot(cameraVec, vec3(localNormal.x, localNormal.y, localNormal.z)), 0.0, 1.0);\n        vec4 FalloffBlendColor = mix(fFalloffEndColor, fFalloffBeginColor, vec4(pow(CdotN, fFalloffParameter.z)));\n        if (fFalloffParameter.y == 0.0)\n        {\n            vec3 _595 = Output.xyz + FalloffBlendColor.xyz;\n            Output = vec4(_595.x, _595.y, _595.z, Output.w);\n        }\n        else\n        {\n            if (fFalloffParameter.y == 1.0)\n            {\n                vec3 _608 = Output.xyz - FalloffBlendColor.xyz;\n                Output = vec4(_608.x, _608.y, _608.z, Output.w);\n            }\n            else\n            {\n                if (fFalloffParameter.y == 2.0)\n                {\n                    vec3 _621 = Output.xyz * FalloffBlendColor.xyz;\n                    Output = vec4(_621.x, _621.y, _621.z, Output.w);\n                }\n            }\n        }\n        Output.w *= FalloffBlendColor.w;\n    }\n    vec3 _635 = Output.xyz * fEmissiveScaling.x;\n    Output = vec4(_635.x, _635.y, _635.z, Output.w);\n    if (Output.w <= max(0.0, advancedParam.AlphaThreshold))\n    {\n        discard;\n    }\n    vec3 _667 = mix(fEdgeColor.xyz * fEdgeParameter.y, Output.xyz, vec3(ceil((Output.w - advancedParam.AlphaThreshold) - fEdgeParameter.x)));\n    Output = vec4(_667.x, _667.y, _667.z, Output.w);\n    vec4 param_19 = Output;\n    bool param_20 = convertColorSpace;\n    return ConvertToScreen(param_19, param_20);\n}\nvec4 frag()\n{\n    PS_Input Input;\n    Input.PosVS = gl_FragCoord;\n    Input.Color = _VSPS_Color;\n    Input.UV_Others = _VSPS_UV_Others;\n    Input.WorldN = _VSPS_WorldN;\n    Input.WorldB = _VSPS_WorldB;\n    Input.WorldT = _VSPS_WorldT;\n    Input.Alpha_Dist_UV = _VSPS_Alpha_Dist_UV;\n    Input.Blend_Alpha_Dist_UV = _VSPS_Blend_Alpha_Dist_UV;\n    Input.Blend_FBNextIndex_UV = _VSPS_Blend_FBNextIndex_UV;\n    return _main(Input);\n}\nlayout(location = 0) out vec4 cc_FragColor;\nvoid main() { cc_FragColor = frag(); }"
      },
      "glsl3": {
        "vert": "\nprecision highp float;\nstruct VS_Output\n{\n    vec4 PosVS;\n    vec4 Color;\n    vec4 UV_Others;\n    vec3 WorldN;\n    vec3 WorldB;\n    vec3 WorldT;\n    vec4 Alpha_Dist_UV;\n    vec4 Blend_Alpha_Dist_UV;\n    vec4 Blend_FBNextIndex_UV;\n};\nstruct VS_Input\n{\n    vec3 Pos;\n    vec3 Normal;\n    vec3 Binormal;\n    vec3 Tangent;\n    vec2 UV;\n    vec4 Color;\n};\nlayout(std140) uniform VS_ConstantBuffer\n{\n    mat4 mCameraProj;\n    mat4 mModel;\n    vec4 fUV;\n    vec4 fAlphaUV;\n    vec4 fUVDistortionUV;\n    vec4 fBlendUV;\n    vec4 fBlendAlphaUV;\n    vec4 fBlendUVDistortionUV;\n    vec4 flipbookParameter1;\n    vec4 flipbookParameter2;\n    vec4 fFlipbookIndexAndNextRate;\n    vec4 fModelAlphaThreshold;\n    vec4 fModelColor;\n    vec4 fLightDirection;\n    vec4 fLightColor;\n    vec4 fLightAmbient;\n    vec4 mUVInversed;\n};\nin vec3 Input_Pos;\nin vec3 Input_Normal;\nin vec3 Input_Binormal;\nin vec3 Input_Tangent;\nin vec2 Input_UV;\nin vec4 Input_Color;\nout vec4 _VSPS_Color;\nout vec4 _VSPS_UV_Others;\nout vec3 _VSPS_WorldN;\nout vec3 _VSPS_WorldB;\nout vec3 _VSPS_WorldT;\nout vec4 _VSPS_Alpha_Dist_UV;\nout vec4 _VSPS_Blend_Alpha_Dist_UV;\nout vec4 _VSPS_Blend_FBNextIndex_UV;\nfloat IntMod(float x, float y)\n{\n    return floor(mod(x, y));\n}\nvec2 GetFlipbookOriginUV(vec2 FlipbookUV, float FlipbookIndex, float DivideX, vec2 flipbookOneSize, vec2 flipbookOffset)\n{\n    float param = FlipbookIndex;\n    float param_1 = DivideX;\n    vec2 DivideIndex;\n    DivideIndex.x = IntMod(param, param_1);\n    DivideIndex.y = float(int(FlipbookIndex) / int(DivideX));\n    vec2 UVOffset = (DivideIndex * flipbookOneSize) + flipbookOffset;\n    return FlipbookUV - UVOffset;\n}\nvec2 GetFlipbookUVForIndex(vec2 OriginUV, float Index, float DivideX, vec2 flipbookOneSize, vec2 flipbookOffset)\n{\n    float param = Index;\n    float param_1 = DivideX;\n    vec2 DivideIndex;\n    DivideIndex.x = IntMod(param, param_1);\n    DivideIndex.y = float(int(Index) / int(DivideX));\n    return (OriginUV + (DivideIndex * flipbookOneSize)) + flipbookOffset;\n}\nvoid ApplyFlipbookVS(inout float flipbookRate, inout vec2 flipbookUV, vec4 flipbookParameter1, vec4 flipbookParameter2, float flipbookIndex, vec2 uv, vec2 uvInversed)\n{\n    float flipbookEnabled = flipbookParameter1.x;\n    float flipbookLoopType = flipbookParameter1.y;\n    float divideX = flipbookParameter1.z;\n    float divideY = flipbookParameter1.w;\n    vec2 flipbookOneSize = flipbookParameter2.xy;\n    vec2 flipbookOffset = flipbookParameter2.zw;\n    if (flipbookEnabled > 0.0)\n    {\n        flipbookRate = fract(flipbookIndex);\n        float Index = floor(flipbookIndex);\n        float IndexOffset = 1.0;\n        float NextIndex = Index + IndexOffset;\n        float FlipbookMaxCount = divideX * divideY;\n        if (flipbookLoopType == 0.0)\n        {\n            if (NextIndex >= FlipbookMaxCount)\n            {\n                NextIndex = FlipbookMaxCount - 1.0;\n                Index = FlipbookMaxCount - 1.0;\n            }\n        }\n        else\n        {\n            if (flipbookLoopType == 1.0)\n            {\n                Index = mod(Index, FlipbookMaxCount);\n                NextIndex = mod(NextIndex, FlipbookMaxCount);\n            }\n            else\n            {\n                if (flipbookLoopType == 2.0)\n                {\n                    bool Reverse = mod(floor(Index / FlipbookMaxCount), 2.0) == 1.0;\n                    Index = mod(Index, FlipbookMaxCount);\n                    if (Reverse)\n                    {\n                        Index = (FlipbookMaxCount - 1.0) - floor(Index);\n                    }\n                    Reverse = mod(floor(NextIndex / FlipbookMaxCount), 2.0) == 1.0;\n                    NextIndex = mod(NextIndex, FlipbookMaxCount);\n                    if (Reverse)\n                    {\n                        NextIndex = (FlipbookMaxCount - 1.0) - floor(NextIndex);\n                    }\n                }\n            }\n        }\n        vec2 notInversedUV = uv;\n        notInversedUV.y = uvInversed.x + (uvInversed.y * notInversedUV.y);\n        vec2 param = notInversedUV;\n        float param_1 = Index;\n        float param_2 = divideX;\n        vec2 param_3 = flipbookOneSize;\n        vec2 param_4 = flipbookOffset;\n        vec2 OriginUV = GetFlipbookOriginUV(param, param_1, param_2, param_3, param_4);\n        vec2 param_5 = OriginUV;\n        float param_6 = NextIndex;\n        float param_7 = divideX;\n        vec2 param_8 = flipbookOneSize;\n        vec2 param_9 = flipbookOffset;\n        flipbookUV = GetFlipbookUVForIndex(param_5, param_6, param_7, param_8, param_9);\n        flipbookUV.y = uvInversed.x + (uvInversed.y * flipbookUV.y);\n    }\n}\nvoid CalculateAndStoreAdvancedParameter(vec2 uv, vec2 uv1, vec4 alphaUV, vec4 uvDistortionUV, vec4 blendUV, vec4 blendAlphaUV, vec4 blendUVDistortionUV, float flipbookIndexAndNextRate, float modelAlphaThreshold, inout VS_Output vsoutput)\n{\n    vsoutput.Alpha_Dist_UV.x = (uv.x * alphaUV.z) + alphaUV.x;\n    vsoutput.Alpha_Dist_UV.y = (uv.y * alphaUV.w) + alphaUV.y;\n    vsoutput.Alpha_Dist_UV.z = (uv.x * uvDistortionUV.z) + uvDistortionUV.x;\n    vsoutput.Alpha_Dist_UV.w = (uv.y * uvDistortionUV.w) + uvDistortionUV.y;\n    vsoutput.Blend_FBNextIndex_UV.x = (uv.x * blendUV.z) + blendUV.x;\n    vsoutput.Blend_FBNextIndex_UV.y = (uv.y * blendUV.w) + blendUV.y;\n    vsoutput.Blend_Alpha_Dist_UV.x = (uv.x * blendAlphaUV.z) + blendAlphaUV.x;\n    vsoutput.Blend_Alpha_Dist_UV.y = (uv.y * blendAlphaUV.w) + blendAlphaUV.y;\n    vsoutput.Blend_Alpha_Dist_UV.z = (uv.x * blendUVDistortionUV.z) + blendUVDistortionUV.x;\n    vsoutput.Blend_Alpha_Dist_UV.w = (uv.y * blendUVDistortionUV.w) + blendUVDistortionUV.y;\n    float flipbookRate = 0.0;\n    vec2 flipbookNextIndexUV = vec2(0.0);\n    float param = flipbookRate;\n    vec2 param_1 = flipbookNextIndexUV;\n    vec4 param_2 = flipbookParameter1;\n    vec4 param_3 = flipbookParameter2;\n    float param_4 = flipbookIndexAndNextRate;\n    vec2 param_5 = uv1;\n    vec2 param_6 = vec2(mUVInversed.xy);\n    ApplyFlipbookVS(param, param_1, param_2, param_3, param_4, param_5, param_6);\n    flipbookRate = param;\n    flipbookNextIndexUV = param_1;\n    vsoutput.Blend_FBNextIndex_UV = vec4(vsoutput.Blend_FBNextIndex_UV.x, vsoutput.Blend_FBNextIndex_UV.y, flipbookNextIndexUV.x, flipbookNextIndexUV.y);\n    vsoutput.UV_Others.z = flipbookRate;\n    vsoutput.UV_Others.w = modelAlphaThreshold;\n    vsoutput.Alpha_Dist_UV.y = mUVInversed.x + (mUVInversed.y * vsoutput.Alpha_Dist_UV.y);\n    vsoutput.Alpha_Dist_UV.w = mUVInversed.x + (mUVInversed.y * vsoutput.Alpha_Dist_UV.w);\n    vsoutput.Blend_FBNextIndex_UV.y = mUVInversed.x + (mUVInversed.y * vsoutput.Blend_FBNextIndex_UV.y);\n    vsoutput.Blend_Alpha_Dist_UV.y = mUVInversed.x + (mUVInversed.y * vsoutput.Blend_Alpha_Dist_UV.y);\n    vsoutput.Blend_Alpha_Dist_UV.w = mUVInversed.x + (mUVInversed.y * vsoutput.Blend_Alpha_Dist_UV.w);\n}\nVS_Output _main(VS_Input Input)\n{\n    vec4 uv = fUV;\n    vec4 alphaUV = fAlphaUV;\n    vec4 uvDistortionUV = fUVDistortionUV;\n    vec4 blendUV = fBlendUV;\n    vec4 blendAlphaUV = fBlendAlphaUV;\n    vec4 blendUVDistortionUV = fBlendUVDistortionUV;\n    vec4 modelColor = fModelColor * Input.Color;\n    float flipbookIndexAndNextRate = fFlipbookIndexAndNextRate.x;\n    float modelAlphaThreshold = fModelAlphaThreshold.x;\n    VS_Output Output = VS_Output(vec4(0.0), vec4(0.0), vec4(0.0), vec3(0.0), vec3(0.0), vec3(0.0), vec4(0.0), vec4(0.0), vec4(0.0));\n    vec4 localPosition = vec4(Input.Pos.x, Input.Pos.y, Input.Pos.z, 1.0);\n    vec4 worldPos = mModel * localPosition;\n    Output.PosVS = mCameraProj * worldPos;\n    vec2 outputUV = Input.UV;\n    outputUV.x = (outputUV.x * uv.z) + uv.x;\n    outputUV.y = (outputUV.y * uv.w) + uv.y;\n    outputUV.y = mUVInversed.x + (mUVInversed.y * outputUV.y);\n    Output.UV_Others = vec4(outputUV.x, outputUV.y, Output.UV_Others.z, Output.UV_Others.w);\n    vec4 localNormal = vec4(Input.Normal.x, Input.Normal.y, Input.Normal.z, 0.0);\n    vec4 localBinormal = vec4(Input.Binormal.x, Input.Binormal.y, Input.Binormal.z, 0.0);\n    vec4 localTangent = vec4(Input.Tangent.x, Input.Tangent.y, Input.Tangent.z, 0.0);\n    vec4 worldNormal = mModel * localNormal;\n    vec4 worldBinormal = mModel * localBinormal;\n    vec4 worldTangent = mModel * localTangent;\n    worldNormal = normalize(worldNormal);\n    worldBinormal = normalize(worldBinormal);\n    worldTangent = normalize(worldTangent);\n    Output.WorldN = worldNormal.xyz;\n    Output.WorldB = worldBinormal.xyz;\n    Output.WorldT = worldTangent.xyz;\n    Output.Color = modelColor;\n    vec2 param = Input.UV;\n    vec2 param_1 = Output.UV_Others.xy;\n    vec4 param_2 = alphaUV;\n    vec4 param_3 = uvDistortionUV;\n    vec4 param_4 = blendUV;\n    vec4 param_5 = blendAlphaUV;\n    vec4 param_6 = blendUVDistortionUV;\n    float param_7 = flipbookIndexAndNextRate;\n    float param_8 = modelAlphaThreshold;\n    VS_Output param_9 = Output;\n    CalculateAndStoreAdvancedParameter(param, param_1, param_2, param_3, param_4, param_5, param_6, param_7, param_8, param_9);\n    Output = param_9;\n    return Output;\n}\nvec4 vert()\n{\n    VS_Input Input;\n    Input.Pos = Input_Pos;\n    Input.Normal = Input_Normal;\n    Input.Binormal = Input_Binormal;\n    Input.Tangent = Input_Tangent;\n    Input.UV = Input_UV;\n    Input.Color = Input_Color;\n    VS_Output flattenTemp = _main(Input);\n    _VSPS_Color = flattenTemp.Color;\n    _VSPS_UV_Others = flattenTemp.UV_Others;\n    _VSPS_WorldN = flattenTemp.WorldN;\n    _VSPS_WorldB = flattenTemp.WorldB;\n    _VSPS_WorldT = flattenTemp.WorldT;\n    _VSPS_Alpha_Dist_UV = flattenTemp.Alpha_Dist_UV;\n    _VSPS_Blend_Alpha_Dist_UV = flattenTemp.Blend_Alpha_Dist_UV;\n    _VSPS_Blend_FBNextIndex_UV = flattenTemp.Blend_FBNextIndex_UV;\n    return flattenTemp.PosVS;\n}\nvoid main() { gl_Position = vert(); }",
        "frag": "\nprecision highp float;\nstruct PS_Input\n{\n    vec4 PosVS;\n    vec4 Color;\n    vec4 UV_Others;\n    vec3 WorldN;\n    vec3 WorldB;\n    vec3 WorldT;\n    vec4 Alpha_Dist_UV;\n    vec4 Blend_Alpha_Dist_UV;\n    vec4 Blend_FBNextIndex_UV;\n};\nstruct AdvancedParameter\n{\n    vec2 AlphaUV;\n    vec2 UVDistortionUV;\n    vec2 BlendUV;\n    vec2 BlendAlphaUV;\n    vec2 BlendUVDistortionUV;\n    vec2 FlipbookNextIndexUV;\n    float FlipbookRate;\n    float AlphaThreshold;\n};\nlayout(std140) uniform PS_ConstanBuffer\n{\n    vec4 fLightDirection;\n    vec4 fLightColor;\n    vec4 fLightAmbient;\n    vec4 fFlipbookParameter;\n    vec4 fUVDistortionParameter;\n    vec4 fBlendTextureParameter;\n    vec4 fCameraFrontDirection;\n    vec4 fFalloffParameter;\n    vec4 fFalloffBeginColor;\n    vec4 fFalloffEndColor;\n    vec4 fEmissiveScaling;\n    vec4 fEdgeColor;\n    vec4 fEdgeParameter;\n    vec4 softParticleParam;\n    vec4 reconstructionParam1;\n    vec4 reconstructionParam2;\n    vec4 mUVInversedBack;\n    vec4 miscFlags;\n};\nuniform sampler2D Sampler_sampler_uvDistortionTex;\nuniform sampler2D Sampler_sampler_colorTex;\nuniform sampler2D Sampler_sampler_normalTex;\nuniform sampler2D Sampler_sampler_alphaTex;\nuniform sampler2D Sampler_sampler_blendUVDistortionTex;\nuniform sampler2D Sampler_sampler_blendTex;\nuniform sampler2D Sampler_sampler_blendAlphaTex;\nin vec4 _VSPS_Color;\nin vec4 _VSPS_UV_Others;\nin vec3 _VSPS_WorldN;\nin vec3 _VSPS_WorldB;\nin vec3 _VSPS_WorldT;\nin vec4 _VSPS_Alpha_Dist_UV;\nin vec4 _VSPS_Blend_Alpha_Dist_UV;\nin vec4 _VSPS_Blend_FBNextIndex_UV;\nAdvancedParameter DisolveAdvancedParameter(PS_Input psinput)\n{\n    AdvancedParameter ret;\n    ret.AlphaUV = psinput.Alpha_Dist_UV.xy;\n    ret.UVDistortionUV = psinput.Alpha_Dist_UV.zw;\n    ret.BlendUV = psinput.Blend_FBNextIndex_UV.xy;\n    ret.BlendAlphaUV = psinput.Blend_Alpha_Dist_UV.xy;\n    ret.BlendUVDistortionUV = psinput.Blend_Alpha_Dist_UV.zw;\n    ret.FlipbookNextIndexUV = psinput.Blend_FBNextIndex_UV.zw;\n    ret.FlipbookRate = psinput.UV_Others.z;\n    ret.AlphaThreshold = psinput.UV_Others.w;\n    return ret;\n}\nvec3 PositivePow(vec3 base, vec3 power)\n{\n    return pow(max(abs(base), vec3(1.1920928955078125e-07)), power);\n}\nvec3 LinearToSRGB(vec3 c)\n{\n    vec3 param = c;\n    vec3 param_1 = vec3(0.4166666567325592041015625);\n    return max((PositivePow(param, param_1) * 1.05499994754791259765625) - vec3(0.054999999701976776123046875), vec3(0.0));\n}\nvec4 LinearToSRGB(vec4 c)\n{\n    vec3 param = c.xyz;\n    return vec4(LinearToSRGB(param), c.w);\n}\nvec4 ConvertFromSRGBTexture(vec4 c, bool isValid)\n{\n    if (!isValid)\n    {\n        return c;\n    }\n    vec4 param = c;\n    return LinearToSRGB(param);\n}\nvec2 UVDistortionOffset(vec2 uv, vec2 uvInversed, bool convertFromSRGB, sampler2D SPIRV_Cross_Combinedts)\n{\n    vec4 sampledColor = texture(SPIRV_Cross_Combinedts, uv);\n    if (convertFromSRGB)\n    {\n        vec4 param = sampledColor;\n        bool param_1 = convertFromSRGB;\n        sampledColor = ConvertFromSRGBTexture(param, param_1);\n    }\n    vec2 UVOffset = (sampledColor.xy * 2.0) - vec2(1.0);\n    UVOffset.y *= (-1.0);\n    UVOffset.y = uvInversed.x + (uvInversed.y * UVOffset.y);\n    return UVOffset;\n}\nvoid ApplyFlipbook(inout vec4 dst, vec4 flipbookParameter, vec4 vcolor, vec2 nextUV, float flipbookRate, bool convertFromSRGB, sampler2D SPIRV_Cross_Combinedts)\n{\n    if (flipbookParameter.x > 0.0)\n    {\n        vec4 sampledColor = texture(SPIRV_Cross_Combinedts, nextUV);\n        if (convertFromSRGB)\n        {\n            vec4 param = sampledColor;\n            bool param_1 = convertFromSRGB;\n            sampledColor = ConvertFromSRGBTexture(param, param_1);\n        }\n        vec4 NextPixelColor = sampledColor * vcolor;\n        if (flipbookParameter.y == 1.0)\n        {\n            dst = mix(dst, NextPixelColor, vec4(flipbookRate));\n        }\n    }\n}\nvoid ApplyTextureBlending(inout vec4 dstColor, vec4 blendColor, float blendType)\n{\n    if (blendType == 0.0)\n    {\n        vec3 _214 = (blendColor.xyz * blendColor.w) + (dstColor.xyz * (1.0 - blendColor.w));\n        dstColor = vec4(_214.x, _214.y, _214.z, dstColor.w);\n    }\n    else\n    {\n        if (blendType == 1.0)\n        {\n            vec3 _226 = dstColor.xyz + (blendColor.xyz * blendColor.w);\n            dstColor = vec4(_226.x, _226.y, _226.z, dstColor.w);\n        }\n        else\n        {\n            if (blendType == 2.0)\n            {\n                vec3 _239 = dstColor.xyz - (blendColor.xyz * blendColor.w);\n                dstColor = vec4(_239.x, _239.y, _239.z, dstColor.w);\n            }\n            else\n            {\n                if (blendType == 3.0)\n                {\n                    vec3 _252 = dstColor.xyz * (blendColor.xyz * blendColor.w);\n                    dstColor = vec4(_252.x, _252.y, _252.z, dstColor.w);\n                }\n            }\n        }\n    }\n}\nvec3 SRGBToLinear(vec3 c)\n{\n    return min(c, c * ((c * ((c * 0.305306017398834228515625) + vec3(0.6821711063385009765625))) + vec3(0.01252287812530994415283203125)));\n}\nvec4 SRGBToLinear(vec4 c)\n{\n    vec3 param = c.xyz;\n    return vec4(SRGBToLinear(param), c.w);\n}\nvec4 ConvertToScreen(vec4 c, bool isValid)\n{\n    if (!isValid)\n    {\n        return c;\n    }\n    vec4 param = c;\n    return SRGBToLinear(param);\n}\nvec4 _main(PS_Input Input)\n{\n    bool convertColorSpace = !(miscFlags.x == 0.0);\n    PS_Input param = Input;\n    AdvancedParameter advancedParam = DisolveAdvancedParameter(param);\n    vec2 param_1 = advancedParam.UVDistortionUV;\n    vec2 param_2 = fUVDistortionParameter.zw;\n    bool param_3 = convertColorSpace;\n    vec2 UVOffset = UVDistortionOffset(param_1, param_2, param_3, Sampler_sampler_uvDistortionTex);\n    UVOffset *= fUVDistortionParameter.x;\n    vec4 param_4 = texture(Sampler_sampler_colorTex, Input.UV_Others.xy + UVOffset);\n    bool param_5 = convertColorSpace;\n    vec4 Output = ConvertFromSRGBTexture(param_4, param_5) * Input.Color;\n    vec3 texNormal = (texture(Sampler_sampler_normalTex, Input.UV_Others.xy + UVOffset).xyz - vec3(0.5)) * 2.0;\n    vec3 localNormal = normalize(mat3(vec3(Input.WorldT), vec3(Input.WorldB), vec3(Input.WorldN)) * texNormal);\n    vec4 param_6 = Output;\n    float param_7 = advancedParam.FlipbookRate;\n    bool param_8 = convertColorSpace;\n    ApplyFlipbook(param_6, fFlipbookParameter, Input.Color, advancedParam.FlipbookNextIndexUV + UVOffset, param_7, param_8, Sampler_sampler_colorTex);\n    Output = param_6;\n    vec4 param_9 = texture(Sampler_sampler_alphaTex, advancedParam.AlphaUV + UVOffset);\n    bool param_10 = convertColorSpace;\n    vec4 AlphaTexColor = ConvertFromSRGBTexture(param_9, param_10);\n    Output.w *= (AlphaTexColor.x * AlphaTexColor.w);\n    vec2 param_11 = advancedParam.BlendUVDistortionUV;\n    vec2 param_12 = fUVDistortionParameter.zw;\n    bool param_13 = convertColorSpace;\n    vec2 BlendUVOffset = UVDistortionOffset(param_11, param_12, param_13, Sampler_sampler_blendUVDistortionTex);\n    BlendUVOffset *= fUVDistortionParameter.y;\n    vec4 param_14 = texture(Sampler_sampler_blendTex, advancedParam.BlendUV + BlendUVOffset);\n    bool param_15 = convertColorSpace;\n    vec4 BlendTextureColor = ConvertFromSRGBTexture(param_14, param_15);\n    vec4 param_16 = texture(Sampler_sampler_blendAlphaTex, advancedParam.BlendAlphaUV + BlendUVOffset);\n    bool param_17 = convertColorSpace;\n    vec4 BlendAlphaTextureColor = ConvertFromSRGBTexture(param_16, param_17);\n    BlendTextureColor.w *= (BlendAlphaTextureColor.x * BlendAlphaTextureColor.w);\n    vec4 param_18 = Output;\n    ApplyTextureBlending(param_18, BlendTextureColor, fBlendTextureParameter.x);\n    Output = param_18;\n    float diffuse = max(dot(fLightDirection.xyz, localNormal), 0.0);\n    vec3 _549 = Output.xyz * ((fLightColor.xyz * diffuse) + fLightAmbient.xyz);\n    Output = vec4(_549.x, _549.y, _549.z, Output.w);\n    if (fFalloffParameter.x == 1.0)\n    {\n        vec3 cameraVec = normalize(-fCameraFrontDirection.xyz);\n        float CdotN = clamp(dot(cameraVec, vec3(localNormal.x, localNormal.y, localNormal.z)), 0.0, 1.0);\n        vec4 FalloffBlendColor = mix(fFalloffEndColor, fFalloffBeginColor, vec4(pow(CdotN, fFalloffParameter.z)));\n        if (fFalloffParameter.y == 0.0)\n        {\n            vec3 _595 = Output.xyz + FalloffBlendColor.xyz;\n            Output = vec4(_595.x, _595.y, _595.z, Output.w);\n        }\n        else\n        {\n            if (fFalloffParameter.y == 1.0)\n            {\n                vec3 _608 = Output.xyz - FalloffBlendColor.xyz;\n                Output = vec4(_608.x, _608.y, _608.z, Output.w);\n            }\n            else\n            {\n                if (fFalloffParameter.y == 2.0)\n                {\n                    vec3 _621 = Output.xyz * FalloffBlendColor.xyz;\n                    Output = vec4(_621.x, _621.y, _621.z, Output.w);\n                }\n            }\n        }\n        Output.w *= FalloffBlendColor.w;\n    }\n    vec3 _635 = Output.xyz * fEmissiveScaling.x;\n    Output = vec4(_635.x, _635.y, _635.z, Output.w);\n    if (Output.w <= max(0.0, advancedParam.AlphaThreshold))\n    {\n        discard;\n    }\n    vec3 _667 = mix(fEdgeColor.xyz * fEdgeParameter.y, Output.xyz, vec3(ceil((Output.w - advancedParam.AlphaThreshold) - fEdgeParameter.x)));\n    Output = vec4(_667.x, _667.y, _667.z, Output.w);\n    vec4 param_19 = Output;\n    bool param_20 = convertColorSpace;\n    return ConvertToScreen(param_19, param_20);\n}\nvec4 frag()\n{\n    PS_Input Input;\n    Input.PosVS = gl_FragCoord;\n    Input.Color = _VSPS_Color;\n    Input.UV_Others = _VSPS_UV_Others;\n    Input.WorldN = _VSPS_WorldN;\n    Input.WorldB = _VSPS_WorldB;\n    Input.WorldT = _VSPS_WorldT;\n    Input.Alpha_Dist_UV = _VSPS_Alpha_Dist_UV;\n    Input.Blend_Alpha_Dist_UV = _VSPS_Blend_Alpha_Dist_UV;\n    Input.Blend_FBNextIndex_UV = _VSPS_Blend_FBNextIndex_UV;\n    return _main(Input);\n}\nlayout(location = 0) out vec4 cc_FragColor;\nvoid main() { cc_FragColor = frag(); }"
      },
      "glsl1": {
        "vert": "\nprecision highp float;\nstruct VS_Output\n{\n    vec4 PosVS;\n    vec4 Color;\n    vec4 UV_Others;\n    vec3 WorldN;\n    vec3 WorldB;\n    vec3 WorldT;\n    vec4 Alpha_Dist_UV;\n    vec4 Blend_Alpha_Dist_UV;\n    vec4 Blend_FBNextIndex_UV;\n};\nstruct VS_Input\n{\n    vec3 Pos;\n    vec3 Normal;\n    vec3 Binormal;\n    vec3 Tangent;\n    vec2 UV;\n    vec4 Color;\n};\n   uniform mat4 mCameraProj;\n   uniform mat4 mModel;\n   uniform vec4 fUV;\n   uniform vec4 fAlphaUV;\n   uniform vec4 fUVDistortionUV;\n   uniform vec4 fBlendUV;\n   uniform vec4 fBlendAlphaUV;\n   uniform vec4 fBlendUVDistortionUV;\n   uniform vec4 flipbookParameter1;\n   uniform vec4 flipbookParameter2;\n   uniform vec4 fFlipbookIndexAndNextRate;\n   uniform vec4 fModelAlphaThreshold;\n   uniform vec4 fModelColor;\n   uniform vec4 mUVInversed;\nattribute vec3 Input_Pos;\nattribute vec3 Input_Normal;\nattribute vec3 Input_Binormal;\nattribute vec3 Input_Tangent;\nattribute vec2 Input_UV;\nattribute vec4 Input_Color;\nvarying vec4 _VSPS_Color;\nvarying vec4 _VSPS_UV_Others;\nvarying vec3 _VSPS_WorldN;\nvarying vec3 _VSPS_WorldB;\nvarying vec3 _VSPS_WorldT;\nvarying vec4 _VSPS_Alpha_Dist_UV;\nvarying vec4 _VSPS_Blend_Alpha_Dist_UV;\nvarying vec4 _VSPS_Blend_FBNextIndex_UV;\nfloat IntMod(float x, float y)\n{\n    return floor(mod(x, y));\n}\nvec2 GetFlipbookOriginUV(vec2 FlipbookUV, float FlipbookIndex, float DivideX, vec2 flipbookOneSize, vec2 flipbookOffset)\n{\n    float param = FlipbookIndex;\n    float param_1 = DivideX;\n    vec2 DivideIndex;\n    DivideIndex.x = IntMod(param, param_1);\n    DivideIndex.y = float(int(FlipbookIndex) / int(DivideX));\n    vec2 UVOffset = (DivideIndex * flipbookOneSize) + flipbookOffset;\n    return FlipbookUV - UVOffset;\n}\nvec2 GetFlipbookUVForIndex(vec2 OriginUV, float Index, float DivideX, vec2 flipbookOneSize, vec2 flipbookOffset)\n{\n    float param = Index;\n    float param_1 = DivideX;\n    vec2 DivideIndex;\n    DivideIndex.x = IntMod(param, param_1);\n    DivideIndex.y = float(int(Index) / int(DivideX));\n    return (OriginUV + (DivideIndex * flipbookOneSize)) + flipbookOffset;\n}\nvoid ApplyFlipbookVS(inout float flipbookRate, inout vec2 flipbookUV, vec4 flipbookParameter1, vec4 flipbookParameter2, float flipbookIndex, vec2 uv, vec2 uvInversed)\n{\n    float flipbookEnabled = flipbookParameter1.x;\n    float flipbookLoopType = flipbookParameter1.y;\n    float divideX = flipbookParameter1.z;\n    float divideY = flipbookParameter1.w;\n    vec2 flipbookOneSize = flipbookParameter2.xy;\n    vec2 flipbookOffset = flipbookParameter2.zw;\n    if (flipbookEnabled > 0.0)\n    {\n        flipbookRate = fract(flipbookIndex);\n        float Index = floor(flipbookIndex);\n        float IndexOffset = 1.0;\n        float NextIndex = Index + IndexOffset;\n        float FlipbookMaxCount = divideX * divideY;\n        if (flipbookLoopType == 0.0)\n        {\n            if (NextIndex >= FlipbookMaxCount)\n            {\n                NextIndex = FlipbookMaxCount - 1.0;\n                Index = FlipbookMaxCount - 1.0;\n            }\n        }\n        else\n        {\n            if (flipbookLoopType == 1.0)\n            {\n                Index = mod(Index, FlipbookMaxCount);\n                NextIndex = mod(NextIndex, FlipbookMaxCount);\n            }\n            else\n            {\n                if (flipbookLoopType == 2.0)\n                {\n                    bool Reverse = mod(floor(Index / FlipbookMaxCount), 2.0) == 1.0;\n                    Index = mod(Index, FlipbookMaxCount);\n                    if (Reverse)\n                    {\n                        Index = (FlipbookMaxCount - 1.0) - floor(Index);\n                    }\n                    Reverse = mod(floor(NextIndex / FlipbookMaxCount), 2.0) == 1.0;\n                    NextIndex = mod(NextIndex, FlipbookMaxCount);\n                    if (Reverse)\n                    {\n                        NextIndex = (FlipbookMaxCount - 1.0) - floor(NextIndex);\n                    }\n                }\n            }\n        }\n        vec2 notInversedUV = uv;\n        notInversedUV.y = uvInversed.x + (uvInversed.y * notInversedUV.y);\n        vec2 param = notInversedUV;\n        float param_1 = Index;\n        float param_2 = divideX;\n        vec2 param_3 = flipbookOneSize;\n        vec2 param_4 = flipbookOffset;\n        vec2 OriginUV = GetFlipbookOriginUV(param, param_1, param_2, param_3, param_4);\n        vec2 param_5 = OriginUV;\n        float param_6 = NextIndex;\n        float param_7 = divideX;\n        vec2 param_8 = flipbookOneSize;\n        vec2 param_9 = flipbookOffset;\n        flipbookUV = GetFlipbookUVForIndex(param_5, param_6, param_7, param_8, param_9);\n        flipbookUV.y = uvInversed.x + (uvInversed.y * flipbookUV.y);\n    }\n}\nvoid CalculateAndStoreAdvancedParameter(vec2 uv, vec2 uv1, vec4 alphaUV, vec4 uvDistortionUV, vec4 blendUV, vec4 blendAlphaUV, vec4 blendUVDistortionUV, float flipbookIndexAndNextRate, float modelAlphaThreshold, inout VS_Output vsoutput)\n{\n    vsoutput.Alpha_Dist_UV.x = (uv.x * alphaUV.z) + alphaUV.x;\n    vsoutput.Alpha_Dist_UV.y = (uv.y * alphaUV.w) + alphaUV.y;\n    vsoutput.Alpha_Dist_UV.z = (uv.x * uvDistortionUV.z) + uvDistortionUV.x;\n    vsoutput.Alpha_Dist_UV.w = (uv.y * uvDistortionUV.w) + uvDistortionUV.y;\n    vsoutput.Blend_FBNextIndex_UV.x = (uv.x * blendUV.z) + blendUV.x;\n    vsoutput.Blend_FBNextIndex_UV.y = (uv.y * blendUV.w) + blendUV.y;\n    vsoutput.Blend_Alpha_Dist_UV.x = (uv.x * blendAlphaUV.z) + blendAlphaUV.x;\n    vsoutput.Blend_Alpha_Dist_UV.y = (uv.y * blendAlphaUV.w) + blendAlphaUV.y;\n    vsoutput.Blend_Alpha_Dist_UV.z = (uv.x * blendUVDistortionUV.z) + blendUVDistortionUV.x;\n    vsoutput.Blend_Alpha_Dist_UV.w = (uv.y * blendUVDistortionUV.w) + blendUVDistortionUV.y;\n    float flipbookRate = 0.0;\n    vec2 flipbookNextIndexUV = vec2(0.0);\n    float param = flipbookRate;\n    vec2 param_1 = flipbookNextIndexUV;\n    vec4 param_2 = flipbookParameter1;\n    vec4 param_3 = flipbookParameter2;\n    float param_4 = flipbookIndexAndNextRate;\n    vec2 param_5 = uv1;\n    vec2 param_6 = vec2(mUVInversed.xy);\n    ApplyFlipbookVS(param, param_1, param_2, param_3, param_4, param_5, param_6);\n    flipbookRate = param;\n    flipbookNextIndexUV = param_1;\n    vsoutput.Blend_FBNextIndex_UV = vec4(vsoutput.Blend_FBNextIndex_UV.x, vsoutput.Blend_FBNextIndex_UV.y, flipbookNextIndexUV.x, flipbookNextIndexUV.y);\n    vsoutput.UV_Others.z = flipbookRate;\n    vsoutput.UV_Others.w = modelAlphaThreshold;\n    vsoutput.Alpha_Dist_UV.y = mUVInversed.x + (mUVInversed.y * vsoutput.Alpha_Dist_UV.y);\n    vsoutput.Alpha_Dist_UV.w = mUVInversed.x + (mUVInversed.y * vsoutput.Alpha_Dist_UV.w);\n    vsoutput.Blend_FBNextIndex_UV.y = mUVInversed.x + (mUVInversed.y * vsoutput.Blend_FBNextIndex_UV.y);\n    vsoutput.Blend_Alpha_Dist_UV.y = mUVInversed.x + (mUVInversed.y * vsoutput.Blend_Alpha_Dist_UV.y);\n    vsoutput.Blend_Alpha_Dist_UV.w = mUVInversed.x + (mUVInversed.y * vsoutput.Blend_Alpha_Dist_UV.w);\n}\nVS_Output _main(VS_Input Input)\n{\n    vec4 uv = fUV;\n    vec4 alphaUV = fAlphaUV;\n    vec4 uvDistortionUV = fUVDistortionUV;\n    vec4 blendUV = fBlendUV;\n    vec4 blendAlphaUV = fBlendAlphaUV;\n    vec4 blendUVDistortionUV = fBlendUVDistortionUV;\n    vec4 modelColor = fModelColor * Input.Color;\n    float flipbookIndexAndNextRate = fFlipbookIndexAndNextRate.x;\n    float modelAlphaThreshold = fModelAlphaThreshold.x;\n    VS_Output Output = VS_Output(vec4(0.0), vec4(0.0), vec4(0.0), vec3(0.0), vec3(0.0), vec3(0.0), vec4(0.0), vec4(0.0), vec4(0.0));\n    vec4 localPosition = vec4(Input.Pos.x, Input.Pos.y, Input.Pos.z, 1.0);\n    vec4 worldPos = mModel * localPosition;\n    Output.PosVS = mCameraProj * worldPos;\n    vec2 outputUV = Input.UV;\n    outputUV.x = (outputUV.x * uv.z) + uv.x;\n    outputUV.y = (outputUV.y * uv.w) + uv.y;\n    outputUV.y = mUVInversed.x + (mUVInversed.y * outputUV.y);\n    Output.UV_Others = vec4(outputUV.x, outputUV.y, Output.UV_Others.z, Output.UV_Others.w);\n    vec4 localNormal = vec4(Input.Normal.x, Input.Normal.y, Input.Normal.z, 0.0);\n    vec4 localBinormal = vec4(Input.Binormal.x, Input.Binormal.y, Input.Binormal.z, 0.0);\n    vec4 localTangent = vec4(Input.Tangent.x, Input.Tangent.y, Input.Tangent.z, 0.0);\n    vec4 worldNormal = mModel * localNormal;\n    vec4 worldBinormal = mModel * localBinormal;\n    vec4 worldTangent = mModel * localTangent;\n    worldNormal = normalize(worldNormal);\n    worldBinormal = normalize(worldBinormal);\n    worldTangent = normalize(worldTangent);\n    Output.WorldN = worldNormal.xyz;\n    Output.WorldB = worldBinormal.xyz;\n    Output.WorldT = worldTangent.xyz;\n    Output.Color = modelColor;\n    vec2 param = Input.UV;\n    vec2 param_1 = Output.UV_Others.xy;\n    vec4 param_2 = alphaUV;\n    vec4 param_3 = uvDistortionUV;\n    vec4 param_4 = blendUV;\n    vec4 param_5 = blendAlphaUV;\n    vec4 param_6 = blendUVDistortionUV;\n    float param_7 = flipbookIndexAndNextRate;\n    float param_8 = modelAlphaThreshold;\n    VS_Output param_9 = Output;\n    CalculateAndStoreAdvancedParameter(param, param_1, param_2, param_3, param_4, param_5, param_6, param_7, param_8, param_9);\n    Output = param_9;\n    return Output;\n}\nvec4 vert()\n{\n    VS_Input Input;\n    Input.Pos = Input_Pos;\n    Input.Normal = Input_Normal;\n    Input.Binormal = Input_Binormal;\n    Input.Tangent = Input_Tangent;\n    Input.UV = Input_UV;\n    Input.Color = Input_Color;\n    VS_Output flattenTemp = _main(Input);\n    _VSPS_Color = flattenTemp.Color;\n    _VSPS_UV_Others = flattenTemp.UV_Others;\n    _VSPS_WorldN = flattenTemp.WorldN;\n    _VSPS_WorldB = flattenTemp.WorldB;\n    _VSPS_WorldT = flattenTemp.WorldT;\n    _VSPS_Alpha_Dist_UV = flattenTemp.Alpha_Dist_UV;\n    _VSPS_Blend_Alpha_Dist_UV = flattenTemp.Blend_Alpha_Dist_UV;\n    _VSPS_Blend_FBNextIndex_UV = flattenTemp.Blend_FBNextIndex_UV;\n    return flattenTemp.PosVS;\n}\nvoid main() { gl_Position = vert(); }",
        "frag": "\nprecision highp float;\nstruct PS_Input\n{\n    vec4 PosVS;\n    vec4 Color;\n    vec4 UV_Others;\n    vec3 WorldN;\n    vec3 WorldB;\n    vec3 WorldT;\n    vec4 Alpha_Dist_UV;\n    vec4 Blend_Alpha_Dist_UV;\n    vec4 Blend_FBNextIndex_UV;\n};\nstruct AdvancedParameter\n{\n    vec2 AlphaUV;\n    vec2 UVDistortionUV;\n    vec2 BlendUV;\n    vec2 BlendAlphaUV;\n    vec2 BlendUVDistortionUV;\n    vec2 FlipbookNextIndexUV;\n    float FlipbookRate;\n    float AlphaThreshold;\n};\n   uniform vec4 fLightDirection;\n   uniform vec4 fLightColor;\n   uniform vec4 fLightAmbient;\n   uniform vec4 fFlipbookParameter;\n   uniform vec4 fUVDistortionParameter;\n   uniform vec4 fBlendTextureParameter;\n   uniform vec4 fCameraFrontDirection;\n   uniform vec4 fFalloffParameter;\n   uniform vec4 fFalloffBeginColor;\n   uniform vec4 fFalloffEndColor;\n   uniform vec4 fEmissiveScaling;\n   uniform vec4 fEdgeColor;\n   uniform vec4 fEdgeParameter;\n   uniform vec4 miscFlags;\nuniform sampler2D Sampler_sampler_uvDistortionTex;\nuniform sampler2D Sampler_sampler_colorTex;\nuniform sampler2D Sampler_sampler_normalTex;\nuniform sampler2D Sampler_sampler_alphaTex;\nuniform sampler2D Sampler_sampler_blendUVDistortionTex;\nuniform sampler2D Sampler_sampler_blendTex;\nuniform sampler2D Sampler_sampler_blendAlphaTex;\nvarying vec4 _VSPS_Color;\nvarying vec4 _VSPS_UV_Others;\nvarying vec3 _VSPS_WorldN;\nvarying vec3 _VSPS_WorldB;\nvarying vec3 _VSPS_WorldT;\nvarying vec4 _VSPS_Alpha_Dist_UV;\nvarying vec4 _VSPS_Blend_Alpha_Dist_UV;\nvarying vec4 _VSPS_Blend_FBNextIndex_UV;\nAdvancedParameter DisolveAdvancedParameter(PS_Input psinput)\n{\n    AdvancedParameter ret;\n    ret.AlphaUV = psinput.Alpha_Dist_UV.xy;\n    ret.UVDistortionUV = psinput.Alpha_Dist_UV.zw;\n    ret.BlendUV = psinput.Blend_FBNextIndex_UV.xy;\n    ret.BlendAlphaUV = psinput.Blend_Alpha_Dist_UV.xy;\n    ret.BlendUVDistortionUV = psinput.Blend_Alpha_Dist_UV.zw;\n    ret.FlipbookNextIndexUV = psinput.Blend_FBNextIndex_UV.zw;\n    ret.FlipbookRate = psinput.UV_Others.z;\n    ret.AlphaThreshold = psinput.UV_Others.w;\n    return ret;\n}\nvec3 PositivePow(vec3 base, vec3 power)\n{\n    return pow(max(abs(base), vec3(1.1920928955078125e-07)), power);\n}\nvec3 LinearToSRGB(vec3 c)\n{\n    vec3 param = c;\n    vec3 param_1 = vec3(0.4166666567325592041015625);\n    return max((PositivePow(param, param_1) * 1.05499994754791259765625) - vec3(0.054999999701976776123046875), vec3(0.0));\n}\nvec4 LinearToSRGB(vec4 c)\n{\n    vec3 param = c.xyz;\n    return vec4(LinearToSRGB(param), c.w);\n}\nvec4 ConvertFromSRGBTexture(vec4 c, bool isValid)\n{\n    if (!isValid)\n    {\n        return c;\n    }\n    vec4 param = c;\n    return LinearToSRGB(param);\n}\nvec2 UVDistortionOffset(vec2 uv, vec2 uvInversed, bool convertFromSRGB, sampler2D SPIRV_Cross_Combinedts)\n{\n    vec4 sampledColor = texture2D(SPIRV_Cross_Combinedts, uv);\n    if (convertFromSRGB)\n    {\n        vec4 param = sampledColor;\n        bool param_1 = convertFromSRGB;\n        sampledColor = ConvertFromSRGBTexture(param, param_1);\n    }\n    vec2 UVOffset = (sampledColor.xy * 2.0) - vec2(1.0);\n    UVOffset.y *= (-1.0);\n    UVOffset.y = uvInversed.x + (uvInversed.y * UVOffset.y);\n    return UVOffset;\n}\nvoid ApplyFlipbook(inout vec4 dst, vec4 flipbookParameter, vec4 vcolor, vec2 nextUV, float flipbookRate, bool convertFromSRGB, sampler2D SPIRV_Cross_Combinedts)\n{\n    if (flipbookParameter.x > 0.0)\n    {\n        vec4 sampledColor = texture2D(SPIRV_Cross_Combinedts, nextUV);\n        if (convertFromSRGB)\n        {\n            vec4 param = sampledColor;\n            bool param_1 = convertFromSRGB;\n            sampledColor = ConvertFromSRGBTexture(param, param_1);\n        }\n        vec4 NextPixelColor = sampledColor * vcolor;\n        if (flipbookParameter.y == 1.0)\n        {\n            dst = mix(dst, NextPixelColor, vec4(flipbookRate));\n        }\n    }\n}\nvoid ApplyTextureBlending(inout vec4 dstColor, vec4 blendColor, float blendType)\n{\n    if (blendType == 0.0)\n    {\n        vec3 _214 = (blendColor.xyz * blendColor.w) + (dstColor.xyz * (1.0 - blendColor.w));\n        dstColor = vec4(_214.x, _214.y, _214.z, dstColor.w);\n    }\n    else\n    {\n        if (blendType == 1.0)\n        {\n            vec3 _226 = dstColor.xyz + (blendColor.xyz * blendColor.w);\n            dstColor = vec4(_226.x, _226.y, _226.z, dstColor.w);\n        }\n        else\n        {\n            if (blendType == 2.0)\n            {\n                vec3 _239 = dstColor.xyz - (blendColor.xyz * blendColor.w);\n                dstColor = vec4(_239.x, _239.y, _239.z, dstColor.w);\n            }\n            else\n            {\n                if (blendType == 3.0)\n                {\n                    vec3 _252 = dstColor.xyz * (blendColor.xyz * blendColor.w);\n                    dstColor = vec4(_252.x, _252.y, _252.z, dstColor.w);\n                }\n            }\n        }\n    }\n}\nvec3 SRGBToLinear(vec3 c)\n{\n    return min(c, c * ((c * ((c * 0.305306017398834228515625) + vec3(0.6821711063385009765625))) + vec3(0.01252287812530994415283203125)));\n}\nvec4 SRGBToLinear(vec4 c)\n{\n    vec3 param = c.xyz;\n    return vec4(SRGBToLinear(param), c.w);\n}\nvec4 ConvertToScreen(vec4 c, bool isValid)\n{\n    if (!isValid)\n    {\n        return c;\n    }\n    vec4 param = c;\n    return SRGBToLinear(param);\n}\nvec4 _main(PS_Input Input)\n{\n    bool convertColorSpace = !(miscFlags.x == 0.0);\n    PS_Input param = Input;\n    AdvancedParameter advancedParam = DisolveAdvancedParameter(param);\n    vec2 param_1 = advancedParam.UVDistortionUV;\n    vec2 param_2 = fUVDistortionParameter.zw;\n    bool param_3 = convertColorSpace;\n    vec2 UVOffset = UVDistortionOffset(param_1, param_2, param_3, Sampler_sampler_uvDistortionTex);\n    UVOffset *= fUVDistortionParameter.x;\n    vec4 param_4 = texture2D(Sampler_sampler_colorTex, Input.UV_Others.xy + UVOffset);\n    bool param_5 = convertColorSpace;\n    vec4 Output = ConvertFromSRGBTexture(param_4, param_5) * Input.Color;\n    vec3 texNormal = (texture2D(Sampler_sampler_normalTex, Input.UV_Others.xy + UVOffset).xyz - vec3(0.5)) * 2.0;\n    vec3 localNormal = normalize(mat3(vec3(Input.WorldT), vec3(Input.WorldB), vec3(Input.WorldN)) * texNormal);\n    vec4 param_6 = Output;\n    float param_7 = advancedParam.FlipbookRate;\n    bool param_8 = convertColorSpace;\n    ApplyFlipbook(param_6, fFlipbookParameter, Input.Color, advancedParam.FlipbookNextIndexUV + UVOffset, param_7, param_8, Sampler_sampler_colorTex);\n    Output = param_6;\n    vec4 param_9 = texture2D(Sampler_sampler_alphaTex, advancedParam.AlphaUV + UVOffset);\n    bool param_10 = convertColorSpace;\n    vec4 AlphaTexColor = ConvertFromSRGBTexture(param_9, param_10);\n    Output.w *= (AlphaTexColor.x * AlphaTexColor.w);\n    vec2 param_11 = advancedParam.BlendUVDistortionUV;\n    vec2 param_12 = fUVDistortionParameter.zw;\n    bool param_13 = convertColorSpace;\n    vec2 BlendUVOffset = UVDistortionOffset(param_11, param_12, param_13, Sampler_sampler_blendUVDistortionTex);\n    BlendUVOffset *= fUVDistortionParameter.y;\n    vec4 param_14 = texture2D(Sampler_sampler_blendTex, advancedParam.BlendUV + BlendUVOffset);\n    bool param_15 = convertColorSpace;\n    vec4 BlendTextureColor = ConvertFromSRGBTexture(param_14, param_15);\n    vec4 param_16 = texture2D(Sampler_sampler_blendAlphaTex, advancedParam.BlendAlphaUV + BlendUVOffset);\n    bool param_17 = convertColorSpace;\n    vec4 BlendAlphaTextureColor = ConvertFromSRGBTexture(param_16, param_17);\n    BlendTextureColor.w *= (BlendAlphaTextureColor.x * BlendAlphaTextureColor.w);\n    vec4 param_18 = Output;\n    ApplyTextureBlending(param_18, BlendTextureColor, fBlendTextureParameter.x);\n    Output = param_18;\n    float diffuse = max(dot(fLightDirection.xyz, localNormal), 0.0);\n    vec3 _549 = Output.xyz * ((fLightColor.xyz * diffuse) + fLightAmbient.xyz);\n    Output = vec4(_549.x, _549.y, _549.z, Output.w);\n    if (fFalloffParameter.x == 1.0)\n    {\n        vec3 cameraVec = normalize(-fCameraFrontDirection.xyz);\n        float CdotN = clamp(dot(cameraVec, vec3(localNormal.x, localNormal.y, localNormal.z)), 0.0, 1.0);\n        vec4 FalloffBlendColor = mix(fFalloffEndColor, fFalloffBeginColor, vec4(pow(CdotN, fFalloffParameter.z)));\n        if (fFalloffParameter.y == 0.0)\n        {\n            vec3 _595 = Output.xyz + FalloffBlendColor.xyz;\n            Output = vec4(_595.x, _595.y, _595.z, Output.w);\n        }\n        else\n        {\n            if (fFalloffParameter.y == 1.0)\n            {\n                vec3 _608 = Output.xyz - FalloffBlendColor.xyz;\n                Output = vec4(_608.x, _608.y, _608.z, Output.w);\n            }\n            else\n            {\n                if (fFalloffParameter.y == 2.0)\n                {\n                    vec3 _621 = Output.xyz * FalloffBlendColor.xyz;\n                    Output = vec4(_621.x, _621.y, _621.z, Output.w);\n                }\n            }\n        }\n        Output.w *= FalloffBlendColor.w;\n    }\n    vec3 _635 = Output.xyz * fEmissiveScaling.x;\n    Output = vec4(_635.x, _635.y, _635.z, Output.w);\n    if (Output.w <= max(0.0, advancedParam.AlphaThreshold))\n    {\n        discard;\n    }\n    vec3 _667 = mix(fEdgeColor.xyz * fEdgeParameter.y, Output.xyz, vec3(ceil((Output.w - advancedParam.AlphaThreshold) - fEdgeParameter.x)));\n    Output = vec4(_667.x, _667.y, _667.z, Output.w);\n    vec4 param_19 = Output;\n    bool param_20 = convertColorSpace;\n    return ConvertToScreen(param_19, param_20);\n}\nvec4 frag()\n{\n    PS_Input Input;\n    Input.PosVS = gl_FragCoord;\n    Input.Color = _VSPS_Color;\n    Input.UV_Others = _VSPS_UV_Others;\n    Input.WorldN = _VSPS_WorldN;\n    Input.WorldB = _VSPS_WorldB;\n    Input.WorldT = _VSPS_WorldT;\n    Input.Alpha_Dist_UV = _VSPS_Alpha_Dist_UV;\n    Input.Blend_Alpha_Dist_UV = _VSPS_Blend_Alpha_Dist_UV;\n    Input.Blend_FBNextIndex_UV = _VSPS_Blend_FBNextIndex_UV;\n    return _main(Input);\n}\nvoid main() { gl_FragColor = frag(); }"
      },
      "builtins": {
        "globals": {
          "blocks": [],
          "samplerTextures": [],
          "buffers": [],
          "images": []
        },
        "locals": {
          "blocks": [],
          "samplerTextures": [],
          "buffers": [],
          "images": []
        },
        "statistics": {
          "CC_EFFECT_USED_VERTEX_UNIFORM_VECTORS": 23,
          "CC_EFFECT_USED_FRAGMENT_UNIFORM_VECTORS": 18
        }
      },
      "defines": [],
      "name": "../material/model/efk_model_ad_lit|ad_model_lit_vs:vert|ad_model_lit_ps:frag"
    }
  ],
  "combinations": [],
  "hideInEditor": false
}