{
  "__version__": "1.0.1",
  "builder": {
    "common": {
      "buildPath": "project://build",
      "outputName": "android",
      "mainBundleCompressionType": "merge_dep",
      "platform": "android",
      "debug": true
    },
    "options": {
      "android": {
        "packageName": "com.cocos.testAndroid",
        "orientation": {
          "portrait": false,
          "upsideDown": false,
          "landscapeRight": true,
          "landscapeLeft": true
        },
        "apiLevel": 26,
        "appABIs": [
          "arm64-v8a"
        ],
        "useDebugKeystore": true,
        "keystorePath": "",
        "keystorePassword": "",
        "keystoreAlias": "",
        "keystoreAliasPassword": "",
        "appBundle": false,
        "androidInstant": false,
        "inputSDK": false,
        "remoteUrl": "",
        "sdkPath": "",
        "ndkPath": "",
        "renderBackEnd": {
          "vulkan": false,
          "gles3": true,
          "gles2": true
        },
        "swappy": false,
        "__version__": "1.0.1"
      }
    },
    "taskOptionsMap": {
      "1706860774575": {
        "packageName": "com.cocos.testAndroid",
        "orientation": {
          "portrait": false,
          "upsideDown": false,
          "landscapeRight": true,
          "landscapeLeft": true
        },
        "apiLevel": 26,
        "appABIs": [
          "arm64-v8a"
        ],
        "useDebugKeystore": true,
        "keystorePath": "",
        "keystorePassword": "",
        "keystoreAlias": "",
        "keystoreAliasPassword": "",
        "appBundle": false,
        "androidInstant": false,
        "inputSDK": false,
        "remoteUrl": "",
        "sdkPath": "",
        "ndkPath": "",
        "renderBackEnd": {
          "vulkan": false,
          "gles3": true,
          "gles2": true
        },
        "swappy": false,
        "__version__": "1.0.1"
      }
    },
    "__version__": "1.3.6"
  }
}
