{
  "__version__": "1.3.7",
  "log": {
    "level": 4
  },
  "common": {
    "polyfills": {
      "asyncFunctions": true
    },
    "buildPath": "project://build",
    "outputName": "android",
    "mainBundleCompressionType": "merge_dep",
    "platform": "android",
    "debug": true
  },
  "BuildTaskManager": {
    "taskMap": {
      "1706860774575": {
        "type": "build",
        "id": "1706860774575",
        "progress": 1,
        "state": "success",
        "stage": "build",
        "message": "2024-2-2 16:00:13 build success in 38890 ms!",
        "options": {
          "name": "TestEfkCamera",
          "server": "",
          "platform": "android",
          "buildPath": "project://build",
          "debug": true,
          "md5Cache": false,
          "skipCompressTexture": false,
          "sourceMaps": false,
          "polyfills": {
            "asyncFunctions": false
          },
          "experimentalEraseModules": false,
          "startSceneAssetBundle": false,
          "bundleConfigs": [],
          "useBuiltinServer": false,
          "mainBundleIsRemote": false,
          "mainBundleCompressionType": "merge_dep",
          "useSplashScreen": true,
          "bundleCommonChunk": false,
          "packAutoAtlas": true,
          "startScene": "13c13ba3-a988-4acc-8bca-aee3bd2a3001",
          "outputName": "android",
          "taskName": "android",
          "scenes": [
            {
              "url": "db://assets/scene.scene",
              "uuid": "13c13ba3-a988-4acc-8bca-aee3bd2a3001"
            }
          ],
          "packages": {},
          "__version__": "1.3.6",
          "buildMode": "normal",
          "logDest": "project://temp/builder/log/android2024-2-2 15-59.log"
        },
        "time": "2024-2-2 15:59:34",
        "dirty": false
      }
    }
  }
}
