{"isMuted":false,"showFps":false,"logCount":"3","retinaEnable":true,"autoUpdateTree":true,"displayAsFairyTree":false,"hideFairyComContainer":false,"syncNodeDetail":true,"disableWebSec":false,"showDevToolInTab":false,"size":[650,885],"extraSizes":[{"name":"custom","s":[320,800]}],"isPortrait":false,"show":false,"urlParams":"","customUrl":"","clearLogAfterRefresh":true,"extensionFile":"","enableExtension":true,"statisticing":false,"statistics":null,"sortCompProperties":{"<UITransform>":true,"<Sprite>":true,"<Button>":true,"<Animation>":true,"<Layout>":true,"<UIOpacity>":true,"<Mask>":true,"<Graphics>":true,"<Widget>":true,"<s3App>":true,"<AutoResize>":true,"<Label>":true,"<LabelOutline>":true,"<MallRechargeViewUI>":true,"<BlockInputEvents>":true,"<AnimAudioInsertion>":true,"<MorphPieceRewardUI>":true,"<CameraComponent>":true,"<CameraResize>":true,"<App>":true,"<GameLoadingBar>":true,"<Controllable>":true,"<rewardView>":true,"<PlayOnEnable>":true,"<MallChooseChannel>":true,"<ItemIcon>":true,"<SystemUI>":true,"<Canvas>":true,"<PersistCanvas>":true},"simpleMode":false,"orderNum":"2222","showDc":false,"showChildrenCount":false,"openArrayLimit":5,"prefabFontSize":1.15,"useChinese":false,"httpProxyServer":"","proxyBypassRules":"","openHttpProxy":false,"propertyAlignLeft":false}