[
  {
    "__type__": "cc.Prefab",
    "_name": "Blocks_wing",
    "_objFlags": 0,
    "_native": "",
    "data": {
      "__id__": 1
    },
    "optimizationPolicy": 0,
    "persistent": false,
    "asyncLoadAssets": false
  },
  {
    "__type__": "cc.Node",
    "_name": "Blocks_wing",
    "_objFlags": 0,
    "__editorExtras__": {},
    "_parent": null,
    "_children": [],
    "_active": true,
    "_components": [
      {
        "__id__": 2
      }
    ],
    "_prefab": {
      "__id__": 4
    },
    "_lpos": {
      "__type__": "cc.Vec3",
      "x": 0,
      "y": 0,
      "z": 0
    },
    "_lrot": {
      "__type__": "cc.Quat",
      "x": 0,
      "y": 0,
      "z": 0,
      "w": 1
    },
    "_lscale": {
      "__type__": "cc.Vec3",
      "x": 1,
      "y": 1,
      "z": 1
    },
    "_layer": 1073741824,
    "_euler": {
      "__type__": "cc.Vec3",
      "x": 0,
      "y": 0,
      "z": 0
    },
    "_repeat": false,
    "_id": ""
  },
  {
    "__type__": "1d189MYptBN74HAnWl02Xv/",
    "_name": "",
    "_objFlags": 0,
    "node": {
      "__id__": 1
    },
    "_enabled": true,
    "__prefab": {
      "__id__": 3
    },
    "_materials": [
      {
        "__uuid__": "1e882b2b-ff85-45c0-b49b-5ad0d0f63f3c",
        "__expectedType__": "cc.Material"
      }
    ],
    "_visFlags": 0,
    "_efk": {
      "__uuid__": "51ddd0ab-417a-4523-b538-dbf4547bab96",
      "__expectedType__": "cc.Asset"
    },
    "efkModels": [],
    "efkTextures": [
      {
        "__uuid__": "d96be3e6-b12f-4df0-b740-77419829e5df@6c48a",
        "__expectedType__": "cc.Texture2D"
      },
      {
        "__uuid__": "3797aeaa-101e-4036-90f6-e56284cb5d57@6c48a",
        "__expectedType__": "cc.Texture2D"
      }
    ],
    "efkMats": [
      {
        "__uuid__": "4ced4e73-f0ff-4f50-b20e-6bc7cafe2d82",
        "__expectedType__": "cc.Asset"
      }
    ],
    "efkConfig": {
      "__uuid__": "6b7033b8-a9a2-4026-9cef-cace182c35fb",
      "__expectedType__": "cc.Prefab"
    },
    "_id": ""
  },
  {
    "__type__": "cc.CompPrefabInfo",
    "fileId": "23wZoqqE9CxKe1ovxph5Mj"
  },
  {
    "__type__": "cc.PrefabInfo",
    "root": {
      "__id__": 1
    },
    "asset": {
      "__id__": 0
    },
    "fileId": "caFT9+BCNB65pJBd9nBgRZ"
  }
]