{
  "__version__": "1.0.1",
  "information": {
    "customSplash": {
      "id": "customSplash",
      "label": "customSplash",
      "enable": true,
      "customSplash": {
        "complete": false,
        "form": "https://creator-api.cocos.com/api/form/show?sid=e2735a1c22661317e584b2f471a3d0f5"
      }
    },
    "removeSplash": {
      "id": "removeSplash",
      "label": "removeSplash",
      "enable": true,
      "removeSplash": {
        "complete": false,
        "form": "https://creator-api.cocos.com/api/form/show?sid=e2735a1c22661317e584b2f471a3d0f5"
      }
    }
  }
}
