{
  "__version__": "1.0.1",
  "builder": {
    "common": {
      "buildPath": "project://build",
      "outputName": "android",
      "mainBundleCompressionType": "merge_dep",
      "platform": "android",
      "startScene": "dc87340b-783c-4aa5-8535-a8c78b5054c9",
      "scenes": [
        {
          "url": "db://assets/SetSlotTexture.scene",
          "uuid": "dc87340b-783c-4aa5-8535-a8c78b5054c9"
        }
      ],
      "debug": true
    },
    "options": {
      "android": {
        "packageName": "com.cocos.testAndroid",
        "resizeableActivity": true,
        "maxAspectRatio": "2.4",
        "orientation": {
          "portrait": false,
          "upsideDown": false,
          "landscapeRight": true,
          "landscapeLeft": true
        },
        "apiLevel": 30,
        "appABIs": [
          "arm64-v8a"
        ],
        "useDebugKeystore": true,
        "keystorePath": "",
        "keystorePassword": "",
        "keystoreAlias": "",
        "keystoreAliasPassword": "",
        "appBundle": false,
        "androidInstant": false,
        "inputSDK": false,
        "remoteUrl": "",
        "sdkPath": "",
        "ndkPath": "",
        "javaHome": "",
        "javaPath": "",
        "renderBackEnd": {
          "vulkan": false,
          "gles3": true,
          "gles2": true
        },
        "swappy": false,
        "__version__": "1.0.1"
      }
    },
    "taskOptionsMap": {
      "1717038978122": {
        "packageName": "com.cocos.testAndroid",
        "resizeableActivity": true,
        "maxAspectRatio": "2.4",
        "orientation": {
          "portrait": false,
          "upsideDown": false,
          "landscapeRight": true,
          "landscapeLeft": true
        },
        "apiLevel": 30,
        "appABIs": [
          "arm64-v8a"
        ],
        "useDebugKeystore": true,
        "keystorePath": "",
        "keystorePassword": "",
        "keystoreAlias": "",
        "keystoreAliasPassword": "",
        "appBundle": false,
        "androidInstant": false,
        "inputSDK": false,
        "remoteUrl": "",
        "sdkPath": "",
        "ndkPath": "",
        "javaHome": "",
        "javaPath": "",
        "renderBackEnd": {
          "vulkan": false,
          "gles3": true,
          "gles2": true
        },
        "swappy": false,
        "__version__": "1.0.1"
      }
    },
    "__version__": "1.3.7"
  }
}
