{
  "__version__": "1.3.7",
  "log": {
    "level": 4
  },
  "common": {
    "polyfills": {
      "asyncFunctions": true
    },
    "buildPath": "project://build",
    "outputName": "bytedance-mini-game",
    "mainBundleCompressionType": "merge_dep",
    "platform": "bytedance-mini-game",
    "debug": true,
    "scenes": [
      {
        "url": "db://assets/SetSlotTexture.scene",
        "uuid": "dc87340b-783c-4aa5-8535-a8c78b5054c9"
      }
    ],
    "startScene": "dc87340b-783c-4aa5-8535-a8c78b5054c9"
  },
  "BuildTaskManager": {
    "taskMap": {
      "1716971113854": {
        "type": "build",
        "id": "1716971113854",
        "progress": 1,
        "state": "success",
        "stage": "run",
        "message": "2024-5-29 17:52:03 run package D:\\Test\\VIP\\XingXiang\\CC38_Spine_SetSlotTexture\\CC_381_Spine_SetSlotTexture\\build\\web-mobile success!",
        "options": {
          "name": "CC_381_Spine_SetSlotTexture",
          "server": "",
          "platform": "web-mobile",
          "buildPath": "project://build",
          "debug": true,
          "md5Cache": false,
          "skipCompressTexture": false,
          "sourceMaps": false,
          "polyfills": {
            "asyncFunctions": true
          },
          "experimentalEraseModules": false,
          "startSceneAssetBundle": false,
          "bundleConfigs": [],
          "useBuiltinServer": false,
          "mainBundleIsRemote": false,
          "mainBundleCompressionType": "merge_dep",
          "useSplashScreen": true,
          "bundleCommonChunk": false,
          "packAutoAtlas": true,
          "startScene": "dc87340b-783c-4aa5-8535-a8c78b5054c9",
          "outputName": "web-mobile",
          "taskName": "web-mobile",
          "scenes": [
            {
              "url": "db://assets/SetSlotTexture.scene",
              "uuid": "dc87340b-783c-4aa5-8535-a8c78b5054c9"
            }
          ],
          "packages": {},
          "__version__": "1.3.7",
          "buildMode": "normal",
          "logDest": "project://temp/builder/log/web-mobile2024-5-29 16-25.log"
        },
        "time": "2024-5-29 17:51:37",
        "dirty": false
      },
      "1717038978122": {
        "type": "build",
        "id": "1717038978122",
        "progress": 1,
        "state": "success",
        "stage": "build",
        "message": "2024-5-30 17:48:22 build success in 7774 ms!",
        "options": {
          "name": "CC_381_Spine_SetSlotTexture",
          "server": "",
          "platform": "android",
          "buildPath": "project://build",
          "debug": true,
          "md5Cache": false,
          "skipCompressTexture": false,
          "sourceMaps": false,
          "polyfills": {
            "asyncFunctions": false
          },
          "experimentalEraseModules": false,
          "startSceneAssetBundle": false,
          "bundleConfigs": [],
          "useBuiltinServer": false,
          "mainBundleIsRemote": false,
          "mainBundleCompressionType": "merge_dep",
          "useSplashScreen": true,
          "bundleCommonChunk": false,
          "packAutoAtlas": true,
          "startScene": "dc87340b-783c-4aa5-8535-a8c78b5054c9",
          "outputName": "android",
          "taskName": "android",
          "scenes": [
            {
              "url": "db://assets/SetSlotTexture.scene",
              "uuid": "dc87340b-783c-4aa5-8535-a8c78b5054c9"
            }
          ],
          "packages": {},
          "__version__": "1.3.7",
          "buildMode": "normal",
          "logDest": "project://temp/builder/log/android2024-5-30 11-16.log"
        },
        "time": "2024-5-30 17:48:15",
        "dirty": false
      }
    }
  }
}
