{
  "__version__": "3.0.7",
  "builder": {
    "options": {
      "web-desktop": {
        "configID": "4ddbf1",
        "services": []
      },
      "web-mobile": {
        "configID": "4ddbf1",
        "services": []
      },
      "android": {
        "configID": "4ddbf1",
        "services": []
      },
      "bytedance-mini-game": {
        "configID": "4ddbf1",
        "services": []
      }
    },
    "taskOptionsMap": {
      "1716971113854": {
        "configID": "4ddbf1",
        "services": []
      },
      "1717038978122": {
        "configID": "4ddbf1",
        "services": []
      }
    },
    "__version__": "1.3.7"
  },
  "builder-options": {
    "configID": "4ddbf1",
    "services": [],
    "__version__": "3.0.7"
  }
}
