{
  "gizmos-infos": {
    "is2D": true,
    "is3DIcon": false,
    "iconSize": 2,
    "gridVisible": true,
    "gridColor": [
      166,
      166,
      166,
      255
    ],
    "transformToolName": "position",
    "pivot": "pivot",
    "coordinate": "local",
    "toolsVisibility3d": true
  },
  "__version__": "1.0.0",
  "builder": {
    "taskOptionsMap": {},
    "__version__": "1.3.7"
  },
  "": {
    "sculpt_brush_rotate": 0
  },
  "snap-configs": {
    "position": {
      "x": 1,
      "y": 1,
      "z": 1
    },
    "rotation": 1,
    "scale": 1,
    "isPositionSnapEnabled": false,
    "isRotationSnapEnabled": false,
    "isScaleSnapEnabled": false
  },
  "rect-snap-configs": {
    "enableSnapping": true,
    "snapThreshold": 4
  },
  "float-window": {
    "position": {
      "cc": {
        "Camera": {
          "dock": false,
          "top": null,
          "bottom": 10,
          "left": null,
          "right": 10
        }
      }
    }
  },
  "camera-infos": {
    "c77ecaa8-c936-46c4-a5b0-98692673ed87": {
      "position": {
        "x": 640,
        "y": 360.00000000000006,
        "z": 5000
      },
      "rotation": {
        "x": 0,
        "y": 0,
        "z": 0,
        "w": 1
      },
      "viewCenter": {
        "x": 0,
        "y": 0,
        "z": 0
      },
      "contentRect": {
        "x": 0,
        "y": 5.714997042631314e-14,
        "width": 1153.7777777777778,
        "height": 649
      },
      "scale": 0.9013888888888889
    },
    "ff5760df-6b1f-4707-89cc-2a37fa6aa38b": {
      "position": {
        "x": 963.0688710830873,
        "y": 671.4559443941332,
        "z": 5000
      },
      "rotation": {
        "x": 0,
        "y": 0,
        "z": 0,
        "w": 1
      },
      "viewCenter": {
        "x": 0,
        "y": 0,
        "z": 0
      },
      "contentRect": {
        "x": 646.1377421661746,
        "y": 622.9118887882663,
        "width": 1147,
        "height": 645.1875
      },
      "scale": 0.89609375
    },
    "dc87340b-783c-4aa5-8535-a8c78b5054c9": {
      "position": {
        "x": 760.9757493823541,
        "y": 462.1845834327449,
        "z": 5000
      },
      "rotation": {
        "x": 0,
        "y": 0,
        "z": 0,
        "w": 1
      },
      "viewCenter": {
        "x": 0,
        "y": 0,
        "z": 0
      },
      "contentRect": {
        "x": 392.6733109297285,
        "y": 405.7720306074028,
        "width": 568.0000076057795,
        "height": 87.00004965613942
      },
      "scale": 0.7711054127039682
    }
  },
  "camera-uuids": [
    "c77ecaa8-c936-46c4-a5b0-98692673ed87",
    "ff5760df-6b1f-4707-89cc-2a37fa6aa38b",
    "dc87340b-783c-4aa5-8535-a8c78b5054c9"
  ],
  "camera": {
    "color": [
      48,
      48,
      48,
      255
    ],
    "fov": 45,
    "far": 10000,
    "near": 0.01,
    "wheelSpeed": 0.01,
    "wanderSpeed": 10,
    "enableAcceleration": true,
    "size": "__default_design__",
    "far2D": 10000,
    "near2D": 1,
    "wheelSpeed2D": 6,
    "iso": 0,
    "aperture": 19,
    "shutter": 7
  }
}
