{
  "__version__": "1.0.1",
  "builder": {
    "common": {
      "polyfills": {
        "asyncFunctions": true
      },
      "buildPath": "project://build",
      "outputName": "web-mobile",
      "mainBundleCompressionType": "merge_dep",
      "platform": "web-mobile",
      "debug": true,
      "scenes": [
        {
          "url": "db://assets/SetSlotTexture.scene",
          "uuid": "dc87340b-783c-4aa5-8535-a8c78b5054c9"
        }
      ],
      "startScene": "dc87340b-783c-4aa5-8535-a8c78b5054c9"
    },
    "taskOptionsMap": {
      "1716971113854": {
        "orientation": "auto",
        "embedWebDebugger": false,
        "cullEngineAsmJsModule": false,
        "__version__": "1.0.1"
      }
    },
    "__version__": "1.3.7"
  }
}
