{
  "imports": {
    "cce:/internal/x/cc": "./chunks/93/93ba276ea7b26ffcdc433fab14afc1ed6f05647b.js",
    "cce:/internal/x/prerequisite-imports": "./chunks/6d/6d8fd2b0177941b032ddc0733af48a561fb60657.js",
    "file:///D:/Test/VIP/XingXiang/20240515002/TestEfkCamera/extensions/effekseer/assets/framework/efk_camera.ts": "./chunks/93/93aa16cc8c01c7a7c641f5204d1a1fabe7c852cf.js",
    "file:///D:/Test/VIP/XingXiang/20240515002/TestEfkCamera/extensions/effekseer/assets/framework/efk_component.ts": "./chunks/8a/8a8f367011b8edf51653febd1601df836f5f983a.js",
    "file:///D:/Test/VIP/XingXiang/20240515002/TestEfkCamera/extensions/effekseer/assets/framework/efk_config.ts": "./chunks/6b/6b647f480a877e2cb738521d12394625cb0b2dae.js",
    "file:///D:/Test/VIP/XingXiang/20240515002/TestEfkCamera/extensions/effekseer/assets/framework/efk_material.ts": "./chunks/47/4740a71293434daac5eaed353057fc2d5c18da6f.js",
    "file:///D:/Test/VIP/XingXiang/20240515002/TestEfkCamera/extensions/effekseer/assets/framework/efk_model.ts": "./chunks/ca/cadfcab7b04fc1c3b55372fca1d2d6f8de6af64b.js",
    "file:///D:/Test/VIP/XingXiang/20240515002/TestEfkCamera/extensions/effekseer/assets/framework/efk_render.ts": "./chunks/05/05bd4764c42e12e1a1608b9f668e75552f1c7a11.js",
    "file:///D:/git/zhefeng-engine/editor/assets/tools/debug-view-runtime-control.ts": "./chunks/d2/d200d91708421cdc5a07c6925b8b702161793f06.js"
  },
  "scopes": {
    "./chunks/93/93ba276ea7b26ffcdc433fab14afc1ed6f05647b.js": {
      "__unresolved_0": "cce:/internal/x/cc-fu/base",
      "__unresolved_1": "cce:/internal/x/cc-fu/gfx-webgl",
      "__unresolved_10": "cce:/internal/x/cc-fu/particle",
      "__unresolved_11": "cce:/internal/x/cc-fu/particle-2d",
      "__unresolved_12": "cce:/internal/x/cc-fu/physics-framework",
      "__unresolved_13": "cce:/internal/x/cc-fu/physics-2d-framework",
      "__unresolved_14": "cce:/internal/x/cc-fu/physics-2d-box2d-wasm",
      "__unresolved_15": "cce:/internal/x/cc-fu/intersection-2d",
      "__unresolved_16": "cce:/internal/x/cc-fu/primitive",
      "__unresolved_17": "cce:/internal/x/cc-fu/profiler",
      "__unresolved_18": "cce:/internal/x/cc-fu/geometry-renderer",
      "__unresolved_19": "cce:/internal/x/cc-fu/audio",
      "__unresolved_2": "cce:/internal/x/cc-fu/gfx-webgl2",
      "__unresolved_20": "cce:/internal/x/cc-fu/video",
      "__unresolved_21": "cce:/internal/x/cc-fu/xr",
      "__unresolved_22": "cce:/internal/x/cc-fu/light-probe",
      "__unresolved_23": "cce:/internal/x/cc-fu/terrain",
      "__unresolved_24": "cce:/internal/x/cc-fu/webview",
      "__unresolved_25": "cce:/internal/x/cc-fu/tween",
      "__unresolved_26": "cce:/internal/x/cc-fu/tiled-map",
      "__unresolved_27": "cce:/internal/x/cc-fu/spine",
      "__unresolved_28": "cce:/internal/x/cc-fu/dragon-bones",
      "__unresolved_29": "cce:/internal/x/cc-fu/custom-pipeline",
      "__unresolved_3": "cce:/internal/x/cc-fu/gfx-empty",
      "__unresolved_4": "cce:/internal/x/cc-fu/3d",
      "__unresolved_5": "cce:/internal/x/cc-fu/animation",
      "__unresolved_6": "cce:/internal/x/cc-fu/skeletal-animation",
      "__unresolved_7": "cce:/internal/x/cc-fu/2d",
      "__unresolved_8": "cce:/internal/x/cc-fu/sorting",
      "__unresolved_9": "cce:/internal/x/cc-fu/ui"
    },
    "./chunks/6d/6d8fd2b0177941b032ddc0733af48a561fb60657.js": {
      "__unresolved_0": "./chunks/93/93aa16cc8c01c7a7c641f5204d1a1fabe7c852cf.js",
      "__unresolved_1": "./chunks/8a/8a8f367011b8edf51653febd1601df836f5f983a.js",
      "__unresolved_2": "./chunks/6b/6b647f480a877e2cb738521d12394625cb0b2dae.js",
      "__unresolved_3": "./chunks/47/4740a71293434daac5eaed353057fc2d5c18da6f.js",
      "__unresolved_4": "./chunks/ca/cadfcab7b04fc1c3b55372fca1d2d6f8de6af64b.js",
      "__unresolved_5": "./chunks/05/05bd4764c42e12e1a1608b9f668e75552f1c7a11.js",
      "__unresolved_6": "./chunks/d2/d200d91708421cdc5a07c6925b8b702161793f06.js"
    },
    "./chunks/d2/d200d91708421cdc5a07c6925b8b702161793f06.js": {
      "cc": "./chunks/93/93ba276ea7b26ffcdc433fab14afc1ed6f05647b.js"
    },
    "./chunks/05/05bd4764c42e12e1a1608b9f668e75552f1c7a11.js": {
      "__unresolved_0": "./chunks/6a/6a5019a719a9014c047e67aa1cf34453ab8392ce.js",
      "__unresolved_1": "./chunks/ca/cadfcab7b04fc1c3b55372fca1d2d6f8de6af64b.js",
      "__unresolved_2": "./chunks/47/4740a71293434daac5eaed353057fc2d5c18da6f.js",
      "cc": "./chunks/93/93ba276ea7b26ffcdc433fab14afc1ed6f05647b.js"
    },
    "./chunks/47/4740a71293434daac5eaed353057fc2d5c18da6f.js": {
      "cc": "./chunks/93/93ba276ea7b26ffcdc433fab14afc1ed6f05647b.js"
    },
    "./chunks/ca/cadfcab7b04fc1c3b55372fca1d2d6f8de6af64b.js": {
      "cc": "./chunks/93/93ba276ea7b26ffcdc433fab14afc1ed6f05647b.js"
    },
    "./chunks/6b/6b647f480a877e2cb738521d12394625cb0b2dae.js": {
      "__unresolved_0": "./chunks/6a/6a5019a719a9014c047e67aa1cf34453ab8392ce.js",
      "__unresolved_1": "./chunks/05/05bd4764c42e12e1a1608b9f668e75552f1c7a11.js",
      "cc": "./chunks/93/93ba276ea7b26ffcdc433fab14afc1ed6f05647b.js"
    },
    "./chunks/8a/8a8f367011b8edf51653febd1601df836f5f983a.js": {
      "__unresolved_0": "./chunks/6a/6a5019a719a9014c047e67aa1cf34453ab8392ce.js",
      "__unresolved_1": "./chunks/05/05bd4764c42e12e1a1608b9f668e75552f1c7a11.js",
      "cc": "./chunks/93/93ba276ea7b26ffcdc433fab14afc1ed6f05647b.js"
    },
    "./chunks/93/93aa16cc8c01c7a7c641f5204d1a1fabe7c852cf.js": {
      "__unresolved_0": "./chunks/6a/6a5019a719a9014c047e67aa1cf34453ab8392ce.js",
      "__unresolved_1": "./chunks/05/05bd4764c42e12e1a1608b9f668e75552f1c7a11.js",
      "cc": "./chunks/93/93ba276ea7b26ffcdc433fab14afc1ed6f05647b.js"
    }
  }
}
